:020000040800F2
:1000000088460020B10100089D500008D114000866
:10001000893F0008E10C0008BFAD000800000000A7
:10002000000000000000000000000000156900084A
:10003000DD0D000800000000A5550008217700082C
:10004000CB010008CB010008CB010008CB01000860
:10005000CB010008CB010008210E0008CB010008ED
:10006000CB010008CB010008CB010008CB01000840
:10007000CB010008CB010008CB010008CB01000830
:10008000CB010008CB010008CB010008CB01000820
:10009000CB010008CB010008CB010008CB01000810
:1000A000CB010008CB010008CB010008CB01000800
:1000B0000178000859780008CB010008CB0100083E
:1000C000CB010008CB010008CB010008CB010008E0
:1000D000CB010008CB010008CB010008CB010008D0
:1000E000D90F0008CB010008CB010008CB010008A4
:1000F000CB010008CB010008CB010008CB010008B0
:10010000CB010008CB010008A9780008CB0100084A
:10011000CB010008CB010008857A0008CB0100085C
:10012000CB010008CB010008CB010008CB0100087F
:10013000CB010008CB010008CB010008CB0100086F
:10014000CB010008CB010008CB010008CB0100085F
:10015000CB010008CB010008CB01000879AB0008F7
:10016000CB010008CB010008CB010008CB0100083F
:10017000CB010008CB010008CB010008CB0100082F
:10018000CB010008CB010008DFF810D000F00AFC1A
:100190000048004781BF0008AFF300808846002078
:1001A00030BF72B6704762B6704780F308887047F8
:1001B0000648804706480047FEE7FEE7FEE7FEE701
:1001C000FEE7FEE7FEE7FEE7FEE7FEE799770008B9
:1001D000890100082DE9F05F0546002092469B4604
:1001E00088460646814640241BE02846414647464D
:1001F000224600F0A0FA53465A46C01A914110D345
:1002000011461846224600F087FA2D1A67EB0108BE
:100210004F4622460120002100F07EFA17EB00092C
:100220004E41201EA4F10104DFDC484631462A4637
:100230004346BDE8F09FD2B201E000F8012B491E11
:10024000FBD270470022F6E710B513460A46044673
:100250001946FFF7F0FF204610BD421C10F8011BA5
:100260000029FBD1801A704710B5002200E0521C13
:10027000835C8C5CA34201D1002BF8D1D8B2E1B2EF
:10028000401A10BD034611F8012B00F8012B002A7B
:10029000F9D11846704730B505460020034600E006
:1002A0005B1C934205D2EC5CC85C201A01D1002C87
:1002B000F6D130BD2DE9FE4F804681EA0300C00F24
:1002C0000C46009021F0004123F00045B8EB0200FD
:1002D000A94105D24046214690461C460B4602469F
:1002E00023F00040104347D0270DC7F30A00C3F3A3
:1002F0000A510290401A019040286BDAC3F31300B0
:1003000040F4801B0098924620B10023D2EB030AF0
:1003100063EB0B0B01985946C0F14002504600F0C8
:10032000FBF906460D4650465946019A00F013FA6D
:1003300010EB08006141002487EA115284EAE77358
:100340001A4340D0009A62B3019A012A4FEA075239
:1003500015DC001B61EB02014FF0004202EA07527C
:10036000CDE90042001C41F5801132462B4600F0D9
:100370004AFA03B0BDE8F08F40462146F9E7001B7A
:1003800061EB0201001C41F5801300185B4120184D
:10039000A2F5001747EB030140EAD570B6196D418D
:1003A00011E06D084FEA360645EAC0754FEA07527C
:1003B000001B61EB0201001C41F5801149084FEA66
:1003C00030000019514132462B4603B0BDE8F04FD2
:1003D00000F00ABA0098012240000023D0EB02028C
:1003E00063EBE073009821464FEAE074B8EB00003D
:1003F00061EB0401E9E783F000435BE781F0004132
:1004000058E72DE9FE4F81EA030404F0004421F08F
:10041000004100944FF0000B23F0004350EA010428
:100420005ED052EA03045BD0C3F30A54C1F30A5509
:100430002C44A4F2F3340194A0FB0254C1F3130141
:1004400041F48011C3F3130343F4801301FB02440E
:1004500000FB034E840A970A44EA815447EA835713
:10046000A4FB076802958D0A05FB07854FEA932CCC
:1004700004FB0C542705029D4FEA065847EA16373D
:10048000B5EB08056EEB070C870E920E47EA811755
:1004900042EA8312A7FB0201B6EB0B0164EB0004F6
:1004A0002B0D43EA0C335E1844EB1C50DA465146E0
:1004B000E7FB0201C5F313044FEA0B3343EA14537D
:1004C0004FEA0432019C43EA0603A4F10C040294AF
:1004D000009CCDE900B400F096F903B0BDE8F08FC0
:1004E00000200146F9E72DE9F04D81EA030404F00C
:1004F000004B21F0004514464FF0000A23F0004164
:1005000050EA050220D054EA01021DD0C5F30A5773
:100510000246C5F31303C1F31300C1F30A5640F4B6
:10052000801543F48013A7EB0608101BD64608F28B
:10053000FD3873EB050002D308F1010801E09218C1
:100540005B41B8F1000F03DA00200146BDE8F08DF1
:1005500000204FF48011064684460EE0171B73EB13
:10056000050705D3121B63EB050306434CEA010C98
:1005700049084FEA300092185B4150EA0107EDD17B
:1005800052EA030012D082EA040083EA050108431C
:1005900005D0101BAB4106D20122002306E0002249
:1005A0004FF0004302E06FF0010253101AEB060017
:1005B0004CEB085110EB0A0041EB0B01BDE8F04D8C
:1005C00000F012B930B4044696230800214604D046
:1005D000B62330BC002200F0D9B820460021F8E74D
:1005E0000EB5C10F80EAE0700844CA07002140F24E
:1005F00033438DE80E000A460B4600F004F903B0C1
:1006000000BD0EB540F2334102910021CDE9001149
:100610000A460B4600F0F7F803B000BD3EB5CA1716
:10062000CB0F002450405140C0186141DA0740F21E
:1006300033430094CDE901232246234600F0E3F83A
:1006400003B030BD0EB540F2334202920022CDE934
:100650000022134600F0D7F803B000BDC1F30A52E0
:1006600010B5C1F3130140F2FF3341F480119A42F7
:1006700001DA002010BD40F233439A42A2F2334225
:1006800003DC524200F057F810BD904010BD00F05E
:10069000004230F000400AD0C10D01F56071C0F396
:1006A000160042EA0151C20840071143704700207A
:1006B0000146704701F0004330B421F0004150EA98
:1006C000010206D00A0DA2F56072C1F31301002ADF
:1006D00002DC30BC00207047440F44EAC104C10072
:1006E000E01830BC00EBC25000F047B830B50B4604
:1006F000014600202022012409E021FA02F59D4252
:1007000005D303FA02F5491B04FA02F52844151E25
:10071000A2F10102F1DC30BD202A04DB203A00FA0C
:1007200002F1002070479140C2F1200320FA03F348
:10073000194390407047202A04DB203A21FA02F046
:100740000021704721FA02F3D040C2F1200291400B
:10075000084319467047202A06DBCB17203A41FA96
:1007600002F043EAE07306E041FA02F3D040C2F13E
:10077000200291400843194670470029A8BF7047DE
:10078000401C490008BF20F00100704710B4B0FAC7
:1007900080FC00FA0CF050EA010404BF10BC704762
:1007A00049B1CCF1200421FA04F411FA0CF118BF7C
:1007B000012121430843A3EB0C01CB1D4FEA00614B
:1007C0004FEA102042BF002010BC704700EBC3501E
:1007D00010440029A4BF10BC7047401C490008BF4A
:1007E00020F0010010BC704710B5141E73F1000416
:1007F00008DA401C41F1000192185B411A4301D113
:1008000020F0010010BD2DE9F04D92469B4611B13C
:10081000B1FA81F202E0B0FA80F220329046FFF79E
:100820007BFF04460F4640EA0A0041EA0B015346AB
:100830005A46084313D0114653EA010019D0C8F1B3
:1008400040025046FFF777FF05460E465046594690
:100850004246FFF761FF084305D0012004E020462F
:100860003946BDE8F08D0020054346EAE0762C438A
:1008700037430A986305E40AA0EB08000022FD0A4A
:1008800044EA47540A3002D500200146E9E7010551
:1008900010196941DDE9084500196941BDE8F04DCD
:1008A000A2E72DE9F04D00231A461B1A8A4103DB0B
:1008B00000200146BDE8F08DC1F30A52C1F31301D7
:1008C00041F480154FF0000BD10702D100186D41A3
:1008D000521E0027044640F2FF11384601EB620A1F
:1008E0003E468046024600204FF48011FFF723FF6A
:1008F000C2197141BB1846EB0100B4EB030C75EB58
:10090000000C04D3E41A65EB000517460E462419C3
:1009100008F101006D4180463428E3DDF91946EB0A
:100920000600091BA84103D24FF0FF32134601E035
:10093000002213461BEB070046EB0A51BDE8F04DC1
:10094000FFF752BFC1F30A52C1F3130140F2FF3364
:1009500041F480119A4202DA00200146704740F2C9
:1009600033439A42A2F2334202DC5242FFF7E3BE23
:10097000FFF7D2BE30B5041E71F1000404DB4FF066
:100980000044404264EB0101141E73F1000405DBD6
:100990001C464FF00043524263EB0403994208BFE8
:1009A000904230BD064C074D06E0E06840F0010380
:1009B00094E8070098471034AC42F6D3FFF7E8FB01
:1009C00014E3000834E3000870B58C1810F8015BDC
:1009D00015F0070301D110F8013B2A1106D110F8D8
:1009E000012B03E010F8016B01F8016B5B1EF9D1DC
:1009F0002B0705D40023521E0DD401F8013BFAE762
:100A000010F8013BCB1A921C03E013F8015B01F8CC
:100A1000015B521EF9D5A142D8D3002070BD70B53C
:100A200005460C46012D04D12046E11700F014F8CC
:100A300010E0022D04D12046E11700F04FF809E044
:100A4000032D07D12046E11700F006F82046E117F4
:100A500000F044F870BD000070B52DED088B054620
:100A60000E4628463146FFF7D9FD9FED150B53EC96
:100A7000102BFFF7C6FC9FED140B53EC102BFFF768
:100A800019FC9FED130B53EC102BFFF713FCFFF732
:100A9000E5FD84B210201049088304204883201209
:100AA00005F030FEE0B205F02DFE10200A49488323
:100AB0000420088308200883BDEC088B70BD00006B
:100AC0000000000000002040000000000000E03FA7
:100AD00000000000C0FFDF400000024070B52DEDB7
:100AE000088B05460E4628463146FFF797FD9FEDD9
:100AF000150B53EC102BFFF784FC9FED140B53ECFC
:100B0000102BFFF7D7FB9FED130B53EC102BFFF7C8
:100B1000D1FBFFF7A3FD84B2102010490883082001
:100B20004883201205F0EEFDE0B205F0EBFD102049
:100B30000A4948830420088308200883BDEC088BF9
:100B400070BD000000000000000020400000000018
:100B50000000E03F00000000C0FFDF400000024056
:100B600010B500F0DFFC10BD70B506460C4615460A
:100B700008E03046721C96B200F007F804F8010B4A
:100B8000681E85B2002DF4D170BD70B504460026F4
:100B900000F07AFDA02000F043FD00F0C1FD20121E
:100BA00000F03EFD00F0BCFD2546E11704EB1161AD
:100BB0000912A4EB0121C8B200F032FD00F0B0FD33
:100BC00000F062FDA12000F02BFD00F0A9FD002047
:100BD00000F0F4FC064600F07DFD304670BD70B5B7
:100BE00005460C46164606E02178284600F009F82E
:100BF000681C85B2641C301EA6F101018EB2F3D1CF
:100C000070BD70B504460E4600F03EFDA02000F019
:100C100007FD00F085FD201200F002FD00F080FDD0
:100C20002546E11704EB11610912A4EB0121C8B2BA
:100C300000F0F6FC00F074FD304600F0F1FC00F02E
:100C40006FFD00F047FD0A2000F0CAF870BD0000FB
:100C50001CB50121202005F0B3FB0121402005F047
:100C6000AFFB01208DF8040000208DF80600032062
:100C70008DF8050001208DF80700202000906946BE
:100C8000014800F055FB1CBD001802401CB50AF0DD
:100C9000C5FE0121042005F093FB3F2000900020B9
:100CA0008DF8040001208DF8070069460B4800F01C
:100CB0003FFB4FF47C60009001208DF80400002081
:100CC0008DF8060003208DF8050001208DF807003F
:100CD0006946024800F02CFB1CBD000000080240E1
:100CE00000BFFEE770B502464FF6FF70002313E029
:100CF00012F8015B684000240AE000F0010525B10C
:100D00004AF2010585EA600000E04010651CECB283
:100D1000082CF2DB5D1CEBB28B42E9DB70BD0000FE
:100D200000B585B00121022005F04AFB01218803AE
:100D300005F086FB4FF46040039000208DF8100012
:100D400001208DF8130003A9234800F0F1FA0D21CA
:100D5000012005F0E1FD0F21012005F0DDFD4FF43C
:100D60000050009000208DF8040010208DF8050040
:100D700001208DF80600684600F084F928208DF8DF
:100D8000080003208DF809008DF80A0001208DF875
:100D90000B0002A804F084F94FF4004000900020FA
:100DA0008DF8040010208DF8050001208DF8060054
:100DB000684600F067F928208DF8080003208DF8B8
:100DC00009008DF80A0001208DF80B0002A804F03C
:100DD00067F905B000BD0000000402407047000044
:100DE00001B504490098086000BF02480068002867
:100DF000FBD108BD0C00002010B50021074806F00B
:100E000070FE002005492431086004492C31086037
:100E10004FF6FE7001491031088010BD000C0040F3
:100E200070B5012000F022F900287DD0604880785C
:100E3000032863D15F48007818B15E480078012824
:100E40005CD15B484078012806D15948D0F8880029
:100E500059494968086008E05548407828B954481D
:100E6000D0F8300154494968086002200BF033FE85
:100E70005248006801282DD1002051490860012006
:100E80005049C1F8800200214F48817001204F492C
:100E9000087000204E4908604D482438008840F012
:100EA00001004B49243908804248007840B9424A41
:100EB000526811683E4A5078012204F04BF973E001
:100EC0003D4A526812685142394A5078012204F072
:100ED00041F969E039480068002865D1344948780B
:100EE0000122002104F036F9012035490860002074
:100EF0003449C1F880023549087055E02C488078A3
:100F0000032851D12B480078022803D029480078C3
:100F1000032849D105200BF0DEFD28480068012890
:100F200042D10024002500E041E02148407801281A
:100F300009D11F48D0F888001F49496808601C483B
:100F4000D0F890500BE01A48407840B91848D0F8D3
:100F500030011949496808601548D0F8385115B36F
:100F600001201C490860FA20B5FBF0F0441E483C03
:100F700000201349086001201249C1F880020021B5
:100F80001148817001201149087000201049086043
:100F90000F482438008840F001000D4924390880AA
:100FA000204600F0B9F800BF012000F059F870BDEC
:100FB00048000020C0010020A00200200082404222
:100FC000800240420000424284020020DC020020F5
:100FD00024040040EC01002010B51B48006800F418
:100FE000005080B364200AF069FD18480068184971
:100FF000D1F8381288420DD016480078401C1549A7
:1010000008701548007890B113480078401E1249C6
:1010100008700CE010480078401C0F4908700D481B
:10102000007820B10B480078401E0A4908700B4830
:10103000408910B90120094948810348006840F4FB
:1010400000500149086010BD143C01403482404208
:1010500000804042E4020020E5020020C806002093
:101060000149086070470000143C0140014600201F
:10107000034A12680A400AB1012000E000207047CC
:10108000143C0140002123498279002A3AD00A46C3
:10109000126803689A430B461A600A1D12680368B7
:1010A0009A430B1D1A60027911440A6803681A43B7
:1010B0000A60184A0832126803689A43154B0833CD
:1010C0001A601A1D126803689A43124B0C331A6097
:1010D0004279102A0ED11A1F126803681A430D4B69
:1010E00008331A601A1D126803681A43094B0C333F
:1010F0001A600DE00749427911440A6803681A43EF
:101100000A6005E0027911440A6803689A430A609C
:1011100070470000003C014070B504460025284897
:10112000007840B9274A52681168274A507801224E
:1011300004F010F823E022480078012809D1214A60
:10114000526812685142204A5078012204F002F895
:1011500015E01B480078022808D11A4A5268116825
:10116000194A5078012203F0F5FF08E0154A526849
:1011700012685142144A5078012203F0EBFF1048E4
:101180000078012801DC651C01E0601C45080F485F
:10119000056000200D49083908604FF6FE700B49C4
:1011A0001C39088009482C38008840F001000749A4
:1011B0002C3908800120064908600649086070BD86
:1011C000C0010020A0020020480000202C0C00409C
:1011D00084824042D002002051B18200A2F1C0427C
:1011E000126842F001038200A2F1C042136009E0DC
:1011F0008200A2F1C0421268034B1A408300A3F19F
:10120000C0431A6070470000FEFF0F0030B5002198
:10121000002200230468A400A4F1C0442168424CC9
:101220002140D0E901452C43C5682C4305692C4376
:1012300045692C4385692C43C5692C43056A2C43B9
:10124000456A2C43856A2C43C56A2C43056B2C43A5
:1012500021430468A400A4F1C04421608468082CE0
:101260000BD10468A400A4F1C044246844F04005F4
:101270000468A400A4F1C04425600468641CA400B0
:10128000A4F1C044226802F04042446B2468456BDC
:101290006D6844EA0514456BAD6844EA0524456B66
:1012A000AD8944EA0544456B2D8A44EA0554456BF3
:1012B0002D7D44EA0564456BAD692C4322430468E7
:1012C000641CA400A4F1C0442260C46AB4F5804F39
:1012D00020D10468A400A4F1C044D4F80431134C14
:1012E0002340846B2468856B6D6844EA0514856B24
:1012F000AD6844EA0524856BAD8944EA0544856BF5
:10130000AD692C4323430468A400A4F1C044C4F88D
:10131000043107E06FF070450468A400A4F1C044F4
:10132000C4F8045130BD00008000F7FF0000F0CF8A
:10133000F0B50A4600210023002400BF3DE001254E
:1013400005FA01F3156805EA03049C4234D10568E7
:101350004F000326BE40B543056015794E00B540E9
:101360000668354305601579012D02D01579022DE7
:1013700016D185684F000326BE40B5438560557978
:101380004E00B540866835438560456801268E402D
:10139000B5434560456896798E40B6B235434560A1
:1013A000C5684F000326BE40B543C560D5794E00E1
:1013B000B540C6683543C560491C1029BFD3F0BD90
:1013C000F0B5002300244D07ED0E02FA05F3CE1010
:1013D00000F1200555F826504E07F70E0F26BE40A7
:1013E000B543CF1000F1200646F82750CE1000F18B
:1013F000200555F8265045EA0304CE1000F12005DB
:1014000045F82640F0BD41837047018370470000D6
:1014100070B52DED088B054600249FED1E0AB0EE39
:10142000408A0021284605F0D1F80446B4F5004F63
:1014300011DA2046FFF7E5F841EC1A0B9FED160B89
:1014400053EC102BFEF7DDFF41EC190BFFF732F9DF
:1014500008EE100A19E0E043401CFFF7C1F841EC28
:101460001B0B9FED0D0B53EC102BFEF7CAFF41EC4D
:101470001A0B9FED0B0B53EC102BFEF7BFFF41EC4B
:10148000190BFFF717F908EE100AB0EE480ABDEC89
:10149000088B70BD00000000000000000000803FCD
:1014A000000000000000000010B516220749E620E9
:1014B000FFF75AFB0548D0F81200401C0349C1F859
:1014C00012001622E620FFF78AFB10BD4803002019
:1014D00000BFFEE710B500200F4908600F48006804
:1014E00020F440000D4908600846006840F4800080
:1014F000086000200A49C1F8AC0204200AF0DEFAB4
:1015000001200549086004200AF0D8FA00200449A7
:10151000C1F8A80210BD0000A882404200040240A9
:10152000008040421CB50121022004F049FF4FF425
:101530004060009001208DF804008DF80600032023
:101540008DF8050001208DF8070069460448FFF773
:10155000EFFE0120034908600349C1F8A8021CBD41
:1015600000040240AC8240420080404210B500209E
:101570000F4908600F48006820F440000D490860DA
:101580000846006840F48000086001200A49C1F85C
:10159000AC0204200AF092FA0120054908600420F8
:1015A0000AF08CFA00200449C1F8A80210BD00001E
:1015B000A8824042000402400080404270B50546C7
:1015C00000241448006820F44000124908600026F6
:1015D00016E000201049086004200AF06FFA01208C
:1015E0000E49C1F8A8026006040E0B487C3800685A
:1015F00008B1601CC4B202200AF060FA701CC6B2C6
:10160000082EE6DB15B9FFF7B1FF01E0FFF762FF37
:10161000204670BD00040240A88240420080404243
:1016200070B504461548006820F44000134908606E
:101630000846006840F480000860002010490860F7
:10164000002517E0E0090E49091D08606006040E38
:1016500004200AF033FA01200A49C1F8A802042044
:101660000AF02CFA00200649086004200AF026FA45
:10167000681CC5B2082DE5DB70BD00000004024007
:10168000A88240420080404210B50F48006820F414
:1016900040000D4908600846006840F4800008607A
:1016A00001200A4908600A49C1F8A80208200AF086
:1016B00005FA00200549086008200AF0FFF900201B
:1016C0000349C1F8A80210BD00040240AC824042A8
:1016D0000080404210B50F48006820F440000D49DA
:1016E00008600846006840F48000086000200A494D
:1016F00008600A49C1F8AC0208200AF0DFF90120AD
:101700000549086008200AF0D9F901200349C1F809
:10171000AC0210BD00040240A8824042008040425A
:1017200010B500241248006820F4400010490860F9
:1017300001201049086002200AF0C0F901200E497A
:10174000C1F8A80202200AF0B9F907E0601CC4B28F
:10175000FA2C03DDFFF7BEFF012010BD05488038DD
:1017600000680028F2D10349091F086000BFF4E7B0
:1017700000040240AC824042008040421CB501217E
:10178000084604F01DFE0121022004F019FE01218B
:10179000022004F015FE0121082004F011FE0121B1
:1017A000102004F00DFE0121202004F009FE01218B
:1017B000402004F005FE4FF400406649088048F2DE
:1017C0004000009001208DF8040000208DF80600F4
:1017D00003208DF8050001208DF8070069465E485A
:1017E000FFF7A6FD4020009001208DF804000020A6
:1017F0008DF8060003208DF8050001208DF8070004
:1018000069465648FFF794FD082000906946514804
:101810001A38FFF78DFD4FF40C4000906946504890
:10182000FFF786FD0C214C48FFF7EFFD4FF4004118
:101830004948FFF7E8FD41F60110009001208DF8BE
:10184000040000208DF8060003208DF8050001201B
:101850008DF8070069464048FFF76AFD4FF4307085
:10186000009001208DF8040000208DF80600032070
:101870008DF8050001208DF8070069463948FFF70B
:1018800057FD43F24C00009001208DF80400002029
:101890008DF8060003208DF8050001208DF8070063
:1018A00069463148FFF744FD4F20009001208DF834
:1018B000040000208DF8060003208DF805000120AB
:1018C0008DF8070069462548FFF732FD48F2010010
:1018D000009001208DF8040000208DF80600032000
:1018E0008DF8050001208DF80700694619481A385F
:1018F000FFF71EFD00201D4908601D49C1F8800248
:101900001A49091D086001201A490860091D08606C
:10191000091D0860091D086017490860174908601B
:10192000164910310860091F086010490C31086021
:1019300011492C390860091D08600F491C390860DD
:101940000D49091F08600E490860C003014908805D
:101950001CBD00001A1402400000024000100240AA
:101960000018024000040240000C024098824042ED
:101970000000404280024242B4824142A002404202
:10198000808242424CF6CC4001490860704700001A
:10199000003000404AF6AA20014908607047000064
:1019A00000300040014948607047000000300040AE
:1019B000014988607047000000300040014908601C
:1019C00070470000003000402DE9FC470027002050
:1019D0000090019080468146002400254FF4A060CD
:1019E00003F09AFB00F034FA4FF47A61052009F015
:1019F000BBFAFFF7C3FE4FF4E13009F0E3F987A02B
:101A000009F0C4FA864809F0C1FA86A009F0BEFAC6
:101A100009F0A6FA04200AF073F80AF0CDF801F0F4
:101A200065FB4FF4E13183A009F0B0FA0520FFF720
:101A3000D7F909F095FA08208949088089A009F0AA
:101A4000A5FA8FA009F0A2FA9620FFF7C9F909F0CC
:101A500087FA01F07BFA95A009F098FAFFF7F8F8F9
:101A600096A009F093FAFFF71FFD9848D0F81210DE
:101A700097A009F08BFA0AF02FF909F071FAFFF735
:101A800005F998A009F082FA04F0CCFD00210320AA
:101A9000FEF7C5FF97A009F079FAFFF741F9A0A07A
:101AA00009F074FA09F05CFA06F03CFB06F0B2FBB0
:101AB000A0A009F06BFA002003F0CEFA05F008FEB2
:101AC00009F04EFA0AF082F99FEDA10A06F0C0F97A
:101AD00006F072FA00F03CFB09F042FA9DA009F012
:101AE00055FA4FF4FA70FFF77BF909F039FA00F074
:101AF00055FC9C4881889CA009F048FA4FF4FA7084
:101B0000FFF76EF909F02CFAFFF72AF89DA009F00B
:101B10003DFA0AF07DFF09F023FA3220FFF760F961
:101B200002F034FA9CA009F031FA09F019FA08F031
:101B30002DF909F015FA40F2E734532529462046DD
:101B400006F058F998A009F021FA2A4621469BA0F0
:101B500009F01CFA601C691C10FB01F090FBF1F607
:101B600031469CA009F012FA09F0FAF9142142F268
:101B70000F7006F011F942F2CF01204606F0DEF8B0
:101B80003220FFF72DF909F0EBF9002098490860A1
:101B90009848007818B197480078012802D106F0DB
:101BA000C1FA01E006F0FAFA09F0DAF900209249E8
:101BB000086001209149C1F880028F49091D086021
:101BC00000208F490860091D0860091D0860091D73
:101BD00008608C4908608C4908608B4910310860A6
:101BE000091F086084490C31086086492C39086057
:101BF000091D086083491C3908608249091F086073
:101C00007B49303908600223032211467FA009F086
:101C1000BDF985A009F0BAF9BDE8FC870D0A0000FE
:101C2000D0E200084D4355205374617274210D0AAF
:101C30000000000044656267755F55617274206939
:101C40006E6974204F4B212062617564207261744B
:101C5000653D2564206269742F730D0A0D0A00002A
:101C600018140240416E676C6F6720706F77657261
:101C700020686173206F70656E210D0A00000000FE
:101C80005761697420666F7220616E616C6F6720A6
:101C9000706F77657220746F2073746162696C690C
:101CA0007A652E2E2E2E2E2E210D0A004C45445FD5
:101CB000496E6974204F4B210D0A00004265657022
:101CC0005F496E6974204F4B210D0A0048030020C4
:101CD0004D43555F504F525F54696D65733A2564AB
:101CE0000D0A000042746E5F496E6974204F4B21EB
:101CF0000D0A00004144353534325F496E69742065
:101D00004F4B2C53657420414435353432204F7588
:101D10007470757420746F207A65726F210D0A00DB
:101D2000436F6465635F496E6974204F4B210D0AF0
:101D300000000000547269676765724578494E314A
:101D4000325F496E6974204F4B210D0A000000007C
:101D5000000000005265736574204C4344210D0A55
:101D600000000000204200204C4344204F4B212023
:101D70004C43444445565F49443D307825780D0A2C
:101D800000000000415432344358585F496E697472
:101D9000204F4B210D0A00004765742050617220CE
:101DA0004F4B0D0A00000000496E69742054696DA4
:101DB000657236204F4B210D0A00000054696D6595
:101DC0007236204152523D25642C5053433D2564C8
:101DD0000D0A000054696D657236204F7665726693
:101DE0006C6F775F74696D653D256475730D0A00CE
:101DF000B0824242C001002098824042000040422E
:101E000080024242B4824142A0024042736F667433
:101E1000776172655F76657273696F6E3A25642EBD
:101E200025642E25640D0A0048617264776172652D
:101E300020696E6974204F4B21205379732072758D
:101E40006E6E696E672E2E2E2E2E2E0D0A0D0A0036
:101E500010B5104800684FF47A71B0FBF1F4601EC1
:101E6000B0F1807F00D30FE0601E4FF0E0214861A9
:101E70000F214FF0FF3003F059F900204FF0E0211F
:101E800088610720086100BF0021481E03F04EF959
:101E900010BD0000300300200146062935DA00207D
:101EA000A94A10600120A94AC2F89C02A64A083239
:101EB0001060121D1060121D1060A44AC2F8AC021E
:101EC000A1489838006808B9002070479E489438A7
:101ED000006808B90120F8E79B489038006808B905
:101EE0000220F2E798488C38006808B90320ECE734
:101EF00095488838006808B90420E6E79248843895
:101F00000068002873D10520DFE70C2936DA0120AC
:101F10008D4A106000208D4AC2F89C0201208A4A36
:101F200008321060121D1060121D1060874AC2F83E
:101F3000AC0285489838006808B90620C5E7824891
:101F40009438006808B90720BFE77F4890380068D8
:101F500008B90820B9E77C488C38006808B909201E
:101F6000B3E779488838006808B90A20ADE77648B1
:101F7000843800680028C5D10B20A6E7122937DA7B
:101F80000120714A1060714AC2F89C0200206E4A1A
:101F9000083210600120121D1060121D10606B4A83
:101FA000C2F8AC0268489838006808B90C208CE781
:101FB00065489438006808B90D2086E76248903873
:101FC000006808B90E2080E75F488C38006808B9BF
:101FD0000F207AE75C488838006808B9102074E759
:101FE00059488438006800288CD111206DE7A1E0A1
:101FF000182936DA0120544A1060544AC2F89C026B
:10200000514A083210600020121D10600120121D7C
:1020100010604E4AC2F8AC024B489838006808B9C4
:10202000122052E748489438006808B913204CE75A
:1020300045489038006808B9142046E742488C3873
:10204000006808B9152040E73F488838006808B99B
:1020500016203AE73C4884380068002871D11720E0
:1020600033E71E2935DA0120374A1060374AC2F8B3
:102070009C02354A08321060121D10600020121DAB
:1020800010600120314AC2F8AC022F48983800682D
:1020900008B9182019E72C489438006808B91920A5
:1020A00013E729489038006808B91A200DE7264838
:1020B0008C38006808B91B2007E723488838006877
:1020C00008B91C2001E720488438006890BB1D2017
:1020D000FBE6242935DA01201B4A10601B4AC2F8AE
:1020E0009C02194A08321060121D1060121D106007
:1020F0000020164AC2F8AC0213489838006808B9A4
:102100001E20E2E610489438006808B91F20DCE67B
:102110000D489038006808B92020D6E60A488C3867
:10212000006808B92120D0E607488838006810B94F
:102130002220CAE605E004488438006808B9232054
:10214000C3E6FF20C1E60000980241420000414280
:102150001CB50121402004F033F908200090012033
:102160008DF8040000208DF8060003208DF805008E
:1021700001208DF8070069461248FFF7D9F808F0EA
:10218000EFFE08200F491A310880C820FEF728FE0C
:1021900008200C491831088008F0E2FE4FF4167050
:1021A000FEF71EFE08F0DCFE082006491A31088002
:1021B000C820FEF715FE082002491831088008F0F3
:1021C000CFFE1CBD0018024070B504460026194819
:1021D000058808F0C5FE17484088454315488088A3
:1021E00046F60401884216D112488079012812D19E
:1021F0000020104988712A2048812B2088810021E5
:10220000084600F067FD01200A4988712B204881AB
:102210002A20888103E00021084600F05BFD00F0E1
:1022200083FE002602E004480480761CAE42FAD306
:1022300070BD0000204200200000026010B504467E
:1022400008F08EFEDCB900201C498871F02008805F
:102250004FF4A07048800846808841F66311884298
:1022600028D12C20154908812B2048812A208881DB
:102270004FF4F07008804FF4487048801AE0012055
:102280000E4988714FF4A0700880F02048800846FD
:10229000808841F6631188420CD12C2007490881BF
:1022A0002A2048812B2088814FF4F07008804FF459
:1022B00088704880002000F093FB10BD2042002071
:1022C00070B504460D46164608F04AFE1A48808846
:1022D00041F66311884227D11748807920B9164802
:1022E0000088401E001B84B21349488900F016FE86
:1022F000201200F00DFEE0B200F00AFE201200F005
:1023000007FEE0B200F004FE0B49888900F006FEEB
:10231000281200F0FDFDE8B200F0FAFD281200F0EE
:10232000F7FDE8B200F0F4FD034800890349088096
:10233000881C068070BD000020420020FEFF016066
:102340002DE9F05F05460E4617469846DDF828A0B1
:102350004FF0000B08F004FE781B401C1FFA80FBB6
:10236000344615E02146284600F0B4FC00F0DCFDC0
:102370004FF0000906E00848A0F800A009F10100AC
:102380001FFA80F9D945F6DB08F0EAFD601C84B23B
:102390004445E7DDBDE8F09F000002602DE9F04311
:1023A000A1B000260027B046B1460121182004F054
:1023B00007F80121084604F013F84CF6B3701F909B
:1023C00002208DF8800000208DF8820003208DF817
:1023D000810001208DF883001FA9FE48FEF7A8FFA9
:1023E0004FF680701F9002208DF8800000208DF83D
:1023F000820003208DF8810001208DF883001FA941
:10240000F548FEF795FF0C220021F248FEF7D8FFB1
:102410000C220121EF48FEF7D3FF0C220421ED48E6
:10242000FEF7CEFF0C220521EA48FEF7C9FF0C2279
:102430000821E848FEF7C4FF0C220921E548FEF711
:10244000BFFF0C220A21E348FEF7BAFF0C220E213F
:10245000E048FEF7B5FF0C220F21DE48FEF7B0FF83
:102460000C220721DC48FEF7ABFF0C220821DA48DA
:10247000FEF7A6FF0C220921D748FEF7A1FF0C2288
:102480000A21D548FEF79CFF0C220B21D248FEF70B
:1024900097FF0C221146D048FEF792FF0C220D2127
:1024A000CD48FEF78DFF0C220E21CB48FEF788FFAA
:1024B0000C220F21C848FEF783FF0C220721C548D4
:1024C000FEF77EFF0C220B21C248FEF779FF102099
:1024D000099000200A903C200B9000200C900220D4
:1024E0000D9000200E900F9012200290002003907B
:1024F00010200490002005900690079008901090FE
:1025000011901290102013900020149016901590A6
:10251000179018904FF48050199000201A904FF4A3
:1025200080401B9000201C9009A81D9002A81E90BE
:1025300010A8FEF76BFE01210020FEF74DFE08F00B
:102540000FFD4FF44870FEF74BFC08F009FD00202A
:1025500000F008FAA149888008468188A0A008F008
:1025600015FD0020009001900024A12000F0D6FC71
:10257000052009F0A3FA00F0EBF9C0B28DF80000D5
:1025800000F0E6F9C0B28DF8010000F0E1F9C0B248
:102590008DF8020000F0DCF9C0B28DF8030000F005
:1025A000D7F9C0B28DF8040092A008F0EFFC00BF8C
:1025B00006E01DF8041093A008F0E8FC601CC4B20B
:1025C000052CF6DB91A008F0E1FCA12000F0A6FCB0
:1025D00000F0BEF98149888000F0BAF97F4988800F
:1025E000084680884FF6FF7101EA00207B49888009
:1025F00000F0AEF97949898808437849888008460F
:10260000818877A008F0C2FC0A20FEF7E9FB08F0F9
:10261000A7FC41F66310714988800846808841F61E
:10262000631188427ED108F09BFCE22000F076FC2A
:102630001D2000F06DFC022000F06AFC042000F078
:1026400067FC642009F03AFAE02000F067FC012002
:1026500000F05EFC0A20FEF7C3FBE02000F05EFC09
:10266000032000F055FC0C20FEF7BAFB012000F01F
:1026700055FC0A20FEF7B4FB4FF44870FEF7B0FBA0
:10268000E62000F04BFC2F2000F042FCFF2000F081
:102690003FFCFF2000F03CFCB02000F03FFC10208D
:1026A00000F036FC002000F033FC08F059FC01205B
:1026B00000F02EFC40F2DF1000F02AFC012000F0B8
:1026C00027FC40F20F1000F023FC002000F020FC5B
:1026D000B42000F023FC022000F01AFC40F2DF20BE
:1026E00000F016FC002000F013FC2E2000F010FC7F
:1026F000002000F00DFC002000F00AFC002000F09B
:1027000007FC002000F004FC08F02AFCB62000F0D2
:1027100005FC012000F0FCFB4FF49E7000F0F8FB7C
:10272000002000E04BE000F0F3FB172000F0F0FB8E
:10273000152000F0EDFB002000F0EAFB002000F087
:10274000E7FBF02000F0EAFB032000F0E1FB29208A
:1027500000F0E4FBD02000F0E1FB002000F0D8FB0B
:10276000BE2000F0DBFB052000F0D2FBFE2000F0D5
:10277000CFFB012000F0CCFB002000F0C9FB0020C3
:1027800000F0C6FB002000F0C3FB08F0E9FBB82016
:1027900000F0C4FB032000F0BBFB012000F0B8FBFD
:1027A000BA2000F0BBFB012000F0B2FB002000F0DB
:1027B000E5F8C820FEF714FB002000F0DFF8012048
:1027C000FFF73CFD42F20410FFF7FEFC002400205E
:1027D00000901DE0000C024000100240204200204A
:1027E0006C63646465762E69643D307825780D0AE3
:1027F000000000006765745F6C63645F6D6F646503
:102800003A00000020307825780000000D0A000012
:102810000190002500F0A6F8044621463AA008F0F1
:10282000B5FBA12000F07AFB052009F047F900F084
:102830008FF8C0B28DF8000000F08AF8C0B28DF8B1
:10284000010000F085F8C0B28DF8020000F080F8B9
:10285000C0B28DF8030000F07BF8C0B28DF8040020
:10286000AFF2700008F092FB00BF07E01DF8051002
:10287000AFF2700008F08AFB681CC5B2052DF5DBCD
:10288000AFF2780008F082FBA12000F047FB00F0D7
:102890005FF8044600F05CF804464FF6FF7000EA6B
:1028A000042400F055F80443214617A008F06EFBFD
:1028B00045F26170844223D017A008F067FB6420C2
:1028C000FEF78EFA00BF00BF00BF00BF00BFBFF31E
:1028D0004F8F00BF00BF00BF1B48006800F4E060DE
:1028E0001A490843001D1849086000BF00BF00BF17
:1028F000BFF34F8F00BF00BF00BF00E000BFFDE788
:1029000021B0BDE8F08300006C63645F69643D3012
:102910007825780D0A0000004C434420696E6974E4
:10292000206661696C2C5468652073797374656DD9
:102930002077696C6C2062652072657374617274B3
:102940006564210D0A0000000CED00E00000FA05AE
:1029500008B5034800880090BDF8000008BD0000DD
:102960000000026010B50446204600F0D7FA0520AA
:1029700009F0A4F8FFF7ECFF10BD000070B52DEDD5
:10298000048B044608F0ECFABE2000F0C7FA0520DC
:1029900000F0BEFA2046FDF734FE41EC190B9FED26
:1029A0000E0B53EC102BFDF72CFD41EC180BFDF733
:1029B00055FE85B2284600F0ABFA012000F0A8FAD7
:1029C000FF2000F0A5FA002000F0A2FA002000F09D
:1029D0009FFABDEC048B70BD666666666666044051
:1029E0002DE9F04105460024002708F0B9FAB8485F
:1029F000807901280BD1B648808846F604018842C8
:102A000005D0B348808841F66311884208D1B048A8
:102A10008079F0B9AE48808841F66311884218D1B8
:102A2000082D15D2DFE805F00406080A0C0E101276
:102A300006250DE007250BE0042509E0052507E044
:102A4000012505E0002503E0032501E0022500BF84
:102A500000BF9F48808849F24131884217D09C4886
:102A6000808846F60401884211D09948808845F252
:102A7000103188420BD09648808845F21051884228
:102A800005D09348808841F6631188427ED1082D95
:102A90001CD2DFE805F00406090C0F12151800BF60
:102AA00014E044F0800411E044F040040EE044F0EF
:102AB000C0040BE044F0200408E044F0600405E0AA
:102AC00044F0A00402E044F0E00400BF00BF8048EE
:102AD000808845F21051884202D14FF4585700E0E7
:102AE00036277B48808845F2103188420DD07848DF
:102AF000808845F21051884207D07548808841F699
:102B00006311884201D044F008047148808846F679
:102B10000401884201D144F002042146384600F005
:102B20000DFA6B48808841F6631188421DD004F08D
:102B3000200068B16648008865494988884214DAEF
:102B400063480688408862490880084646800CE051
:102B50005F4800885E494988884206DD5C480688EF
:102B600040885B490880084646805948808845F27D
:102B70001051884254D15649488900F0CFF90020BD
:102B800000F0C6F952494989491C00E077E088B253
:102B900000F0C4F9002000F0BBF94D494989891CB7
:102BA00088B200F0BBF94A490988491EC1F30F20D9
:102BB00000F0AEF946494989C91C88B200F0AEF967
:102BC00043490978491EC8B200F0A2F940498889F2
:102BD00000F0A4F9002000F09BF93D498989491CC7
:102BE00088B200F09BF9002000F092F938498989F9
:102BF000891C88B200F092F935494988491EC1F311
:102C00000F2000F085F932498989C91C88B200F08B
:102C100085F92F498978491EC8B200F079F955E045
:102C20002B49488900F07AF9002000F071F9002062
:102C300000F06EF926490988491EC1F30F2000F003
:102C400067F923490978491EC8B200F061F92049A3
:102C5000888900F063F9002000F05AF9002000F0A4
:102C600057F91B494988491EC1F30F2000F050F95C
:102C700017498978491EC8B200F04AF926E0082DA4
:102C80001CD2DFE805F004070A0D0F12151844F0F6
:102C9000300413E044F0100410E044F020040DE090
:102CA00000BF0BE044F0380408E044F0280405E0DD
:102CB00044F0180402E044F0080400BF00BF0327FA
:102CC00044F480542146384600F038F9BDE8F081DC
:102CD0002042002070B504460D462848808841F601
:102CE0006311884248D108F03BF924488079A8B99B
:102CF00022480088401E001B84B22049488900F009
:102D00000DF9201200F004F9E0B200F001F92012F0
:102D100000F0FEF8E0B200F0FBF816E01749488931
:102D200000F0FCF8201200F0F3F8E0B200F0F0F848
:102D300012490988491EC1F30F2000F0E9F80F4934
:102D40000978491EC8B200F0E3F80C49888900F000
:102D5000E5F8281200F0DCF8E8B200F0D9F80749ED
:102D60004988491EC1F30F2000F0D2F80349897841
:102D7000491EC8B200F0CCF870BD0000204200200F
:102D80002DE9F84F80460E4617461C46B3462046AE
:102D9000E31704EB5373DB1021464FEAE47C04EBAA
:102DA0005C7C4FEAEC0CA4EBCC0CBCF1000F02D025
:102DB0004FF0010C01E04FF0000C6344224604EB9D
:102DC000D27C4FEA6C0C03FB0CF3DBB2009308F0EF
:102DD000C7F8A7F12000C7B2002554E00C2C07D19A
:102DE00007EB47002A4901EB800010F8059013E03B
:102DF000102C05D1274800EB071010F805900BE0C8
:102E0000182C07D107EBC700234901EB800010F80D
:102E1000059001E0BDE8F88F4FF0000A2DE009F0C1
:102E2000800028B1314640460C9AFFF749FA06E087
:102E30000A9820B9314640460B9AFFF741FA4FEA0B
:102E400049604FEA1069701C86B214484088B0424D
:102E500000DCDFE7A6EB0B00A0420AD15E4608F1DA
:102E600001001FFA80F80D480088404500DCD1E7DA
:102E700006E00AF1010000F0FF0ABAF1080FCEDB0C
:102E800000BF681CC5B200988542A7DB00BFC1E740
:102E900010CB000884CF000874D500082042002021
:102EA0002DE9FF5F04460D46904699460EAE96E822
:102EB000C00CE0B2039008F053F808EB04001FFACE
:102EC00080F809EB05001FFA80F917E0444502DBA2
:102ED000039CA81985B24D4500DB15E000208DE864
:102EE000010C3A78334629462046FFF749FF304621
:102EF00006EBD07104EB61018CB27F1C38787E2820
:102F000002DC38782028E1DA00BFBDE8FF9F00002E
:102F100001490880704700000000026001490880F4
:102F200070470000FEFF01600248008902490880E6
:102F30007047000020420020FEFF0160024A10801E
:102F4000921C118070470000FEFF01601CB501213A
:102F5000084603F035FA0121022003F031FA01217D
:102F6000082003F02DFA0121102003F029FA41F680
:102F70000110009001208DF8040000208DF806005B
:102F800003208DF8050001208DF8070069461748D9
:102F9000FEF7CEF94FF43070009069461448FEF702
:102FA000C7F943F24C00009069461248FEF7C0F999
:102FB0001F20009069461048FEF7BAF941F601114A
:102FC0000A48FEF722FA4FF430710948FEF71DFA5D
:102FD00043F24C010748FEF718FA1F210648FEF796
:102FE00014FA0020054908601CBD000000000240E2
:102FF00000040240000C024000100240988240424F
:103000000020064908600649C1F8B00203490C31A6
:1030100008600449C1F8A40270470000A0024042C1
:1030200000004042008040420020064908600649F6
:10303000C1F88C020349103108600349C1F8B0029D
:103040007047000088824142008041422448007855
:10305000022809D10120234908604FF4FA70204961
:103060004880012008700BE01D480078012807D136
:103070001B48408820B900201A4908601849087088
:1030800017480079022806D14FF4FA701449C88015
:103090000120087109E012480079012805D1104883
:1030A000C08810B900200E4908710D48007A022826
:1030B00009D101200C4908604FF4FA700849488191
:1030C000012008720BE00648007A012807D1044865
:1030D000408920B9002004490860014908727047FE
:1030E000D80600208C024242B482414210B57B20B7
:1030F00003F044FA10B118A007F048FF7A2003F05B
:103100003DFA10B119A007F041FF7C2003F036FA18
:1031100010B11BA007F03AFF7D2003F02FFA10B189
:103120001CA007F033FF7E2003F028FA10B11EA088
:1031300007F02CFF7F2003F021FA10B11FA007F049
:1031400025FF792003F01AFA10B121A007F01EFF25
:1031500003F096F910BD00005243435F464C4147CF
:103160005F504F525253540D0A0000005243435FC8
:10317000464C41475F50494E5253540D0A000000DF
:103180005243435F464C41475F5346545253540D9C
:103190000A0000005243435F464C41475F49574491
:1031A000475253540D0A00005243435F464C414777
:1031B0005F575744475253540D0A00005243435F30
:1031C000464C41475F4C5057525253540D0A000031
:1031D0005243435F464C41475F424F525253540D56
:1031E0000A0000002DE9F04100250024002708F026
:1031F000F5FB0546002D77D0681E032190FBF1F00A
:10320000C4B2681E90FBF1F201FB1200C7B2002F9E
:103210006AD1242C68DA0B2C67D1F848807838B949
:10322000F7488078012801D002F0D0FCBDE8F08199
:10323000F2488078032810D1F1488078012805D021
:10324000EE4948780022114601F084FF0020ED4944
:1032500008600121EA488170E8E7FF20E749C8706B
:1032600001F0D4FFFFF7E0FEE548807801286BD13C
:10327000E548008918B149F64040E349088101203A
:1032800007F02CFB0220DD4981F8730108464078E5
:10329000012816D1DD4840680168DDA007F076FE00
:1032A000DA4840680068E549884206D90120E449C7
:1032B0000870E4A007F06AFE1BE00020E0490870F7
:1032C00017E0D24840680168E5A007F05FFECF48EC
:1032D00040680068ED49884208D90120D849087043
:1032E000EBA007F053FE04E066E23DE00020D44985
:1032F0000870D348007810B902F076F95CE2002635
:103300000020EA4908701CE007F02AFE08F0FAFCE9
:1033100006460B2E06D10120E54981F8BA0102F0DC
:1033200063F90FE00A2E04D10120E14981F8BA01C6
:1033300008E0DE48007820B90120DC49087007F079
:1033400045FAE1E700BFD9E7AD4880780128D5D03C
:10335000AA4948780022114601F0FCFE0020A94944
:10336000086002F033FCC9E70A2C2AD1A348807810
:103370000028C3D0FF20A149C87001F047FFFFF724
:1033800053FE9F48807858B902F01EF99B4948784F
:103390000022114601F0DEFE01209A490860ADE7E7
:1033A0009748807802280BD1C248006840F001009D
:1033B000C049086002F0F8F80020924908609DE7D3
:1033C0009CE7092C15D18D480078012803D10220F3
:1033D0008A49087002E0012088490870FF20874967
:1033E000C87001F013FFFFF71FFE01208649088116
:1033F00084E7182C1AD1FF208049C87001F006FF1D
:10340000FFF712FE7D48807800289CD17C488078A8
:10341000012898D107F062FA0220784981F87301F7
:1034200002F0E2F80220A449087067E7042C76D184
:10343000734880780128FAD17148007800F00200C2
:1034400028B16F48007820F002006D4908706C4880
:103450008078012801D002F0B9FB6848407808B9AB
:10346000012000E00020654948700220924908715F
:10347000FF206249C870FFF7C3FDFFF7D5FD0020AC
:103480005E4981F8700100215C4880F87211407833
:10349000012850D18948407820F0010087494870C0
:1034A0000846407840F001004870544890F8A80061
:1034B000524988710846807988708148007881492E
:1034C00008707F48801C026841684C488030C0E921
:1034D00004218038807830B101280CD0022814D023
:1034E000032826D11CE04548007A44494871012050
:1034F000754908601EE0414890F830003F49487126
:10350000012071491031086014E03C4890F85800DF
:103510003A49487101206C490C3108600AE0D9E051
:10352000364890F8800035494871012067490860A5
:1035300000E000BF4DE06148407820F001005F49A5
:103540004870002048702D4880792C4981F8A800E7
:10355000084690F8A8008870594840785949087082
:1035600057480A30016842685948C0E904122348A4
:10357000807830B101280DD0022815D0032826D13B
:103580001CE01E4890F8B0001C49487101204E49CB
:1035900008601DE0194890F8D800184948710120CA
:1035A00049491031086013E0144890F800011349AC
:1035B0004871012044490C31086009E00F4890F837
:1035C00028010E49487101204049086000E000BF11
:1035D00000BF3A48407800F001003849097801F00E
:1035E0000101884202D0012003F060FF0120304930
:1035F00081F8BA010449088180E6000048000020F3
:103600008402002084024242C8060020A00200205A
:1036100042544E5F53494E474C45545249474745E3
:1036200052204D6F646520566F6C746167652C4144
:103630006D706C3D25640D0A0000000000512502EC
:1036400040000020457863656564696E672073619A
:10365000666520766F6C746167650D0A0000000076
:1036600042544E5F53494E474C4554524947474593
:1036700052204D6F64652043757272656E742C41E3
:103680006D706C3D25640D0A000000008096980066
:10369000457863656564696E67207361666520635C
:1036A000757272656E740D0A000000004100002002
:1036B0000C050020003C0140D8060020E801002055
:1036C00048030020C0010020A0024042A4824042E2
:1036D000700100201F2C71D1FE48807801286DD127
:1036E000FD490860FD480078401CFC490870084608
:1036F0000078042801DB00200870F8480178F8A061
:1037000007F044FCF548007818B1F4480078012827
:1037100002D104F007FD01E004F040FDF4484078D8
:10372000012804D1ED480078F249087003E0EB4825
:103730000078F04948701622EE49E620FDF74FFA6E
:10374000E6480078022803D0E448007803282AD10C
:103750000120E749C87001F5A870D0E9043044F6AB
:1037600020629A1A70F100001AD244F620600021FB
:10377000E14AC2E904011046D0E90410DC4AD2F85B
:1037800054210832DA4BDB7802EBC302C2E90010A5
:10379000FF20D749C87001F039FD012007F09EF8DD
:1037A000FF20D349C870D34842780178D3A007F0EE
:1037B000EDFB0020C8490860E1E3FFE7A4BBC54872
:1037C0008078012803D0CA48807803284AD102F0C3
:1037D000FDF9D64800884FF6FE710840D3490880AD
:1037E0000020D249243108600120D149086000201E
:1037F000D049C1F88002FFF717FCBD48807808B3B4
:10380000FFF7FEFB0120CA49203108600020B849BB
:10381000887008464078012807D10846807888716A
:103820000846007A487109E01CE0B1488078B04948
:1038300081F8A800084690F8B00048710120BE4900
:1038400081F8BA010020BD4908600120BC49C1F8D7
:103850008002FF20A649C87001F0D8FC0120B949B8
:1038600008818CE3022C5AD19A488078012803D031
:103870009F488078032852D102F0A8F90121954889
:1038800081700020AC4981F8BA01A84800884FF641
:10389000FE710840A54908800020A4492431086031
:1038A0000120A34908600020A249C1F88002FFF767
:1038B000BBFB8F488078022821D0FFF7A1FB0120B5
:1038C0009B492C310860022089498870084640785D
:1038D000012807D1084680788871084690F858007A
:1038E000487108E082488078814981F8A80008463C
:1038F00090F80001487101208F4981F8BA01002039
:103900008E49086001208E49C1F88002FF20784965
:10391000C87001F07BFC01208A4908812FE3012C4B
:1039200059D16C488078012803D0714880780328E9
:1039300051D102F04BF901216648817000207E4987
:1039400081F8BA01794800884FF6FE71084077493E
:1039500008800020754924310860012074490860FE
:1039600000207449C1F88002FFF75EFB6048807850
:10397000012820D0FFF744FB01206D493031086059
:103980005B49887008464078012807D1084680784E
:103990008871084690F83000487108E054488078F3
:1039A000534981F8A800084690F8D80048710120D2
:1039B000614981F8BA01002060490860012060492E
:1039C000C1F88002FF204A49C87001F01FFC0120A5
:1039D0005C490881D3E2032C4FD13E48807801280E
:1039E0004BD1FFF721FB42488078032820D0FFF716
:1039F00007FB01205449086003203D4988700846B0
:103A00004078012807D1084680788871084690F8E8
:103A10008000487108E036488078354981F8A80070
:103A2000084690F8280148710120434981F8BA01FD
:103A30002A48007818B129480078012802D104F0FA
:103A400071FB01E004F0AAFB01203C4908600A2058
:103A5000FDF7C6F92648407830B94FF400403B499D
:103A600008800A20FDF7BCF9FF202149C87001F049
:103A7000CDFB01203349088181E2222C68D1154811
:103A80008078012864D108F065FC1948807858B125
:103A900017488078012807D015488078022803D07D
:103AA00013488078032895D1FFF7BEFA1048C078F4
:103AB00001285DD001200849283908600C4890F899
:103AC0007301022803D10120094981F87301012003
:103AD00007493EE084020020B4824142C001002038
:103AE000576176655F747970653D25640D0A000045
:103AF00048000020480300209801002073416464BE
:103B00006974696F6E616C446174612E565F5761B0
:103B100076655F747970653A25642C435F576176EA
:103B2000655F747970653A25640D0A0000040040F1
:103B300080024042000042420C050020B082424216
:103B400000004042C8060020A482404218140240EF
:103B50006DE0C870002102F079FF0120FE4981F874
:103B600070010021FC4880F8711180F872115BE04F
:103B7000F948C07801283DD1F848007818B1F748D5
:103B8000007801281CD1F648D0E9042042F21071D7
:103B9000511A70F1000005D242F210720021F04873
:103BA000C0E90421EE48D0E90410EB4AD2F85421D0
:103BB0000832E94BDB7802EBC302C2E9001019E0DE
:103BC000E748D0E9042044F62063D21A70F10000DF
:103BD00004D219460022E248C0E90412E049D1E9C2
:103BE0000401DD4AD2F854210832DB4BDB7802EBCA
:103BF000C30203C2D84890F8730101280AD10020FB
:103C0000D54981F87301012006F068FE0220D249EF
:103C100081F87301FF20D049C870002081F870013D
:103C20000021CD4880F8721101F0F0FAA7E1232CB1
:103C300045D1CC488078012841D108F08BFBFFF7B3
:103C4000F3F9C548C078E8B10120C7490860C24807
:103C500090F87301022803D10120BF4981F8730154
:103C60000020BD49C8700021012002F0EFFE0120B4
:103C7000B94981F870010021B74880F8711180F8C6
:103C8000721119E0B44890F8730101280AD100209C
:103C9000B14981F87301012006F020FE0220AE49EF
:103CA00081F87301FF20AC49C870002081F87001D1
:103CB0000021A94880F8721101F0A8FA5FE1212CD7
:103CC0006CD1A8488078012868D108F043FBA2484D
:103CD0008078012803D0A04880780228A6D1FFF779
:103CE000A3F99D48C07802281ED001209E491031BA
:103CF0000860994890F87301022803D10120964981
:103D000081F8730102209449C8700021012002F05B
:103D10009DFE0120904981F8700100218E4880F8B5
:103D2000711180F8721136E08B48C078022818D1E2
:103D30008B48D0E904208D4BD21A70F1000004D2D8
:103D40001A4600218648C0E904218549D1E90401C9
:103D5000814AD2F8542108327F4BDB7802EBC30250
:103D600003C27D4890F8730101280AD100207A49E6
:103D700081F87301012006F0B1FD0220764981F837
:103D80007301FF207449C870002081F87001002180
:103D9000714880F8721101F039FAF0E0202C69D1F5
:103DA00070488078012865D108F0D4FA6A48807894
:103DB00002285ED1FFF738F96748C07803281ED083
:103DC0000120694928310860634890F8730102288E
:103DD00003D10120604981F8730103205E49C87056
:103DE0000021012002F032FE01205B4981F87001C0
:103DF0000021594880F8711180F8721137E0564857
:103E0000C078032819D15648D0E90420584BD21A5B
:103E100070F1000004D21A4600205149C1E9042083
:103E20004F48D0E904104C4AD2F8542108324A4B8A
:103E3000DB7802EBC302C2E90010474890F8730137
:103E400001280AD10020444981F87301012006F0BD
:103E500045FD0220404981F87301FF203E49C870AA
:103E6000002081F8700100213B4880F8721101F0B8
:103E7000CDF984E0132C03D1002002F079FE7EE01E
:103E80001D2C03D1012002F073FE78E0172C03D122
:103E9000022002F06DFE72E0112C03D1032002F02B
:103EA00067FE6CE01C2C03D1042002F061FE66E08A
:103EB000162C03D1052002F05BFE60E0102C03D12C
:103EC000062002F055FE5AE01B2C03D1072002F019
:103ED0004FFE54E0152C03D1082002F049FE4EE0BD
:103EE0000F2C03D1092002F043FE48E0072C03D138
:103EF0000B2002F03DFE42E01E2C03D10C2002F00C
:103F000037FE3CE0192C08D1134890F8720188BBA9
:103F10000121114880F8721131E00D2C2FD1FFF7EB
:103F200083F808F017FAFF200B49C87001F06EF90A
:103F30000020094981F870010021074880F87211BA
:103F400090F8730101281AD10020034981F8730108
:103F5000012006F0C3FC0EE048000020C001002054
:103F6000980100208402002088824142400D030015
:103F7000A086010003E00220024981F8730100BF1E
:103F8000FFF754B94800002000BFFEE770B5DE22FD
:103F9000FC494FF40070FCF7E7FDFA4800787E28F2
:103FA00004D1F84890F8DD0045287DD0F6A006F051
:103FB000EDFF0020FE4908700120487003F076FAFA
:103FC000012007F067FDFB48007A40F00B00F9493B
:103FD0000872084690F8300040F00B0081F830007D
:103FE000084690F8580040F00B0081F85800084649
:103FF00090F8800040F00B0081F88000084690F8AF
:10400000B00040F01A0081F8B000084690F8D800DF
:1040100040F01A0081F8D800084690F8000140F0FE
:104020001A0081F80001084690F8280140F01A00B3
:1040300081F82801FF2088700846007A48717E20A8
:10404000D049087001204870D948407800F001003C
:1040500088700020C8700871D648007A4871002026
:104060008871C871D449C74A9160D060D348002193
:1040700010615161CF4890F8300011460876002059
:1040800048768876C876CC49D1611062CB48002149
:1040900050629162CA48D0621163C64890F85800D5
:1040A000114681F8340000E008E2002081F8350074
:1040B00081F8360081F8370081F83800BE480021C9
:1040C000393210605160BD48083210605160BC4800
:1040D000083210605160BB49002008321160506006
:1040E000B44890F88000A74981F85900002081F871
:1040F0005A00B24800210A3210605160AD4890F871
:10410000B000A04981F86300002081F8640081F8C4
:104110006500A94800210B32106051604110002059
:10412000083211605060A34890F8D800954981F892
:104130007600002081F8770081F8780081F8790016
:104140009D490C3211605060491008321160506076
:10415000083211605060974890F80001894981F851
:104160009200002081F8930081F8940081F8950076
:1041700081F8960090490D3211605060481000217E
:104180000832106051600832106051608D4808326A
:1041900010605160874890F828017A4981F8B7008B
:1041A000002081F8B80086490A32116050607549D4
:1041B00081F8C10081F8C20081F8C30081F8C40011
:1041C00081F8C50081F8C60081F8C70081F8C800F1
:1041D000002110321160516008321060506069494E
:1041E000C1F8D900452081F8DD00DE224FF40070CF
:1041F000FCF7F5FC02207449087048706E490020F5
:10420000714A921C11605060083211605060162291
:104210006D49E620FCF7E3FC5A484079654908728D
:1042200058488179634881725648C1796148417222
:1042300054488168C2685F48C0E90612514908695C
:1042400049695C4AC2E904014E48007E114681F882
:1042500030004C48417E104680F832104948817E3B
:10426000104680F831104748C17E104680F8331060
:104270004448C269016A4F48C0E910214148426A76
:10428000806A4C49C1E90E203E48C26A016B494828
:10429000C0E912213B4890F83400464981F85800A3
:1042A000384890F83510434880F85A10354890F84F
:1042B0003610404880F85910324890F837103D4881
:1042C00080F85B102F4890F838103A4880F85C105E
:1042D0002C483930016842683648C0E91A12294929
:1042E000413108684968334AC2E918012548493014
:1042F000016842682F48C0E91C1222485130016809
:1043000042682C48C0E91E121E4890F859002949FD
:1043100081F880001B4890F85A10264880F88110D8
:1043200018495B3108684968224A8032C2E90201B3
:10433000144890F863001F4981F8B000114890F8C4
:1043400064101C4880F8B2100E4890F865101948A7
:1043500080F8B1100B486630026841681548B030EB
:10436000C0E9042107486E30026841681148B03046
:10437000C0E90221034890F876000E4981F8D80080
:10438000004823E05E0300204C6F6164207061727E
:10439000206572726F722C73657420746F2064656F
:1043A0006661756C742076616C7565210D0A00007C
:1043B000E80100204800002080841E00C0E1E400E5
:1043C00040420F0080C3C9014803002090F87710D5
:1043D000FE4880F8DA10FE4890F87810FB4880F824
:1043E000D910FB4890F87910F84880F8DB10F848AD
:1043F0007A3002684168F548D830C0E90421F448B1
:10440000823001684068F14AD832C2E90210F048AF
:104410008A3001684268ED48D830C0E90612EC489D
:1044200090F89200E94981F80001E94890F893106A
:10443000E64880F80211E64890F89410E34880F8C6
:104440000111E34890F89510E04880F80311E04826
:1044500090F89610DD4880F80411DD489730016827
:104460004268DC48C0E90412D9489F3001684068BE
:10447000D84AC2E90210D648A73002684168D54838
:10448000C0E90621D248AF3001684268D148C0E98E
:104490000812CF4890F8B700CC4981F82801CC48E1
:1044A00090F8B810C94880F82911C948B930016896
:1044B0004068C84A2832C2E90210DCE2C4484078A9
:1044C000C2490870C24880784870C148C078887175
:1044D000BF48007981F8A800BD4840790872BC48FF
:1044E0008179BA488172BA48C179B8484172B848EE
:1044F0008168C268B548C0E90612B54802694169D9
:10450000B248C0E90421B248007EB04981F83000C9
:10451000AF48417EAD4880F83210AD48817EAB484F
:1045200080F83110AA48C17EA84880F83310A84806
:10453000C169026AA548C0E91012A549486A896A9A
:10454000A24AC2E90E01A248C26A016B9F48C0E9B3
:1045500012219F4890F834009C4981F858009C48EB
:1045600090F83510994880F85A10994890F836100C
:10457000964880F85910964890F83710934880F87C
:104580005B10934890F83810904880F85C10904881
:104590003930016842688D48C0E91A128C494131AE
:1045A00008684968894AC2E91801894849300168A0
:1045B00042688648C0E91C1285485130016842684B
:1045C0008248C0E91E12824890F859007F4981F85C
:1045D00080007F4890F85A107C4880F881107C4811
:1045E0005B300268406879498031C1E9022078482F
:1045F00090F86300803981F8B000754890F8641035
:10460000724880F8B210724890F865106F4880F8D0
:10461000B1106F486630016842686E485038C0E992
:1046200004126B486E30026840686A495039C1E92B
:104630000220674890F87600B03981F8D8006448C5
:1046400090F87710614880F8DA10614890F8781097
:104650005E4880F8D9105E4890F879105B4880F881
:10466000DB105B487A30026841685A482838C0E954
:104670000421574882300268406856492839C1E908
:10468000022053488A300168426852482838C0E9FD
:1046900006124F4890F892004C4981F800014C48AE
:1046A00090F89310494880F80211494890F8941006
:1046B000464880F80111464890F89510434880F824
:1046C0000311434890F89610404880F80411404880
:1046D0009730026841683F48C0E904213C489F3058
:1046E000016842683B48C0E902123948A7300168B6
:1046F00042683848C0E906123548AF300168426860
:104700003448C0E90812324890F8B7002F4981F8C0
:1047100028012F4890F8B8102C4880F829112C490E
:10472000B931086849682B4A2832C2E90201274892
:10473000D0E91A43224628A006F028FC2348D0E9F5
:104740001843224632A006F021FC2048D0E91C4341
:1047500022463DA006F01AFC1C48D0E91E43224622
:1047600047A006F013FC554A45231848183000F0BE
:10477000FDF9534A00231548103000F0F7F94F4A6D
:1047800045231248403000F0F1F94D4A00230F480C
:10479000383000F0EBF94B4A09230C48483000F060
:1047A000E5F9464A45230948683000F0DFF9444AF4
:1047B00000230648603000F0D9F9424A0923034833
:1047C000703000F0D3F9404A02237FE04800002017
:1047D0005E03002048010020557365724F706572BA
:1047E0006174696F6E2E565F4D6F646554726169B6
:1047F0006E2E506172616D5B554F5F504152414D5D
:104800005F50554C53455D3A256C6C640D0A0000B1
:10481000557365724F7065726174696F6E2E565F65
:104820004D6F6465547261696E2E506172616D5B8B
:10483000554F5F504152414D5F414D504C5D3A25BF
:104840006C6C640D0A000000557365724F706572E0
:104850006174696F6E2E565F4D6F64655472616945
:104860006E2E506172616D5B554F5F504152414DEC
:104870005F465245515D3A256C6C640D0A0000009C
:10488000557365724F7065726174696F6E2E565FF5
:104890004D6F6465547261696E2E506172616D5B1B
:1048A000554F5F504152414D5F4455524154494F1D
:1048B0004E5D3A256C6C640D0A00000000B864D9A6
:1048C000C095A90500902F500098D058864800F058
:1048D0004DF9864A00238448103000F047F9844A95
:1048E00045238148483000F041F9824A00237E4840
:1048F000403000F03BF97E4A45237B48703000F0A1
:1049000035F97C4A00237848683000F02FF97A4A5C
:1049100009237548783000F029F9754A4523724813
:10492000983000F023F9734A00236F48903000F06C
:104930001DF9714A09236C48A03000F017F96F4A3D
:1049400002236948A83000F011F96A4A002366483A
:10495000B83000F00BF96448B030D0E90243224689
:1049600067A006F013FB0020754908705E48783890
:1049700040784870012002F099FDFF205A497839AB
:10498000887008464078B0B3012873D10846807912
:1049900030B101280ED0022817D003282CD11FE0F7
:1049A00051487838007A504978394871012007F029
:1049B00071F822E04C48783890F830004A4978394C
:1049C0004871042007F066F817E04748783890F8F7
:1049D0005800454978394871072007F05BF80CE02A
:1049E0004148783890F880003F49783948710A206A
:1049F00007F050F801E002E000BF00BF3AE03A489B
:104A0000783890F8A80030B101280FD0022818D0CB
:104A100003282CD120E03448783890F8B00032498F
:104A200078394871012007F035F821E02E487838B0
:104A300090F8D8002C4978394871042007F02AF8FA
:104A400016E02948783890F80001274978394871EC
:104A5000072007F01FF80BE02348783890F828016A
:104A60002149783948710A2007F014F800E000BFA6
:104A700000BF00BF00BF16223249E620FCF774F8E1
:104A800030480078032802DD00202E4908702D48A8
:104A90004078032802DD00202A49487029484278DE
:104AA000017829A006F072FA0F487838407801287A
:104AB0000CD1244800782C4908702248801C0268D8
:104AC000416809480830C0E904210BE01D484078DE
:104AD000254908701B480A30016842680248B03016
:104AE000C0E9041270BD0000C0000020C095A905F7
:104AF00000B864D90048E80100902F500098D058C1
:104B0000526561643120557365724F7065726174CE
:104B1000696F6E2E435F4D6F6465457874426E63B6
:104B20002E506172616D5B554F5F504152414D5F38
:104B3000414D504C5D3A256C6C640D0A000000003C
:104B4000E801002048030020565F576176655F74D6
:104B50007970653A25642C435F576176655F747997
:104B600070653A25640D0A00C001002010B5D0E937
:104B70000041141B73EB010102D200240460446065
:104B800010BD000070B5BE4800894EF66021884215
:104B90007EDB7E20BB490870BB4800784870BA486D
:104BA00040788870B8488079C870B74890F8A800F5
:104BB0000871B548007A4871B348807A8871B24864
:104BC000407AC871B048D0E90610AE4A9160D06012
:104BD000AD49D1E9040110615161AB4890F8300052
:104BE00011460876A84890F832004876A64890F812
:104BF00031008876A44890F83300C876A248D0E9FE
:104C00001010D1611062A048D0E90E10516290627C
:104C10009D48D0E91210D16210639B4890F858006B
:104C2000114681F83400984890F85A0081F8350010
:104C3000954890F8590081F83600934890F85B0049
:104C400081F83700904890F85C0081F838008E4871
:104C5000D0E91A103932116050608B49D1E918013E
:104C60000832106051608848D0E91C100832116089
:104C7000506085496031D1E9060108321060516009
:104C8000814890F880007F4981F859007E4800E013
:104C9000F4E090F8810081F85A007B498031D1E935
:104CA00002010A3210605160774890F8B0007549EF
:104CB00081F86300744890F8B20081F8640072488B
:104CC00090F8B10081F865006F48B030D0E9041069
:104CD0000B32116050606C48B030D0E902100832DD
:104CE00011605060684890F8D800664981F87600F5
:104CF000654890F8DA0081F87700634890F8D900A9
:104D000081F87800604890F8DB0081F879005E490E
:104D1000E031D1E902010C32106051605A48D830BC
:104D2000D0E902100832116050605749E031D1E9F2
:104D30000401083210605160534890F80001514955
:104D400081F89200504890F8020181F893004E4893
:104D500090F8010181F894004B4890F8030181F824
:104D60009500494890F8040181F896004749D1E937
:104D700002010D321060516044480838D0E9021039
:104D800008321160506041480838D0E906100832F6
:104D9000116050603D49D1E9060108321060516050
:104DA000394890F82801374981F8B700364890F81B
:104DB000290181F8B80035492031D1E902010A32D0
:104DC0001060516000202F4981F8C10081F8C200B5
:104DD00081F8C30081F8C40081F8C50081F8C600DD
:104DE00081F8C70081F8C800C1F8D900452081F8D2
:104DF000DD0025496031D1E90243224624A006F0B6
:104E0000C5F82149D1E9184322462FA006F0BEF883
:104E10001D496031D1E90443224639A006F0B6F8B5
:104E200019496031D1E90643224643A006F0AEF8A5
:104E30001649D1E9024322464EA006F0A7F81348CE
:104E40000838D0E90243224658A006F09FF80F49DF
:104E5000D1E90443224663A006F098F80B49D1E952
:104E6000064322466DA006F091F8DE2205494FF474
:104E70000070FBF7B4FE00200149088170BD0000FE
:104E8000C80600205E0300204800002050010020DA
:104E9000557365724F7065726174696F6E2E565FDF
:104EA0004D6F6465547261696E2E506172616D5B05
:104EB000554F5F504152414D5F50554C53455D3AFF
:104EC000256C6C640D0A0000557365724F70657235
:104ED0006174696F6E2E565F4D6F646554726169BF
:104EE0006E2E506172616D5B554F5F504152414D66
:104EF0005F414D504C5D3A256C6C640D0A0000001A
:104F0000557365724F7065726174696F6E2E565F6E
:104F10004D6F6465547261696E2E506172616D5B94
:104F2000554F5F504152414D5F465245515D3A25C4
:104F30006C6C640D0A000000557365724F706572E9
:104F40006174696F6E2E565F4D6F6465547261694E
:104F50006E2E506172616D5B554F5F504152414DF5
:104F60005F4455524154494F4E5D3A256C6C640D77
:104F70000A000000557365724F7065726174696F45
:104F80006E2E435F4D6F6465547261696E2E506181
:104F900072616D5B554F5F504152414D5F50554CB2
:104FA00053455D3A256C6C640D0A000055736572BB
:104FB0004F7065726174696F6E2E435F4D6F6465EB
:104FC000547261696E2E506172616D5B554F5F5016
:104FD0004152414D5F414D504C5D3A256C6C640D22
:104FE0000A000000557365724F7065726174696FD5
:104FF0006E2E435F4D6F6465547261696E2E506111
:1050000072616D5B554F5F504152414D5F46524555
:10501000515D3A256C6C640D0A0000005573657291
:105020004F7065726174696F6E2E435F4D6F64657A
:10503000547261696E2E506172616D5B554F5F50A5
:105040004152414D5F4455524154494F4E5D3A25BE
:105050006C6C640D0A00000010B504460C4951F850
:1050600024104A000B4951F82400002107F068F988
:10507000094951F824200749083951F82400002132
:1050800007F05EF9012103480830015510BD00000A
:10509000F8CA0008F802002008CB0008704700009A
:1050A00070B5002100230F22C4781CB3174C24686C
:1050B00004F4E064C4F5E064C4F30721C1F104041E
:1050C000E3B20A4144789C40E1B284781440214321
:1050D0000C07210E0E4C05786155047804F01F056D
:1050E0000124AC4005786D11AD0005F1E025C5F84F
:1050F000004109E0047804F01F050124AC40054D8F
:105100000678761145F8264070BD00000CED00E0F1
:1051100000E400E080E100E002490143024A11603E
:10512000704700000000FA050CED00E010B5002803
:1051300007DA0A07140E054A00F00F031B1FD454A8
:1051400003E00A07130E024A135410BD18ED00E0E5
:1051500000E400E02DE9F04104460D461646012E1C
:1051600038D1012C16D126480078012808D146F202
:10517000A81095FBF0F739460120FBF750FC3DE005
:1051800046F2A81095FBF0F0474239460120FBF7A4
:1051900046FC33E094BB1A48007801280BD14FF449
:1051A0007A7095FBF0F7F81707EB5070C1100220EA
:1051B000FBF735FC22E04FF47A7095FBF0F7F81717
:1051C00007EB5070C010C0F1000841460220FBF709
:1051D00026FC13E096B9012C04D100210120FBF735
:1051E0001EFC04E01CB900210220FBF718FC012082
:1051F0000449086000200449C1F89402BDE8F08128
:1052000048000020800240420000434210B5504850
:1052100000794F49C97888424ED04D48007930B165
:10522000012813D0022821D003283FD12EE049A124
:10523000494805F0BBFE47A14748733005F0B6FE6C
:1052400044A14548E63005F0B1FE30E041A14248B6
:10525000163805F0ABFE3FA13F484B3005F0A6FEE7
:105260003CA13D48DC3005F0A1FE20E039A13A48E0
:10527000163005F09BFE37A137489B3005F096FEAF
:1052800034A13548F03005F091FE10E031A13248EC
:105290002C3005F08BFE2FA12F48C33005F086FE81
:1052A0002CA12D48FA3005F081FE00E000BF00BFC0
:1052B0002748C078264908712548C07830B10128B0
:1052C00013D0022821D003283FD12EE021A122486B
:1052D00005F06CFE1FA12048733005F067FE1DA18C
:1052E0001D48E63005F062FE30E01AA11A48163873
:1052F00005F05CFE17A118484B3005F057FE15A1CC
:105300001548DC3005F052FE20E012A1124816309C
:1053100005F04CFE0FA110489B3005F047FE0DA193
:105320000D48F03005F042FE10E00AA10A482C308A
:1053300005F03CFE07A10848C33005F037FE05A183
:105340000548FA3005F032FE00E000BF00BF10BD96
:105350004800002000000000C70500202DE9FF4F95
:1053600087B00D4614461F46DDE9176BDDE9158A47
:10537000DDF85090079809287ED2DFE800F07D051F
:105380002E475E879EC7EB0004EB090083B2E81945
:1053900082B2214628460096FCF7D2FF5046FAF723
:1053A0005CFF08EBD871491000FB117005EB500051
:1053B00080B2CDE90408A9EB0800CDE9026BCDE984
:1053C000008A069000EBD07004EB600081B24B467F
:1053D0003A460498FDF764FDD7E004EB090083B278
:1053E000E81982B2214628460096FCF7A9FF04F18D
:1053F000140291B205F1140290B24B463A46CDE93F
:10540000026BCDE9008AFDF74BFDBEE004EB09001D
:1054100083B2E81982B2214628460096FCF790FF35
:1054200004F1140081B24B463A462846CDE9026B9E
:10543000CDE9008AFDF734FDA7E044F22820009072
:1054400004EB090083B2E81982B221462846FCF732
:1054500077FF04EB09000A3883B2E819283882B2D2
:1054600004F10A0081B228460096FCF769FF04F1B6
:10547000140081B24B4600E086E03A462846CDE96A
:10548000026BCDE9008AFDF70BFD7EE004EB09001D
:1054900083B2E81982B2214628460096FCF750FFF5
:1054A00004F1140081B24B463A462846CDE9026B1E
:1054B000CDE9008AFDF7F4FC67E004EB090083B254
:1054C000E81982B2214628460096FCF739FF0020F1
:1054D00030A11022CDE901160092039004F11202CE
:1054E00091B26A1D90B24B463A46FDF7D9FC04F1E1
:1054F0000A0291B205F13C0290B24B463A46CDE920
:10550000026BCDE9008AFDF7CBFC3EE004EB09001D
:1055100083B2E81982B2214628460096FCF710FFB4
:105520005046FAF79AFE08EBD871491000FB11704B
:1055300005EB500080B2CDE9050804F10A0081B204
:105540004B463A46CDE9026BCDE9008A0598FDF756
:10555000A7FC1AE004EB090083B2E81982B22146E5
:1055600028460096FCF7ECFE0CA0102104F1120274
:10557000CDE9026BCDE9001091B26A1D90B24B46A5
:105580003A46FDF78DFC00E000BF00BF0BB0BDE860
:10559000F08F000054595045207C0000545950456C
:1055A0003A0000007047000010B500200449086070
:1055B0000121880702F095FA00210248817010BD90
:1055C000800240428402002010B501200449086096
:1055D0000021800702F085FA02210248817010BD87
:1055E00080024042840200202DE9F04F2DED068B11
:1055F00087B0FE48807800287ED104460546FB48E7
:10560000407801280AD1F948D0E90645F849611ADD
:1056100075F1000010D2F74804600DE0F3484078BF
:1056200050B9F248B030D0E90445F149611A75F13A
:10563000000001D2EF480460EF48007818B1EE484E
:10564000007801280BD142F21071611A75F1000047
:1056500005D2012007B0BDEC068BBDE8F08FE6480F
:105660000078022803D0E4480078032807D144F6E4
:105670002061611A75F1000001D20120EAE7DE48DD
:10568000007818B1DC48007801280ED1FA220023F6
:1056900020462946FAF79EFD401ED8490860084674
:1056A0000068A0F11C0008600DE0FA2200232046EB
:1056B0002946FAF78FFD401ED04908600846006869
:1056C000A0F1480008604FF00100CD4908604FF09C
:1056D0000000CC49C1F880024FF00A00FBF780FBC4
:1056E000C248407830B94FF40040C74908800A20CA
:1056F000FBF776FB002100E006E0C4488170BF485C
:105700000068FBF709FD3FE2B8488078012877D1AF
:1057100000200446054606460746B448407801285E
:105720000CD1B248D0E91045D0E91267B049611AEE
:1057300075F1000012D2AF4804600FE0AB4840782A
:1057400060B9AA48D830D0E90445D0E90667A8492D
:10575000611A75F1000001D2A6480460A6480078DD
:1057600018B1A5480078012807D142F21071611ADA
:1057700075F1000001D201206CE79F4800780228F3
:1057800003D09D480078032807D144F62061611AB0
:1057900075F1000001D201205CE79549711A77F19B
:1057A000000001D2012055E79348007818B19248D3
:1057B000007801280ED1FA22002320462946FAF764
:1057C00009FD401E8D49086008460068A0F11C00D4
:1057D00008600DE0FA22002320462946FAF7FAFC79
:1057E000401E8649086008460068A0F1480008602D
:1057F0008248006822462B46CDE90067029000E00F
:1058000060E083A005F0C2FB00BF00BF00BF4FF007
:1058100014094FF47A72002330463946FAF7DAFC5D
:1058200006460F4630463946FAF70CFF41EC190B95
:1058300053EC192B9FED800B51EC100BFAF753FE34
:1058400041EC180B9FED7E0B53EC102B51EC180B19
:10585000FAF749FE9FED7C0B53EC102BFAF7CBFDCA
:10586000FAF7FCFE804653EC182B79A0CDF80080A7
:1058700005F08CFB61480068404502D95F48C0F8DC
:10588000008001205E49086000205E49C1F8800266
:105890000A20FBF7A5FA5548407830B94FF400408C
:1058A000594908800A20FBF79BFA1FFA89F1404604
:1058B00002F01BFA0021554881700121880702F08F
:1058C00010F961E1494880780228FAD100210C469C
:1058D0000D460E460F4600208046814643484078DC
:1058E00001280ED14148D0E91A45D0E91C67D0E91A
:1058F0001E893F49611A75F1000016D23D480460C7
:1059000013E03A48407880B95648D0E90445D0E9D8
:1059100006673648D0F82491D0F820813449611ABE
:1059200075F1000001D2334804603348007818B1A3
:1059300031480078012807D142F21071611A75F1DF
:10594000000001D2012085E62B480078022803D010
:1059500029480078032807D144F62061611A75F1BF
:10596000000001D2012075E62149711A77F100008B
:1059700001D201206EE63C49B8EB010179F100004B
:1059800001D2012066E61C48007818B11A48007858
:1059900001280ED1FA22002320462946FAF71AFCE4
:1059A000401E1649086008460068A0F11C00086007
:1059B0000DE0FA22002320462946FAF70BFC401E90
:1059C0000E49086008460068A0F1480008600B48CE
:1059D000CDE90489006822462B46CDE90067029094
:1059E00022A005F0D3FA00BF00BF5BE04800002012
:1059F000400D030014030020C00100200803002014
:105A0000B08242420000404218140240840200204A
:105A100070756C73653D256C6C646E732C66726575
:105A2000713D256C6C646D687A2C74696D355F61AD
:105A300072723D25640D0A00000000A2941A6D42A6
:105A40000000000000406F40000000000000F03F38
:105A5000543D256C662C74696D325F6172723D2510
:105A6000640D0A0048010020A086010070756C7367
:105A7000653D256C6C646E732C667265713D256C9A
:105A80006C646D687A2C74696D355F6172723D2546
:105A9000642C6475726174696F6E3D256C6C640D65
:105AA0000A00000000BF142006904FF47A72002311
:105AB00030463946FAF78EFB06460F4630463946E1
:105AC000FAF7C0FD41EC190B53EC192B1FED260B17
:105AD00051EC100BFAF707FD41EC180B1FED280BEA
:105AE00053EC102B51EC180BFAF7FDFC1FED2A0BB1
:105AF00053EC102BFAF77FFCFAF7B0FD82462348EF
:105B00000068504502D92148C0F800A04FF47A70CF
:105B10000021A8FB002B09FB00B001FB0801104687
:105B2000FAF790FD53EC182BFAF7DDFCFAF796FD27
:105B3000174908600846006853EC182BCDE900A00F
:105B400014A005F023FA01201B49086000201B491E
:105B5000C1F880020A20FBF743F91948407830B9B0
:105B60004FF40040174908800A20FBF739F90698DE
:105B700081B2504602F0B9F800211348817001212A
:105B8000880701F0AEFF00BF002063E50803002096
:105B900010030020543D256C662C74696D325F61E2
:105BA00072723D25642C747261696E5F61636F75FA
:105BB0006E743D25640D0A00B082424200004042EE
:105BC00048000020181402408402002010B5FBF7A2
:105BD00013F900214FF0804001F083FF00204FF0C7
:105BE000804148620F48407810B9C8130E490880B8
:105BF00000200E4908600E49086001210D4881709F
:105C000000210320FAF70BFF00200B4908600B4925
:105C1000C1F8840201200A4908600020094908608F
:105C200010BD0000480000201A140240100300209C
:105C30000C03002084020020B082424200804042D7
:105C400080024042D00200202DE9F0472DED028B6A
:105C500004464FF000099FED4C0AB0EE408AE06820
:105C600018B1E168002006F045FB48480078401C68
:105C700000EB80004100002006F04EFBE060E06891
:105C800020B90520BDEC028BBDE8F0873F48407885
:105C9000012829D13D48806B20603C493831D1E949
:105CA00004714FF47A7200233846FAF793FA0546E6
:105CB000FAF788FC08EE100A34493831D1E902219C
:105CC0001046FAF77FFC00EE100A20EE080ADFED1E
:105CD000300A20EE200ADFED2F0A80EE201ABCEEFB
:105CE000C10A10EE109A29E02848D0F8E0002060A0
:105CF0002649E031D1E904514FF47A720023284655
:105D0000FAF768FA0746FAF75DFC08EE100A1F4931
:105D1000E031D1E902211046FAF754FC00EE100AF6
:105D200020EE080ADFED1A0A20EE200ADFED190A3C
:105D300080EE201ABCEEC10A10EE109A206808B955
:105D400001209FE7B5EEC08AF1EE10FA01D10220E2
:105D500098E7B9F1000F01D1032093E7E068DFED88
:105D60000E0A68EE200AB0EE600A00EE909AF8EE95
:105D7000600A00F0D1F84FF6FF70E168086001207A
:105D8000A060606000207DE7000000004800002067
:105D900000504347286B6E4E0000C8422DE9F04189
:105DA0002DED028B0446002008EE100A9FED540AE8
:105DB000F0EE408AE06818B1E168002006F09AFA37
:105DC0005048007800EB80004100002006F0A4FA63
:105DD000E060E06820B90520BDEC028BBDE8F081F1
:105DE00048484078012803D146480069206003E014
:105DF0004448D0F8B8002060206808B90120EBE7DB
:105E00009FED410AF0EE408A4CF2503008EE100A45
:105E1000E068F8EE480AB0EE680A00F07DF839480C
:105E20004078012820D137491031D1E902514FF48F
:105E30007A7200232846FAF7CDF90746FAF7C2FB33
:105E400000EE100A9FED311AC8EE810A9FED301A5C
:105E5000C0EE811A20EE210ADFED2C0A80EE201A16
:105E60002C4880ED001A1FE02649B831D1E90251D3
:105E70004FF47A7200232846FAF7ACF90746FAF78E
:105E8000A1FB00EE100A9FED211AC8EE810A9FEDDA
:105E9000201AC0EE811A20EE210ADFED1C0A80EEE6
:105EA000201A1C4880ED001A1A4890ED000ABCEE3A
:105EB000C00A10EE100AE168086012480078022853
:105EC00012D1E16801F10A00F8EE480AB0EE680A62
:105ED00000F022F80F4890ED000ABCEEC00A10EE68
:105EE000100AE168C1F80A00E068006808B90420F7
:105EF00072E704480078A0600120606000206BE732
:105F000000000000480000208096984A00007A4473
:105F10000000C842C00200202DE9F0412DED088BA1
:105F2000B0EE409AF0EE608A0446002600279FED0E
:105F3000950AB0EE408A0025A846DFED930A89EE67
:105F4000200ADFED920A80EE801AB0EE418A9FEDC2
:105F5000900AB4EEC08AF1EE10FA05D8BCEEC80A79
:105F600010EE105A012686E018EE100AFAF78FFBA1
:105F700041EC1B0BB0EE4B0AF0EE6B0A05F02AF871
:105F8000B0EE40AAF0EE60AA51EC1A0BFAF766FBED
:105F9000054600EE105AB8EE400AC8EE000ABCEE04
:105FA000E00A10EE100A86B29FED7A0AB4EEC08ABB
:105FB000F1EE10FA0ADD9FED780AC8EE000ABCEE99
:105FC000E00A10EE108A4EF660273DE09FED730A5E
:105FD000B4EEC08AF1EE10FA0ADD9FED710AC8EE48
:105FE000000ABCEEE00A10EE108A42F210772BE0B5
:105FF0009FED6C0AB4EEC08AF1EE10FA0ADD9FED57
:106000006A0AC8EE000ABCEEE00A10EE108A4FF4ED
:106010007A7719E09FED650AB4EEC08AF1EE10FAC6
:1060200009DD9FED590AC8EE000ABCEEE00A10EE49
:10603000108A642708E0B2EE040AC8EE000ABCEE3B
:10604000E00A10EE108A0A2705FB06F000EE100A9F
:10605000B8EE400A78EE400A08FB07F000EE100A9E
:10606000B8EE400A38EE400AF4EEC00AF1EE10FA3B
:1060700001DD45463E46681EA080701EE0809FED13
:106080004C0AF4EEC08AF1EE10FA03DBA088401C43
:1060900020816DE0F5EEC08AF1EE10FA02D1002009
:1060A000208165E09FED420AC0EE280AA088401CCE
:1060B00000EE100AB8EEC00AF4EEC00AF1EE10FAD3
:1060C00037DDA08800EE100AB8EE400AB0EE408A34
:1060D000DFED370A80EEA80AF7EE000A30EE600A1C
:1060E000BCEEC00A10EE100AA080E08800EE100A94
:1060F000B8EE400A60EE080AA08800EE100AB8EE7A
:10610000400A80EE801AB0EE418AB7EE000AB4EE83
:10611000C08AF1EE10FA03D2B7EE000AB0EE408A60
:10612000B7EE000A38EE400ABCEEC00A10EE100AC4
:10613000E080A088401C00EE100AB8EEC00A20EEF5
:10614000280ADFED1B0A80EE201AB0EE418A18EE15
:10615000100AFAF79CFA41EC1B0B9FED160B53EC5F
:10616000102BFAF7A7F841EC1A0BFAF777FA20810F
:10617000E288A18811A004F009FF0020BDEC088B83
:10618000BDE8F081000000000000C842A037A04C2C
:1061900000FF7F47643F1C4E00606A4706FF794C52
:1061A00000401C4638FFC74A00007A4460FF1F4980
:1061B00000504347000000000000E03F6172723170
:1061C0003D25642C707363313D25640D0A00000089
:1061D0002DE9F0472DED028B04464FF000099FEDAD
:1061E000710AB0EE408AE06818B1E168002006F05C
:1061F00081F86D480078401C00EB800041000020D1
:1062000006F08AF8E060E06820B90520BDEC028B5A
:10621000BDE8F08764484078012803D16248006EE9
:10622000206003E06048D0F808012060206808B9C9
:106230000120EBE75C484078012827D15A48006EDE
:10624000206059484FF47A720023D0E91C51284647
:10625000F9F7C0FF0746FAF7B5F908EE100A5248F9
:10626000D0E91A211046FAF7ADF900EE100A20EE37
:10627000080ADFED4E0A20EE200ADFED4D0A80EE1F
:10628000201ABCEEC10A10EE109A27E04648D0F85A
:10629000080120604749D1E904514FF47A72002384
:1062A0002846F9F797FF0746FAF78CF908EE100A27
:1062B0004049D1E902211046FAF784F900EE100AAC
:1062C00020EE080ADFED390A20EE200ADFED380A59
:1062D00080EE201ABCEEC10A10EE109A206808B9B0
:1062E000012093E7B5EEC08AF1EE10FA01D1022049
:1062F0008CE7B9F1000F01D1032087E7E068DFEDFB
:106300002E0A68EE200AB0EE600A00EE909AF8EECF
:10631000600AFFF701FE2448806FE16808602248A8
:10632000407801281AD120484FF47A720023D0E92E
:106330001E512846F9F74EFF0746FAF743F900EEDB
:10634000100A20EE080ADFED1D0A80EE201ABCEECE
:10635000C10A10EE100AE168086019E01549D1E998
:1063600006714FF47A7200233846F9F733FF054679
:10637000FAF728F900EE100A20EE080ADFED0F0AFE
:1063800080EE201ABCEEC10A10EE100AE168086027
:10639000E068006808B9042038E70120A060606068
:1063A000002033E700000000480000200050434771
:1063B000286B6E4E500100200000C84200007A4455
:1063C00029B1064A12680243044B1A6004E0034AEA
:1063D00012688243014B1A60704700003038024057
:1063E00029B1064A12680243044B1A6004E0034ACA
:1063F00012688243014B1A6070470000383802402F
:1064000029B1064A12680243044B1A6004E0034AA9
:1064100012688243014B1A60704700004038024006
:1064200029B1064A12680243044B1A6004E0034A89
:1064300012688243014B1A60704700002038024006
:1064400029B1064A12680243044B1A6004E0034A69
:1064500012688243014B1A607047000044380240C2
:1064600029B1064A12680243044B1A6004E0034A49
:1064700012688243014B1A607047000024380240C2
:106480000348006840F080700149086070470000D0
:1064900074380240F0B500210022002402250026B5
:1064A0000223324F3F6807F00C0121B1042905D0C7
:1064B000082937D105E02E4F076036E02D4F0760E1
:1064C00033E02A4F3F1F3F68C7F38056274F3F1FD7
:1064D0003F6807F03F036EB1264FB7FBF3F7DFF8D5
:1064E0008CC0ACF1040CDCF800C0CCF3881C07FBBA
:1064F0000CF40CE01E4FB7FBF3F7DFF870C0ACF103
:10650000040CDCF800C0CCF3881C07FB0CF4174F1C
:106510003F1F3F68C7F301477F1C7D00B4FBF5F7C1
:10652000076002E0124F076000BF00BF0F4F3F68D7
:1065300007F0F0010909104F7A5C0768D7404760FF
:106540000A4F3F6807F4E051890A0B4F7A5C4768AD
:10655000D7408760054F3F6807F46041490B064FFD
:106560007A5C4768D740C760F0BD00000838024039
:106570000024F40040787D012003002010B501467E
:106580000022002300204A11012A02D10A4C23686C
:1065900008E0022A03D1084C7034236802E0064C5C
:1065A0007434236801F01F02012494401C400CB194
:1065B000012000E0002010BD003802400021024A06
:1065C0001170114608707047023802402DE9F04101
:1065D00004460D4600260027B04605F089FC2046FB
:1065E00005F05AFC05F0ACFC284605F055FC05F01A
:1065F000A7FC05F07DFC44F0010005F04DFC05F022
:106600009FFC05F027FC064605F0C0FB05F022FCC8
:10661000074605F00BFC05F083FC47EA06284046D8
:10662000BDE8F08100B587B001210803FFF708FF3E
:1066300001210846FFF7C4FE052211462F48FAF74C
:10664000BFFE052207212D48FAF7BAFE04202B4988
:1066500008830820088310200883A02000900220CF
:106660008DF8040000208DF8060002208DF8070048
:1066700003208DF8050069462048FAF759FE1C20D2
:10668000009001208DF8040000208DF80600012004
:106690008DF8070003208DF8050069461748FAF7C2
:1066A00047FE0021164800F051F8154800F05AF84E
:1066B0000020ADF808004FF48270ADF80A00002009
:1066C000ADF80C00ADF80E00ADF810004FF40070FE
:1066D000ADF812000820ADF814000020ADF8160047
:1066E0000720ADF8180002A9054800F093F8012131
:1066F000034800F02BF807B000BD00000000024086
:10670000003001404FF6FF7100BF0F4A128902F0BE
:1067100002021AB90A1EA1F10101F6D10A4A9081BA
:10672000128902F00102084B1A814FF6FF7100BF77
:10673000054A128902F08002802A03D10A1EA1F1C3
:106740000101F5D1704700000030014021B10288FD
:1067500042F04002028004E002884FF6BF731A4004
:106760000280704710B504462448844208D10121B4
:106770008014FFF775FE0021A014FFF771FE3CE0C6
:106780001F48844208D101210014FFF749FE00216F
:106790002014FFF745FE30E01A48844208D1012159
:1067A000C013FFF73DFE0021E013FFF739FE24E0A0
:1067B0001548844208D101214014FFF751FE002101
:1067C0006014FFF74DFE18E01048844209D1012102
:1067D0000805FFF745FE00214FF48010FFF740FE4B
:1067E0000BE00B48844208D101214805FFF738FE31
:1067F00000214FF40010FFF733FE10BD00300140C0
:1068000000380040003C004000340140005001408E
:106810000054014010B50022028802F441520B8856
:106820004C8823438C882343CC8823430C892343FF
:106830004C8923438C892343CC8923431A43028008
:10684000838B4FF2FF74234083830B8A038210BD36
:1068500030B5F0B12C4BD3F854315B1C2A4CE478A2
:106860001C44294BC3F85841D3F854310833264C03
:10687000E47803EBC40330CB244BC3E90445224B3B
:10688000DB78234C04EBC303D3E900541F4BC3E96B
:10689000065419B31C4B5C79012393401C403CB94E
:1068A000194B5B79012494402343174C637106E034
:1068B000154B5C79012393409C43134B5C71124B45
:1068C0005C79D3F854311C700F4B93F871310BB9CC
:1068D000012400E000240C4B83F871410A4B5B79E2
:1068E000012494402340002B01DD012300E000231C
:1068F000054C84F850312346DB78022B02D101236A
:1069000084F8503130BD000048000020980100207C
:10691000C80100207047000030B500228B071C0F13
:106920000F2303FA04F20B4B8C1053F824309343DB
:10693000084C8D1044F8253023468C1053F8243031
:106940008C07240F00FA04F42343024C8D1044F802
:10695000253030BD083801401CB500200190009062
:106960003648006840F48020344908600520FFF76D
:1069700025FE00BF3148006800F400300090019807
:10698000401C0190009818B90198B0F5A04FF1D1C2
:106990002A48006800F4003010B10120009001E0A6
:1069A000002000900098012846D12448403000681B
:1069B00040F080502149403108602148006840F48F
:1069C00040401F4908601D48083000681B490831D5
:1069D00008600846006840F4004008600846006807
:1069E00040F4A05008601748091F0860081F00689D
:1069F00040F08070091F086000BF1048006800F078
:106A000000700028F9D040F205700F4908600B486B
:106A10000830006820F00300084908310860084683
:106A2000006840F00200086000BF044808300068B9
:106A300000F00C000828F8D11CBD0000003802400E
:106A40000070004019544007003C024070B50446F5
:106A50000D4600260CB905B970BD4048C67840788F
:106A600001283BD13E4800213E4A03C23B48807882
:106A700030B101280FD0022818D003282CD120E0F3
:106A8000364808303549C1F8540132462946204677
:106A9000FFF7DEFE21E0314830303049C1F85401C3
:106AA000324629462046FFF7D3FE16E02B485830E1
:106AB0002A49C1F85401324629462046FFF7C8FE4C
:106AC0000BE0264880302549C1F85401324629465A
:106AD0002046FFF7BDFE00E000BF3CE02248002159
:106AE000204A03C206B904261C48807830B1012828
:106AF0000FD0022818D003282BD11FE01748B03040
:106B00001649C1F85401324629462046FFF7A0FE37
:106B100020E01248D8301149C1F8540132462946C4
:106B20002046FFF795FE15E010480C49C1F85401C6
:106B3000324629462046FFF78BFE0BE00B482830F3
:106B40000649C1F85401324629462046FFF780FE27
:106B500000E000BF00BF00BF7EE70000480000204B
:106B6000C095A905C80100200048E801480100209F
:106B70002DE9F04781464FF47A74F9488078FF2870
:106B800003D0F748C078FF2801D1BDE8F087F4486A
:106B900090F85001012800D1F24CB9F1110F7CD2CC
:106BA000DFE809F0090A0B0C0D0E0F1011127BCF54
:106BB000FEFDFCFBFA0000BF00BF00BF00BF00BF2E
:106BC00000BF00BF00BF00BFE54890F8700101287A
:106BD00004D0E34890F87101012815D10220E04962
:106BE00081F870010021DE4880F8721180F871117F
:106BF00090F87211D0F85801017009FB04F00021DF
:106C0000D94AC2E904019BE0D54890F85001012817
:106C100079D1D34890F87201042805D10321D048D6
:106C2000D0F85801017005E0CD4890F87211D0F805
:106C300058010170CA4890F8720130B1012817D08C
:106C400002282ED003285CD142E0C7480A25D0E9AB
:106C500004310020A3FB052601FB056103FB0015A1
:106C600009FB04F151186841BF4AC2E9041049E028
:106C7000BB4890F87201401CC1B2B94880F872114B
:106C800009FB04F00A21B0FBF1F0B74AD2E9043263
:106C9000C01842F10001B44A00E0DEE3C2E9040199
:106CA00030E0AF4890F87201401CC1B2AC4880F8A7
:106CB000721109FB04F06421B0FBF1F0AA4AD2E999
:106CC0000432C01842F10001A74AC2E9040119E0E8
:106CD000A34890F87201401CC1B2A14880F872111B
:106CE00009FB04F04FF47A71B0FBF1F09E4AD2E94F
:106CF0000432C01842F100019B4AC2E9040101E0DC
:106D000001E000BF1CE00421954880F872110321C6
:106D1000D0F85801017094490A230025D1E90402F2
:106D2000A0FB031602FB036200FB052309FB04F032
:106D30002A460D46281843EB02018B4AC2E904019A
:106D40008CE3874890F87001012810D10220844913
:106D500081F87001084690F85001012807D10421FC
:106D60007F4880F872110321D0F8580101707C48E7
:106D700090F8500101286FD1794890F8720138B12C
:106D8000774890F87201401EC1B2754880F87211C0
:106D9000734890F8720104E085E2C4E141E1C2E089
:106DA000AFE030B101281FD002283DD003286DD1BB
:106DB00053E004EB84004FEA400C6B49D1E90451E5
:106DC000624600232846F9F705FA6748D0E904101F
:106DD0008F1A60EB03010A2200233846F9F7FAF90B
:106DE000614AC2E9040152E05D4890F87201401E18
:106DF000C1B25B4880F872110A20B4FBF0F000EBDE
:106E000080004500002358482A46D0E904713846DE
:106E1000F9F7E0F95448D0E90410891A60EB03004F
:106E2000514AC2E9041032E06420B4FBF0F000EBF8
:106E30008000470000234C483A46D0E904512846D8
:106E4000F9F7C8F94848D0E90410891A60EB030043
:106E5000454AC2E904101AE030E04FF47A70B4FBFE
:106E6000F0F000EB8000470000233F483A46D0E9AD
:106E700004512846F9F7AEF93B48D0E90410891AC5
:106E800060EB0300384AC2E9041000E000BF00BF15
:106E9000334890F87211D0F8580101703048D0F89A
:106EA0005801007860B32E48D0F858010078401E91
:106EB000C1B22B48D0F85801017021E004212848C4
:106EC00080F872110321D0F85801017004EB84009E
:106ED0004FEA400C244862460023D0E9045128467A
:106EE000F9F778F92048D0E904108F1A60EB030114
:106EF0000A2200233846F9F76DF91B4AC2E904015A
:106F0000ACE20120164981F870010021144880F894
:106F1000721190F87211D0F85801017000221248D5
:106F2000026142619AE20E4890F87001012821D175
:106F300002200B4981F87001084690F850010128A1
:106F400018D10846D0F85801007878B10846D0F832
:106F500058010078401CC1B2014880F8721109E064
:106F60004800002040420F00980100200021FE4808
:106F700080F87211FC4890F8500101283FD1FA487E
:106F8000D0F85801007830B101280ED0022819D06D
:106F9000032832D123E0F548D0E90420111940F14B
:106FA0000000F24AC2E9041028E00A20B4FBF0F025
:106FB000EE4BD3E90423801843F10001EB4AC2E908
:106FC00004011BE06420B4FBF0F0E84AD2E904328B
:106FD000C01842F10001E54AC2E904010EE04FF495
:106FE0007A70B4FBF0F0E14BD3E90423801843F14D
:106FF0000001DE4AC2E9040100E000BF10E0042104
:10700000D94880F872110321D0F858010170D7488F
:10701000D0E90420121940F10000D449C1E904204C
:107020001CE2D14890F8700101281BD10220CE4902
:1070300081F87001084690F85001012812D10846E5
:10704000D0F85801007848B10846D0F858010078C7
:10705000401CC1B2C44880F8721103E00021C2484C
:1070600080F87211C04890F85001012847D1BE48FD
:10707000D0F85801007830B1012810D002281DD076
:1070800003283AD129E0B948D0E9042104EB84006F
:10709000101841F10001B54AC2E904012EE004EBE9
:1070A00084000A21B0FBF1F0B04AD2E90432C018E2
:1070B00042F10001AD4AC2E904011FE004EB840083
:1070C0006421B0FBF1F0A94AD2E90432C31842F1BD
:1070D0000001A648C0E9043110E004EB84004FF43D
:1070E0007A71B0FBF1F0A14AD2E90432C01842F142
:1070F00000019E4AC2E9040100E000BF12E0042141
:10710000994880F872110321D0F85801017097480E
:10711000D0E9043004EB8401591840F10000934A8F
:10712000C2E904109AE1904890F8700101281BD13F
:1071300002208D4981F87001084690F8500101281D
:1071400012D10846D0F85801007848B10846D0F866
:1071500058010078401CC1B2834880F8721103E0E6
:107160000021814880F872117F4890F85001012871
:107170007BD17D48D0F85801007830B101281AD071
:10718000022834D003286ED14DE07848D0E904209D
:10719000121B70F1000009D37448D0E90420111BC0
:1071A00060F10000714AC2E9041003E000226F4858
:1071B0000261426158E00A20B4FBF0F06B49D1E96A
:1071C0000431181A71F100010CD30A20B4FBF0F05D
:1071D0006649D1E90421101A61F10001634AC2E94C
:1071E000040103E0002261490A614A613CE0642035
:1071F000B4FBF0F05D49D1E90431181A71F10001D6
:107200000CD36420B4FBF0F15848D0E90430591A8B
:1072100060F10000554AC2E9041003E0002253491E
:107220000A614A6120E04FF47A70B4FBF0F14F48F4
:10723000D0E90430591A70F100000FD34FF47A707E
:10724000B4FBF0F14948D0E90430591A60F100006C
:10725000464AC2E9041005E007E004E00022434882
:107260000261426100E000BF1CE04048D0E9042018
:10727000121B70F1000009D33C48D0E90420111B17
:1072800060F10000394AC2E9041003E000223749E6
:107290000A614A610421344880F872110321D0F850
:1072A00058010170DAE0304890F8700101281BD1D4
:1072B00002202D4981F87001084690F850010128FC
:1072C00012D10846D0F85801007848B10846D0F8E5
:1072D00058010078401CC1B2234880F8721103E0C5
:1072E0000021214880F872111F4890F850010128B0
:1072F0007ED11D48D0F85801007830B101281ED049
:10730000022841D0032874D15EE01848D0E9043047
:1073100004EB8401591A70F100000BD31348D0E933
:10732000043004EB8401591A60F100000F4AC2E9ED
:10733000041003E000220D490A614A616AE004EB8F
:1073400084000A21B0FBF1F10848D0E90430591A51
:1073500070F1000013D304EB84000A21B0FBF1F1BB
:107360000248D0E9043003E04800002098010020E2
:10737000591A60F100004A4AC2E9041003E00022F1
:1073800047490A614A6145E004EB84006421B0FB8F
:10739000F1F14348D0E90430591A70F100000ED3DE
:1073A00004EB84006421B0FBF1F03D49D1E90431E4
:1073B000181A61F100013A4AC2E9040103E0002110
:1073C00037480161416125E004EB84004FF47A7194
:1073D000B0FBF1F03249D1E90431181A71F1000122
:1073E00012D304EB84004FF47A71B0FBF1F101E0A9
:1073F00011E00EE02A48D0E90420511A60F10000A3
:10740000274AC2E9041003E00022254802614261D4
:1074100000E000BF20E02248D0E9043104EB840002
:10742000181A71F100010BD31D48D0E9042004EBB8
:107430008401511A60F10000194AC2E9041003E006
:10744000002217490A614A610421164880F8721126
:107450000321D0F85801017000E000BF00BF1048C0
:10746000D0E906100E4AD2E90432C91A904104D27A
:107470000B48D0E90621C0E904210948D0E90410ED
:10748000084AD2F854210832064BDB7802EBC302DB
:10749000C2E9001001200449088100BFFFF775BB55
:1074A0009801002048000020C806002010B50446BE
:1074B0005748407856490978884203D155480078A2
:1074C000A0427DD0012C44D15148407800F0010009
:1074D000B8B151A003F05AFD00205949086059483D
:1074E0008078032805D1E003574908801E20F9F76A
:1074F00077FC00205549086000210220F9F78FFA37
:107500006FE053A003F042FD01204D4908604D4853
:107510008078032806D14FF400404B4908801E2094
:10752000F9F75EFC0120494908600A20F9F758FC88
:1075300044488078032807D14FF400404249891E0F
:1075400008800A20F9F74CFC00210120F9F767FABE
:1075500047E0022C45D12E48407800F00100B8B138
:1075600045A003F013FD0020354908604C49C1F8DF
:10757000B00234488078032805D1A003324908803E
:107580001E20F9F72DFC00210220F9F748FA28E027
:1075900044A003F0FBFC01202949086029488078B9
:1075A000032806D14FF40040274908801E20F9F730
:1075B00017FC0120254908600A20F9F711FC00E0BA
:1075C00025E020488078032807D14FF400401E4969
:1075D000891E08800A20F9F703FC00210120F9F731
:1075E0001EFA3A48007818B138480078012802D1CC
:1075F00000F098FD01E000F0D1FD05484078044915
:107600000870044804704FF4FA70F9F7E9FB10BDF4
:10761000E8010020EA0100205357204D6F646520E7
:10762000746F20566F6C746167652C20506F73699E
:107630007469766520766F6C74616765210D0A0048
:1076400080824242480000201A140240B082404228
:107650005357204D6F646520746F204375727265B7
:107660006E742C20506F736974697665206375722F
:1076700072656E74210D0A005357204D6F646520AA
:10768000746F20566F6C746167652C204E6567615E
:107690007469766520766F6C74616765210D0A00E8
:1076A000008040425357204D6F646520746F204323
:1076B000757272656E742C204E65676174697665AB
:1076C0002063757272656E74210D0A00C00100207E
:1076D0001CB501212020FEF773FE01210220FEF7D8
:1076E0006FFE4FF48050009001208DF804000020C0
:1076F0008DF8060003208DF8050001208DF80700A5
:1077000069460548F9F714FE4FF480500090694629
:107710000248F9F70DFE1CBD0014024000040240AF
:107720001848006820B117480068401E15490860D5
:1077300015480068401C1449086014480068401C43
:107740001249086008460068282804D30020086011
:1077500001200F4908700C48006840F28A218842D5
:1077600003D140200B4948830AE007480068B0F580
:10777000307F05D94020074908830020024908606E
:10778000704700000C0000200400002008000020CA
:10779000100000200010024010B51548006840F4A9
:1077A0007000134908601348006840F00100114957
:1077B000086000200F49083108600E4800680E4933
:1077C00008400C4908600D48091D0860081F006842
:1077D00020F48020091F0860002006490C31086051
:1077E000FFF7BAF84FF0006001498039086010BD1A
:1077F00088ED00E000380240FFFFF6FE1030002464
:1078000010B50121880700F078F9D8B10E4800685A
:10781000F9F782FC0121880700F060F90B488078B5
:1078200002280FD10A480068401C09490860084630
:10783000006808490968884204D9002004490860A2
:10784000FEF7C4F910BD0000080300204800002026
:107850000C0300201003002010B501210F4800F098
:107860004CF9C8B10E480068012803D100210D4829
:1078700081700DE001210B488170084800884FF6A7
:10788000FE71084005490880002004492431086041
:107890000121024800F022F910BD00000004004060
:1078A000008240428402002010B50121674800F0A8
:1078B00024F9002871D06648007818B1644800782F
:1078C00001281FD16349487801220021FDF742FCBD
:1078D000002061490860F9F78FFA5E488078002837
:1078E0000FD15E49086001205D49C1F88002594806
:1078F000407818B94FF400405A49088001215A488D
:1079000081709EE053488078032847D1574800682B
:10791000401C5649086008460068022816D14C48A9
:107920000078022809D1524A526812685142494AE5
:1079300050780122FDF70EFC83E04D4A5268116831
:10794000444A50780122FDF705FC7AE04748006878
:10795000032876D34748006849F64041884203D25D
:10796000092005F0ABF802E01E2005F0A7F8394920
:10797000487801220021FDF7EDFB00203E49087008
:10798000F9F73AFA00203949086001203B490860BC
:1079900000203B49C1F8800253E056E033480068BC
:1079A000401C3249086008460068022816D1284861
:1079B0000078022809D12E4A526812685142254A9D
:1079C00050780122FDF7C6FB3BE0294A5268116856
:1079D000204A50780122FDF7BDFB32E023480068C1
:1079E00003282ED32348006849F64041884203D239
:1079F000092005F063F802E01E2005F05FF8154944
:107A0000487801220021FDF7A5FB002012490860FB
:107A1000F9F7F2F90020154908600E48807880B91E
:107A200000200E49086001200D49C1F88002094874
:107A3000407818B94FF400400A49088001210A48EB
:107A400081700121014800F049F810BD000C004090
:107A5000C00100204800002084824042B08242429F
:107A6000000040421A14024084020020D00200208C
:107A7000A002002014030020DC020020800240420B
:107A80000000424210B50D48008A00F00100A0B18C
:107A900000F016FB0A488078401CC0B20849887084
:107AA0000A2804DB00F008FB002005498870034821
:107AB000008A20F001000149088210BD001000403A
:107AC000C806002021B1028842F08002028004E052
:107AD00002884FF67F731A4002807047CA430282C1
:107AE000704721B1028842F00102028004E002885E
:107AF0004FF6FE731A400280704730B502460020F0
:107B000000230024158A05EA0103958905EA01048A
:107B100013B10CB1012000E0002030BD1AB18389FF
:107B20000B43838102E083898B438381704700008C
:107B300070B5002400220023058C4FF6FE763540F8
:107B40000584028C8388048B4FF68F752C40B51EFC
:107B50002C400D882C43751E2A408D892A434D8860
:107B60002A43104DA84202D00F4DA84213D14FF620
:107B7000F7752A40CD892A434FF6FB752A408D8838
:107B80002A434FF6FF652B404FF6FF552B400D8AD9
:107B90002B434D8A2B43838004838D684563028485
:107BA00070BD000000000140000401400A460021B1
:107BB000018B4FF6F77319401143018370474163FE
:107BC0007047000000220288184B98420ED0184BD4
:107BD00098420BD0B0F1804F08D0164B984205D098
:107BE000154B984202D0154B984204D14FF68F7333
:107BF0001A404B881A43124B984207D0114B9842B7
:107C000004D04FF6FF431A400B891A4302804B6899
:107C1000C3620B880385054B984202D0044B9842FF
:107C200001D18B7A038601238382704700000140D3
:107C3000000401400004004000080040000C004027
:107C4000001000400014004010B51C484089002876
:107C500033DD1A484089B0F57A7F2EDA174840891B
:107C6000401C1649488108464089FA2825DD1448F9
:107C7000007878B112480078042803DB0E20FEF764
:107C800077FF02E00D20FEF773FF00200C4908701B
:107C90000A4948810B48007878B10A4800780428DE
:107CA00003DB1020FEF764FF02E00F20FEF760FF09
:107CB0000020044908700149488110BDC806002011
:107CC000E4020020E50200200288002A05DD028887
:107CD0008A4202DA0288521C028070470188002919
:107CE00002DD0188491E018070477FB505460C46BC
:107CF00001210846FEF784FB1C208DF800000120BE
:107D00008DF8010002208DF8020001208DF803009B
:107D10006846FDF7C5F90295ADF804400020ADF8BE
:107D20000600ADF80C0001A94FF08040FFF74AFFB4
:107D3000012211469007FFF7F1FE7FBD7FB5054692
:107D40000C4601210220FEF75BFB1D208DF8000090
:107D500002208DF8010003208DF8020001208DF82B
:107D600003006846FDF79CF90295ADF80440002039
:107D7000ADF80600ADF80C0001A90648FFF722FF98
:107D800001210448FFF7AAFE012211460148FFF72E
:107D9000C5FE7FBD000400407FB505460C460121AD
:107DA0000820FEF72DFB32208DF8000001208DF811
:107DB000010002208DF8020001208DF803006846C2
:107DC000FDF76EF90295ADF804400020ADF806000D
:107DD000ADF80C0001A90648FFF7F4FE01210448A4
:107DE000FFF77CFE012211460148FFF797FE7FBD99
:107DF000000C00407FB505460C4601211020FEF71F
:107E0000FFFA0295ADF804400020ADF80600ADF889
:107E10000C0001A90D48FFF7D5FE012211460B48C1
:107E2000FFF77CFE01210948FFF75BFE36208DF845
:107E3000000002208DF8010003208DF802000120CF
:107E40008DF803006846FDF72BF97FBD0010004058
:107E500010B52DED0C8B8AB0B0EE408A002008EEF4
:107E6000900A9FED4D0AB0EE409A01211020FEF7D6
:107E7000A7FA01210804FEF7E3FA03220521474887
:107E8000F9F79EFA2020089002208DF824000020A7
:107E90008DF8260003208DF8250001208DF827009D
:107EA00008A93E48F9F744FA20213C48F9F7ABFA13
:107EB0009FED3B0AB0EE409AB5EEC09AF1EE10FA93
:107EC00003D8B7EE000AB0EE409AB5EEC08AF1EEE4
:107ED00010FA03D29FED300AB0EE408A9FED310ACE
:107EE000B4EEC08AF1EE10FA03DD9FED2B0AB0EE7E
:107EF000408A2D4808EE900AF8EE680A80EE890A5A
:107F0000F7EE000A30EE600ABCEEC00A8DED060AFC
:107F10000120ADF814000020ADF81600ADF81C00EB
:107F200005A92248FFF74EFE6020ADF800000120B1
:107F3000ADF80200F8EE680A80EE890AF7EE000A52
:107F400030EE600A10EE104A2046F8F7A0FB41EC34
:107F50001B0B18EE100AF8F79AFB41EC1D0B9FED76
:107F6000140B53EC102BF8F7BEFA41EC1C0B53EC3E
:107F70001B2BF8F746FA41EC1A0BF8F76FFB02904F
:107F80000020ADF80C0069460848FFF7D1FD0AB0A3
:107F9000BDEC0C8B10BD0000000000000010024082
:107FA00000007A440000C84280DE800200400140A8
:107FB00000000000000059401CB520200090022065
:107FC0008DF8040000208DF8060001208DF80700D0
:107FD00003208DF8050069460A48F9F7A9F903223C
:107FE00005210848F9F7ECF908210748FFF7DEFDFD
:107FF00001210548FFF766FD01210348FFF771FDE8
:108000001CBD0000001002400040014070B52DED85
:108010000C8BB0EE408A002008EE900A9FED200AFB
:10802000B0EE409A9FED1F0AB0EE409AB5EEC09AAE
:10803000F1EE10FA03D8B7EE000AB0EE409A1A48F3
:1080400008EE900AF8EE680A80EE890AF7EE000A58
:1080500030EE600A10EE105A2846F8F718FB41EC93
:108060001B0B18EE100AF8F712FB41EC1D0B9FEDED
:108070000F0B53EC102BF8F736FA41EC1C0B53ECBA
:108080001B2BF8F7BEF941EC1A0BF8F7E7FA044698
:1080900021460848FFF793FDBDEC0C8B70BD000036
:1080A0000000000000007A4480DE80020000000032
:1080B000000059400040014010B503F0DFFC10BD46
:1080C00010B5FFF7C1FD1448FFF708FE1248801CE9
:1080D000FFF704FE1148FFF701FE1048001DFFF7EF
:1080E000FDFD0E480830FFF7F9FD4EF66A210A48FB
:1080F000001DFFF7E9FD0848001FC06808498842D5
:1081000004D20548001FC068401C00E0002002495E
:10811000091FC86010BD0000CC060020DA06002050
:10812000005C260500B585B001210220FEF748F964
:1081300001218803FEF784F90120039000208DF8C7
:10814000100002208DF8130003A91348F9F7F0F886
:1081500000210120FEF7E0FB0120009000208DF8B7
:10816000040010208DF8050001208DF806006846F7
:10817000F8F788FF06208DF8080001208DF8090027
:1081800000208DF80A0001208DF80B0002A8FCF7F2
:1081900087FF05B000BD00000004024000B585B0B7
:1081A00001210220FEF70CF901218803FEF748F9AE
:1081B0000120039000208DF8100001208DF813009D
:1081C00003A91348F9F7B4F800210120FEF7A4FB36
:1081D0000120009000208DF8040008208DF8050093
:1081E00001208DF806006846F8F74CFF06208DF850
:1081F000080001208DF8090000208DF80A000120F8
:108200008DF80B0002A8FCF74BFF05B000BD000085
:10821000000402401CB501210220FEF7D1F8022023
:10822000009001208DF8040000208DF80600032046
:108230008DF8050001208DF8070069460348F9F71D
:1082400077F80020024908601CBD000000040240CD
:10825000848240421FB5FB48807801281ED0F9482F
:10826000807820B9F8A1FA4802F0A0FE07E0F548AE
:108270008078022803D1F7A1F54802F097FEF7486D
:10828000807818B1F5488078032803D10020F4499C
:10829000086011E00120F24908600DE0E9488078AB
:1082A000012809D1EFA1EA4802F080FE0020EC4944
:1082B0000860EE49C1F88402E8480078012804D13A
:1082C0000020E7490831086003E00120E449083153
:1082D0000860E7480078002869D10390E5A1DC48F0
:1082E0001E3002F063FE002003900CE0039800F5BE
:1082F000C27080B20022FA210290F9F7E1FF0398E0
:10830000401C80B2039003981428EFDB00200390F8
:108310000EE00398C0F1FA0080B2002201460290FC
:108320004FF4CC70F9F7CCFF0398401C80B2039057
:1083300003981228EDDB002003900CE0039800F571
:10834000CC7080B20022E8210290F9F7B9FF0398BF
:10835000401C80B2039003982828EFDB0020039094
:108360000EE00398C0F1FA0080B2002201460290AC
:108370004FF4E070F9F7A4FF0398401C80B203901B
:1083800003981228EDDB002003900CE0039800F521
:10839000E07080B20022FA210290F9F791FF039871
:1083A000401C80B2039003981428EFDBBAE1B04878
:1083B0000078012869D100200390AFA1A4481E30A5
:1083C00002F0F4FD002003900CE0039800F5C27069
:1083D00080B20022FA210290F9F772FF0398401C44
:1083E00080B2039003981428EFDB002003900DE087
:1083F0000398FA3080B20022014602904FF4CC700C
:10840000F9F75EFF0398401C80B20390039812288E
:10841000EEDB002003900DE0039800F5CC7080B2F5
:1084200000224FF486710290F9F74AFF0398401C2E
:1084300080B2039003982828EEDB002003900DE023
:108440000398FA3080B20022014602904FF4E070A7
:10845000F9F736FF0398401C80B203900398122866
:10846000EEDB002003900CE0039800F5E07080B292
:108470000022FA210290F9F723FF0398401C80B2F2
:10848000039003981428EFDB4CE179480078022828
:108490007ED10020039079A16D481E3002F086FD48
:1084A000002003900CE0039800F5C27080B2002217
:1084B000FA210290F9F704FF0398401C80B2039060
:1084C00003981428EFDB002003900EE00398C0F11E
:1084D000FA0080B20022014602904FF4CC70F9F706
:1084E000EFFE0398401C80B2039003981228EDDB46
:1084F000002003900CE0039800F5CC7080B20022BD
:10850000E8210290F9F7DCFE0398401C80B203904A
:1085100003981428EFDB002003900DE00398E83067
:1085200080B20022014602904FF4D670F9F7C8FEDF
:108530000398401C80B2039003982428EEDB0020AF
:1085400003900DE0039800F5D67080B200224FF43E
:1085500086710290F9F7B4FE0398401C80B2039034
:1085600003981428EEDB002003900DE00398FA3006
:1085700080B20022014602904FF4E070F9F7A0FEAD
:108580000398401C80B2039003981228EEDB00E0B1
:1085900013E0002003900CE0039800F5E07080B237
:1085A0000022FA210290F9F78BFE0398401C80B25A
:1085B000039003981428EFDBB4E00020039030A16F
:1085C00023481E3002F0F2FC002003900CE00398D8
:1085D00000F5C27080B20022FA210290F9F770FE15
:1085E0000398401C80B2039003981428EFDB00200E
:1085F00003900DE00398FA3080B200220146029009
:108600004FF4CC70F9F75CFE0398401C80B20390E5
:1086100003981228EEDB002003900DE0039800F58C
:10862000CC7080B200224FF486710290F9F748FEB8
:108630000398401C80B2039003981428EEDB0020BE
:10864000039030E08402002052756E6E696E670000
:108650002A05002050617573650000004800002065
:108660008002424253746F700000000000004242DA
:10867000C001002020000000202000002020200059
:1086800020202020000000000398C0F5867080B2F2
:108690000022014602904FF4D670F9F711FE0398BC
:1086A000401C80B2039003982428EDDB0020039047
:1086B0000CE0039800F5D67080B20022E821029009
:1086C000F9F7FEFD0398401C80B20390039814282C
:1086D000EFDB002003900EE00398C0F1FA0080B2B7
:1086E0000022014602904FF4E070F9F7E9FD03988B
:1086F000401C80B2039003981228EDDB0020039009
:108700000CE0039800F5E07080B20022FA2102909C
:10871000F9F7D6FD0398401C80B203900398142803
:10872000EFDB00BFFC48407801287DD1FBA1FD486C
:1087300002F03CFCF848807830B1012875D002285E
:1087400074D0032873D1FDE3F7A1F6485A3002F044
:108750002DFCF7A1F3486A3002F028FCF6A1F1489D
:108760007A3002F023FCF6A1EE488A3002F01EFCBB
:10877000F5A1EC489A3002F019FCF6A1E948B030B6
:1087800002F014FCAFF22011E648C63002F00EFCF5
:10879000AFF22C11E348DC3002F008FCDE484079EF
:1087A00000F0020058B3DC48C078012813D1DA4841
:1087B00090F8700178B10120D74910310090D1E9CB
:1087C000020102460B46CDE90201D649F2310120F1
:1087D00002F05EFB0EE00020CF4910310090D1E99D
:1087E000020102460B46CDE90201CE49F2310120D9
:1087F00002F04EFBDAA1DB4802F0D8FB2FE0C648BE
:10880000C078012818D1C44890F87001A0B10120A7
:10881000C14910310090D1E9020102460B46CDE971
:108820000201D049A03903E0FEE389E001E2FCE364
:10883000002002F02DFB0EE00020B749103100901F
:10884000D1E9020102460B46CDE90201C549A03932
:10885000002002F01DFBC4A1C24802F0A7FBAE48F5
:10886000407900F0010048B3AB48C07890B9AA48FD
:1088700090F8700170B10120A7490090D1E904017E
:1088800002460B46CDE90201B6497839012002F0D3
:10889000FFFA0DE00020A0490090D1E90401024652
:1088A0000B46CDE90201AF497839012002F0F0FA18
:1088B000AEA1AC480A3002F079FB28E09648C078B7
:1088C00090B9954890F8700170B1012092490090DC
:1088D000D1E9040102460B46CDE90201A1497839EC
:1088E000002002F0D5FA0DE000208B490090D1E97C
:1088F000040102460B46CDE902019A49783900206D
:1089000002F0C6FA9AA197480A3002F04FFBAFF284
:10891000A8219448503802F049FBAFF2B4219148A5
:10892000143002F043FBAFF2C0218E48283802F029
:108930003DFBAFF2CC218B481E3002F037FB46E303
:1089400079A178485A3002F031FB79A175486A3034
:1089500002F02CFB78A173487A3002F027FB78A153
:1089600070488A3002F022FB77A16E489A3002F0FC
:108970001DFB78A16B48B03002F018FB7DA169485F
:10898000C63002F013FBAFF220317648B63802F061
:108990000DFB6148407900F0020058B35E48C07892
:1089A000012813D15C4890F8700178B101205A4930
:1089B00038310090D1E9020102460B46CDE90201AF
:1089C0006849A039012002F063FA0EE00020524904
:1089D00038310090D1E9020102460B46CDE902018F
:1089E0006049A039012002F053FA5DA15D4802F010
:1089F000DDFA2AE04848C078012813D1464890F8AB
:108A0000700178B10120444938310090D1E9020168
:108A100002460B46CDE902015249A039002002F07E
:108A200037FA0EE000203C4938310090D1E90201CC
:108A300002460B46CDE902014A49A039002002F066
:108A400027FA49A1474802F0B1FA3348407900F0CB
:108A5000010048B33048C07890B92F4890F87001B1
:108A600070B101202C490090D1E90E0102460B465D
:108A7000CDE902013B497839012002F009FA0DE005
:108A8000002025490090D1E90E0102460B46CDE9B0
:108A9000020134497839012002F0FAF933A1314852
:108AA0000A3002F083FA28E01B48C07890B91A48CF
:108AB00090F8700170B1012017490090D1E90E01C2
:108AC00002460B46CDE9020126497839002002F022
:108AD000DFF90DE0002010490090D1E90E010246B7
:108AE0000B46CDE902011F497839002002F0D0F988
:108AF0001FA11C480A3002F059FA0748407900F0DB
:108B00000400E8B30448C078022848D1024890F82D
:108B10007001B0B3012035E048000020566F6C743E
:108B2000616765000C05002053696E676C65000085
:108B30004672656552756E00547261696E00000080
:108B4000457874426E63000050756C7365576964B4
:108B500074680000416D706C697475646500000094
:108B60006D7300009E0600207E730000560000001A
:108B70006D5600004672657175656E637900000080
:108B800020E00CE0FE490090D1E9040102460B46CA
:108B9000CDE90201FB49012002F07AF90CE0002046
:108BA000F7490090D1E9040102460B46CDE90201E4
:108BB000F449012002F06CF9F3A1F248643002F0AC
:108BC000F5F929E0EE483838C078022812D1EC488F
:108BD000383890F8700168B10120E9490090D1E976
:108BE000040102460B46CDE90201E649012002F0EC
:108BF0004FF90CE00020E2490090D1E9040102465F
:108C00000B46CDE90201DF49012002F041F9DFA165
:108C1000DC48643002F0CAF9AFF2B451D9482830C8
:108C200002F0C4F9AFF2C051D6486E3002F0BEF97E
:108C300015E3AFF20C11D348E83802F0B7F9AFF200
:108C40001011D048D83802F0B1F9AFF21411CD4864
:108C5000C83802F0ABF9AFF21811CA48B83802F0C0
:108C6000A5F9AFF21C11C748A83802F09FF9AFF27E
:108C70001C11C448923802F099F9AFF20811C148AA
:108C80007C3802F093F9C2A1BE48663802F08EF932
:108C9000BB483838407900F0020078B3B84838381B
:108CA000C078012814D1B648383890F8700178B1EE
:108CB0000120B34928310090D1E9020102460B4658
:108CC000CDE90201AF495039012002F0E1F80EE090
:108CD0000020AB4928310090D1E9020102460B4641
:108CE000CDE90201A7495039012002F0D1F8AFF2D5
:108CF0009011A448503002F059F92FE0FFE7A04846
:108D00003838C078012814D19D48383890F870015F
:108D100078B101209A4928310090D1E90201024638
:108D20000B46CDE9020197495039002002F0B0F816
:108D30000EE00020924928310090D1E9020102465C
:108D40000B46CDE902018F495039002002F0A0F80E
:108D5000AFF2EC118B48503002F028F988483838CF
:108D6000407900F0010070B385483838C078A0B968
:108D70008348383890F8700178B10120804938393B
:108D80000090D1E9180102460B46CDE902017D4968
:108D90002839012002F07CF80EE0002078493839AB
:108DA0000090D1E9180102460B46CDE90201754950
:108DB0002839012002F06CF8AFF2502171485A3086
:108DC00002F0F4F82EE0FFE76D483838C078A0B91B
:108DD0006B48383890F8700178B10120684938390B
:108DE0000090D1E9180102460B46CDE90201654920
:108DF0002839002002F04CF80EE000206049383994
:108E00000090D1E9180102460B46CDE902015D4907
:108E10002839002002F03CF8AFF2AC2159485A3012
:108E200002F0C4F856483838407900F0040060B3C6
:108E300053483838C078022813D15148383890F850
:108E4000700170B101204E4928310090D1E9040130
:108E500002460B46CDE902014A49012002F018F80A
:108E60000DE00020464928310090D1E90401024676
:108E70000B46CDE902014349012002F009F842A165
:108E80004048643002F092F82BE03D483838C07812
:108E9000022813D13A48383890F8700170B1012097
:108EA000374928310090D1E9040102460B46CDE94B
:108EB00002013449012001F0EBFF0DE000203049B0
:108EC00028310090D1E9040102460B46CDE90201A8
:108ED0002C49012001F0DCFF2CA12A48643002F06B
:108EE00065F827483838407900F0080058B324481E
:108EF0003838C078032814D12148383890F87001E8
:108F000078B101201E4928310090D1E906010246BE
:108F10000B46CDE902011B492831012001F0B8FFC1
:108F20000EE00020164928310090D1E906010246E2
:108F30000B46CDE9020113492831012001F0A8FFB9
:108F400016A101E044E004E00E486E3002F02EF875
:108F50003DE00B483838C078032825D10848383818
:108F600090F8700100B30120009005483838C16FB7
:108F7000806F02460B46CDE90201024928310FE01D
:108F8000800000204E0600204B487A00487A0000FE
:108F90004475726174696F6E000000007300000018
:108FA000002001F075FF0CE00020F7490090D1E9A6
:108FB000060102460B46CDE90201F449002001F00A
:108FC00067FFAFF26441F148463001F0EFFF46E140
:108FD000AFF2AC41EE4801F0E9FFAFF2AC41EC4832
:108FE000103001F0E3FFAFF2B041E948203001F06A
:108FF000DDFFAFF2B441E648303001F0D7FFAFF209
:10900000AC41E348563001F0D1FFAFF27401E048C3
:109010006C3001F0CBFFAFF28001DD48823001F00F
:10902000C5FFDC48007801E01AE117E118B1D94822
:109030000078012812D1AFF2A001D548403001F0EC
:10904000B5FFAFF2AC01D148783801F0AFFFAFF215
:10905000B801CE48283001F0A9FF84E0AFF21851E2
:10906000CB48403001F0A2FFC7486038407900F09B
:10907000020078B3C4486038C078012814D1C248CF
:10908000603890F8700178B10120BF492831009014
:10909000D1E9020102460B46CDE90201BB4978390C
:1090A000012001F0F5FE0EE00020B74928310090C4
:1090B000D1E9020102460B46CDE90201B3497839F4
:1090C000012001F0E5FEAFF26851B048283001F010
:1090D0006DFF2FE0FFE7AC486038C078012814D15D
:1090E000A948603890F8700178B10120A64928316C
:1090F0000090D1E9020102460B46CDE90201A349E5
:109100007839002001F0C4FE0EE000209E4928318D
:109110000090D1E9020102460B46CDE902019B49CC
:109120007839002001F0B4FEAFF2C45197482830DE
:1091300001F03CFF98480168436893482030D0E92B
:109140000442614083EA020001430CD08E48203083
:10915000D0E90410904A1160506016228E49891E91
:10916000E620F7F73CFD88486038407900F00100C0
:1091700070B385486038C078A0B98348603890F8EB
:10918000700178B10120804920310090D1E90201BD
:1091900002460B46CDE902017C495039012001F01D
:1091A00077FE0EE00020009077482030C16880688C
:1091B00002460B46CDE9020174495039012001F005
:1091C00067FEAFF258617148323001F0EFFE2DE0DA
:1091D0006D486038C078A0B96B48603890F870016D
:1091E00078B10120684920310090D1E9020102469E
:1091F0000B46CDE9020165495039002001F048FED7
:109200000EE00020604920310090D1E902010246C1
:109210000B46CDE902015D495039002001F038FECE
:10922000AFF2B4615948323001F0C0FEAFF298217C
:109230005648283801F0BAFEAFF2A42153483C301A
:1092400001F0B4FEAFF2B021504801F0AFFEAFF232
:10925000B8214E48463001F0A9FE00E000BFFCE313
:109260004EA14B485A3801F0A1FE4748603880783B
:1092700030B101286AD0022869D0032868D1EDE313
:10928000AFF25C71424801F091FEAFF25C71404870
:10929000103001F08BFEAFF260713D48203001F0DC
:1092A00085FEAFF264713A48303001F07FFEAFF2D4
:1092B00068713748403001F079FEAFF26871344888
:1092C000563001F073FEAFF2303131486C3001F0AE
:1092D0006DFEAFF23C312E48823001F067FE2A4825
:1092E0006038407900F0020078B327486038C078D1
:1092F000012814D12448603890F8700178B1012019
:10930000214958310090D1E9020102460B46CDE9CE
:1093100002011E497839012001F0BAFD0EE000205B
:10932000194958310090D1E9020102460B46CDE9B6
:10933000020116497839012001F0AAFDAFF2E0716F
:109340001248283001F032FE3FE002E0B7E023E2AD
:10935000FEE30D486038C078012823D10A48603800
:1093600090F87001F0B10120074958310090D1E91F
:10937000020102460B46CDE902010449783900207A
:1093800001F086FD1BE00000A8000020760600200A
:1093900066050020C00100204A0300204375727258
:1093A000656E74000020F8490090D1E90201024680
:1093B0000B46CDE90201F549002001F069FDAFF649
:1093C0005801F248A03001F0F1FDEF48B83840797B
:1093D00000F0100068B3EC48B838C078A0B9EA488B
:1093E000B83890F8700178B10120E7490839009049
:1093F000D1E9020102460B46CDE90201E3492831D9
:10940000012001F045FD0EE00020DF490839009001
:10941000D1E9020102460B46CDE90201DB492831C0
:10942000012001F035FDDAA1D848AA3001F0BEFDD7
:109430002CE0D548B838C078A0B9D348B83890F8EF
:10944000700178B10120D04908390090D1E90201BA
:1094500002460B46CDE90201CC492831002001F03B
:1094600017FD0EE00020C84908390090D1E902013B
:1094700002460B46CDE90201C4492831002001F023
:1094800007FDC4A1C148AA3001F090FDAFF2F84138
:10949000BE48503001F08AFDAFF20451BB48B430F1
:1094A00001F084FDAFF21051B848783001F07EFD34
:1094B000AFF21C51B548BE3001F078FD16E3AFF6AF
:1094C0009811B248983801F071FDAFF69C11AF4881
:1094D000883801F06BFDAFF6A011AC48783801F088
:1094E00065FDAFF6A411A948683801F05FFDAFF63D
:1094F000A811A648583801F059FDAFF6A811A348A5
:10950000423801F053FDAFF69411A0482C3801F019
:109510004DFDAFF27C519D48163801F047FD9A4849
:10952000B838407900F0020068B39748B838C0787E
:10953000012813D19448B83890F8700170B1012017
:109540000090914820304169006902460B46CDE900
:1095500002018E49012001F09BFC0DE000200090EB
:10956000894820304169006902460B46CDE9020175
:109570008649012001F08CFCAFF61C218348A03005
:1095800001F014FD2CE08048B838C078012813D1D0
:109590007D48B83890F8700170B101207A492831BF
:1095A0000090D1E9020102460B46CDE9020177495C
:1095B000002001F06DFC0DE000207349283100907F
:1095C000D1E9020102460B46CDE902016F490020B4
:1095D00001F05EFCAFF670216C48A03001F0E6FCB3
:1095E0006948B838407900F0100068B36648B83868
:1095F000C078A0B96448B83890F8700178B10120FB
:10960000614920310090D1E9020102460B46CDE9C3
:1096100002015E492831012001F03AFC0EE00020F1
:10962000594920310090D1E9020102460B46CDE9AB
:10963000020156492831012001F02AFC54A1534867
:10964000AA3001F0B3FC2CE04F48B838C078A0B97C
:109650004D48B83890F8700178B1012000904A4820
:109660002030C168806802460B46CDE902014749B7
:109670002831002001F00CFC0EE000200090424850
:109680002030C168806802460B46CDE902013F499F
:109690002831002001F0FCFB3EA13C48AA3001F03B
:1096A00085FC3948B838407900F0040078B3364872
:1096B000B838C078022814D13348B83890F870010F
:1096C00078B10120304928310090D1E904010246E7
:1096D0000B46CDE902012D495031012001F0D8FBA4
:1096E0000EE00020284928310090D1E9040102460B
:1096F0000B46CDE9020125495031012001F0C8FB9C
:10970000AFF27C712148B43001F050FC2FE0FFE74C
:109710001D48B838C078022814D11B48B83890F8D2
:10972000700178B10120009017482030C16980692C
:1097300002460B46CDE9020114495031012001F0E7
:10974000A7FB0EE0002000900F482030C16980691F
:1097500002460B46CDE902010C495031012001F0CF
:1097600097FBAFF2D8710948B43001F01FFCAFF29B
:10977000D8710648783001F019FCAFF2E471034863
:10978000BE3001F013FCF2E200010020FE050020D3
:109790006D4100007E410000AFF67441FE4801F0CB
:1097A00005FCAFF67441FC48103001F0FFFBAFF64A
:1097B0007841F948203001F0F9FBAFF67C41F648DA
:1097C000303001F0F3FBAFF68041F348403001F058
:1097D000EDFBAFF68041F048563001F0E7FBAFF605
:1097E0006C41ED486C3001F0E1FBAFF65C01EA48FA
:1097F000823001F0DBFBE948407900F0020058B309
:10980000E648C078012812D1E44890F8700170B1A0
:109810000120E3490090D1E9020102460B46CDE95F
:109820000201DD499831012001F032FB0EE00020F9
:109830000090DB4808384169006902460B46CDE9D3
:109840000201D5499831012001F022FBAFF6F04129
:10985000D44801F0ABFB29E0D048C078012812D1F0
:10986000CE4890F8700170B10120CD490090D1E947
:10987000020102460B46CDE90201C749983100209A
:1098800001F006FB0DE00020C5490090D1E902017E
:1098900002460B46CDE90201BF499831002001F094
:1098A000F7FAAFF63C51BF4801F080FBBB48407966
:1098B00000F0100060B3B948C07898B9B74890F884
:1098C000700178B101200090B5480838C1688068FF
:1098D00002460B46CDE90201B2497839012001F078
:1098E000D7FA0EE00020AE4908390090D1E9020114
:1098F00002460B46CDE90201AA497839012001F060
:10990000C7FAAFF27411A7480A3001F04FFB2BE001
:10991000A248C07898B9A14890F8700178B10120A8
:109920009F4908390090D1E9020102460B46CDE972
:1099300002019C497839002001F0AAFA0EE00020CB
:10994000974908390090D1E9020102460B46CDE95A
:10995000020194497839002001F09AFAAFF2CC1153
:1099600090480A3001F022FB8C48407900F0040056
:1099700068B38A48C078022813D1884890F87001EB
:1099800078B10120009086480838C1698069024694
:109990000B46CDE9020183495039012001F078FAE4
:1099A0000EE0002000907E480838C16980690246B8
:1099B0000B46CDE902017B495039012001F068FADC
:1099C000AFF63C217748143001F0F0FA2BE07348F1
:1099D000C078022813D1714890F8700178B1012045
:1099E00000906F480838C169806902460B46CDE98E
:1099F00002016C495039012001F04AFA0DE00020C3
:109A000067490090D1E9040102460B46CDE9020105
:109A100064495039012001F03BFAAFF690216148CA
:109A2000143001F0C3FA5D48407900F0080078B3C3
:109A30005A48C078032815D1584890F8700188B169
:109A4000012057490090D1E9060102460B46CDE9B5
:109A5000020154492839012001E089E147E001F081
:109A600017FA0EE0002000904D480838416A006A5D
:109A700002460B46CDE902014A492839012001F08E
:109A800007FAAFF6E82147481E3001F08FFA2DE0C3
:109A9000FFE74248C078032813D1404890F870018E
:109AA00078B1012000903E480838416A006A0246B9
:109AB0000B46CDE902013B492839002001F0E8F9C5
:109AC0000EE00020009036480838416A006A0246DD
:109AD0000B46CDE9020133492839002001F0D8F9BD
:109AE000AFF684712F481E3001F060FA3FE1AFF607
:109AF000C871294801F05AFAAFF6CC7126481030E7
:109B000001F054FAAFF6D0712348203001F04EFA3C
:109B1000AFF6D4712048303001F048FAAFF6CC717E
:109B20001D48563001F042FAAFF694311A486C30B5
:109B300001F03CFAAFF6A0311748823001F036FA56
:109B40001948007818B118480078012813D100E0AE
:109B50000CE1AFF6BC311048403001F027FAAFF607
:109B6000C8310D48983001F021FAAFF6D4310D48D4
:109B700001F01CFA83E00D490748403001F016FA65
:109B80000648407900F00200B0B30448C0780128CC
:109B90001FD102480CE000006605002048000020AC
:109BA000500100209E060020C0010020488B0008C4
:109BB00090F8700168B101206E490090D1E902016E
:109BC00002460B46CDE902016B49012001F060F924
:109BD0000CE0002067490090D1E9020102460B46E3
:109BE000CDE902016449012001F052F963A1624804
:109BF000A03001F0DBF929E0FFE76148C0780128D7
:109C000012D15F4890F8700170B10120009059485E
:109C100008384169006902460B46CDE90201564900
:109C2000002001F035F90CE0002052490090D1E904
:109C3000020102460B46CDE902014F49002001F026
:109C400027F950A14C48A03001F0B0F94E48016806
:109C5000426848480838D0E90434594082EA040090
:109C600001430CD043480838D0E90410464A11603B
:109C70005060162244490A39E620F6F7B0FF404802
:109C8000407900F0100060B33D48C07898B93C4876
:109C900090F8700178B10120364908390090D1E977
:109CA000020102460B46CDE9020133492831012069
:109CB00001F0EEF80EE0002000902E480838C16850
:109CC000806802460B46CDE902012B49283101206C
:109CD00001F0DEF8AFF248512748AA3001F066F9EA
:109CE0002BE02748C07898B9254890F8700178B1E2
:109CF000012000901F480838C168806802460B4662
:109D0000CDE902011C492831002001F0C1F80EE024
:109D10000020009017480838C168806802460B464A
:109D2000CDE9020114492831002001F0B1F8AFF269
:109D30009C511148AA3001F039F9AFF6A4510E48F0
:109D4000503001F033F9AFF6B0510B48B43001F0A8
:109D50002DF9AFF6BC510848783001F027F9AFF67D
:109D6000C8510548BE3001F021F900E000BF00BF36
:109D70001FBD000078010020FE0500206D7300006B
:109D8000480000207E7300005203002008B542F214
:109D90000410F8F719FA4FF4AD40D6239E220021A3
:109DA00000909420F8F7CCFA08BD000000B585B00B
:109DB000FE4890F8BA01012803D10220FB4981F83E
:109DC000BA01FA490F31F948F6F74EFA20B9F748C7
:109DD00090F8BA0102281BD146F2C330F44908803A
:109DE00000204880084640880988F04A1823CDE9B9
:109DF0000132CDE903102A209E23E52200210090A4
:109E00000620FBF7ABFAE94901F10F00F6F73AFA41
:109E1000E6492D31A1F10F00F6F726FA20B9E34803
:109E200090F8BA01022827D1E2488078012804D1AD
:109E30004FF44840DE49088003E04FF4AD40DC4970
:109E400008800020DA494880084640880988D74AB7
:109E50001E321823CDE90132CDE903102A209E23BA
:109E6000E522A42100900720FBF778FACF491E31A4
:109E700001F10F00F6F706FACC494B31A1F10F00C2
:109E8000F6F7F2F920B9C94890F8BA0102281ED1B4
:109E90004FF2E760C64908800020488008464088A5
:109EA0000988C24A3C321823CDE90132CDE90310BA
:109EB0002A209E23E5224FF4A47100900820FBF78E
:109EC0004DFABA493C3101F10F00F6F7DBF9B74919
:109ED0006231A1F10800F6F7C7F920B9B34890F84C
:109EE000BA01022853D1B448807828BB4FF4AD4062
:109EF000AF49088000204880084641880088AB4A66
:109F00005A321823CDE90132CDE9030134208823E8
:109F10000022114600900120FBF720FA4FF4AD40DB
:109F2000A34908800846008834239322002100902A
:109F30008920F8F705FA24E04AF655509C49088034
:109F400000204880084640880988984A5A321823D9
:109F5000CDE90132CDE903103420882300221146D7
:109F600000900120FBF7FAF942F2041090490880B2
:109F70000846008834239322002100908920F8F7B6
:109F8000DFF98A495A3101F10800F6F77BF9874970
:109F90007231A1F10800F6F767F920B9834890F80B
:109FA000BA01022854D184488078012825D14FF481
:109FB000AD407F49088000204880084641880088DD
:109FC0007A4A6A321823CDE90132CDE903013420FF
:109FD00088233622002100900120FBF7BFF94FF4BF
:109FE000AD4073490880084600886A2393223621D1
:109FF00000908920F8F7A4F924E04AF655506C49FE
:10A00000088000204880084640880988674A6A32EC
:10A010001823CDE90132CDE90310342088233622FC
:10A02000002100900120FBF799F942F204106049E9
:10A030000880084600886A239322362100908920F0
:10A04000F8F77EF959496A3101F10800F6F71AF973
:10A0500056498231A1F10800F6F706F920B95348B4
:10A0600090F8BA01022854D153488078022825D1AB
:10A070004FF4AD404E490880002048800846408893
:10A0800009884A4A7A321823CDE90132CDE9031012
:10A09000342088236C22002100900120FBF75EF918
:10A0A0004FF4AD404249088008460088A02393221F
:10A0B0006C2100908920F8F743F924E04AF65550C6
:10A0C0003B49088000204880084640880988374A74
:10A0D0007A321823CDE90132CDE9031034208823E8
:10A0E0006C22002100900120FBF738F942F20410A5
:10A0F0002F49088008460088A02393226C210090F5
:10A100008920F8F71DF929497A3101F10800F6F79D
:10A11000B9F826499231A1F10800F6F7A5F820B95F
:10A12000224890F8BA0102285CD12348807803289D
:10A1300025D14FF4AD401E490880002048800846D4
:10A1400041880088194A8A321823CDE90132CDE9C5
:10A15000030134208823A222002100900120FBF774
:10A16000FDF84FF4AD401249088008460088D62318
:10A170009322A22100908920F8F7E2F82DE04AF618
:10A1800055500B49088000204880084640880988BF
:10A19000064A8A321823CDE90132CDE90310342072
:10A1A0008823A22200210090012007E00C05002056
:10A1B000C40200208402002048000020FBF7CEF8F3
:10A1C00042F20410FB49088008460088D6239322F7
:10A1D000A22100908920F8F7B3F8F74901F10800AF
:10A1E000F6F750F8F4491B31A1F10B00F6F73CF8F3
:10A1F00028B9F1488A3890F8BA0102282AD1EF48E4
:10A20000C078012806D04AF65550EA490880002057
:10A21000488006E044F22820E64908804AF251606E
:10A220004880E4484088E3490988E34A1032102313
:10A23000CDE90132CDE9031034206F2336229E216F
:10A2400000900220FBF78AF8DB49103101F10B0086
:10A25000F6F718F8D8493131A1F10B00F6F704F8F8
:10A2600028B9D5488A3890F8BA01022828D1D348AD
:10A27000C07830B14AF65550CE4908800020488059
:10A2800006E044F22820CB4908804AF25160488019
:10A29000C84841880088C84A26321023CDE90132D7
:10A2A000CDE9030134206F2300229E21009002207B
:10A2B000FBF754F8C049263101F10B00F5F7E2FF36
:10A2C000BD494731A1F10B00F5F7CEFF28B9BA48D7
:10A2D0008A3890F8BA0102282AD1B848C0780228F2
:10A2E00006D04AF65550B34908800020488006E061
:10A2F00044F22820AF4908804AF251604880AD48B6
:10A300004088AC490988AC4A3C321023CDE901327F
:10A31000CDE9031034206F236C229E21009002208F
:10A32000FBF71CF8A4493C3101F10B00F5F7AAFF3B
:10A33000A1495D31A1F10B00F5F796FF28B99E48C0
:10A340008A3890F8BA01022829D19C48C07803289D
:10A3500006D04AF65550974908800020488006E00C
:10A3600044F22820934908804AF25160488091487D
:10A3700041880088904A52321023CDE90132CDE95C
:10A38000030134206F23A2229E2100900220FAF7BD
:10A39000E5FF8949523101F10B00F5F773FF86495A
:10A3A0007C31A1F11400F5F75FFF28B982488A38A3
:10A3B00090F8BA0102283DD18048C078012819D010
:10A3C0004AF655507B49088000204880084640885E
:10A3D0000988794A68321023CDE90132CDE90310AA
:10A3E0003420812336224FF4877100900320FAF73E
:10A3F000B5FF19E042F204106E4908804AF251603C
:10A4000048800846418800886B4A68321023CDE9AD
:10A410000132CDE903013420812336224FF48771C4
:10A4200000900420FAF79AFF6349683101F11400A3
:10A43000F5F728FF6049A431A1F11400F5F714FFE6
:10A4400028B95D488A3890F8BA0102283CD15B48A7
:10A45000C078C8B14AF65550564908800020488057
:10A46000084640880988544A90321023CDE90132C9
:10A47000CDE903103420812300224FF4877100902E
:10A480000320FAF76BFF19E042F2041049490880F3
:10A490004AF251604880084641880088464A903216
:10A4A0001023CDE90132CDE90301342081230022BC
:10A4B0004FF4877100900420FAF750FF3E49903125
:10A4C00001F11400F5F7DEFE3B49CC31A1F1140097
:10A4D000F5F7CAFE28B938488A3890F8BA01022838
:10A4E0003DD13648C078022819D04AF65550314936
:10A4F0000880002048800846418800882E4AB832EB
:10A500001023CDE90132CDE90301342081236C22EF
:10A510004FF4877100900320FAF720FF19E042F210
:10A520000410244908804AF2516048800846408857
:10A530000988214AB8321023CDE90132CDE9031050
:10A54000342081236C224FF4877100900420FAF7A5
:10A5500005FF1949B83101F11400F5F793FE1649CA
:10A56000F431A1F11400F5F77FFE28B912488A38BA
:10A5700090F8BA01022841D11048C07803281FD0B2
:10A580004AF655500B49088000204880084640880C
:10A590000988094AE0321023CDE90132CDE90310E0
:10A5A00034208123A2224FF4877100900320FAF710
:10A5B000D5FE1EE0C40200209605002048000020C1
:10A5C00042F204107D4908804AF2516048800846F2
:10A5D000418800887A4A1023CDE90132CDE9030190
:10A5E00034208123A2224FF4877100900420FAF7CF
:10A5F000B5FE734901F11400F5F744FE70492D31A1
:10A60000481FF5F731FE20B96E4890F8BA010228CC
:10A6100029D16D48C078012806D04AF655506749BF
:10A6200008800020488006E044F228206349088022
:10A630004AF251604880614841880088604A283267
:10A640001023CDE90132CDE9030134204E23362217
:10A650004FF4C87100900520FAF780FE5849283160
:10A66000481DF5F70FFE56493731481FF5F7FCFD39
:10A6700020B9544890F8BA01022829D15248C0782C
:10A6800030B14AF655504D4908800020488006E018
:10A6900044F22820494908804AF2516048804748DE
:10A6A000408846490988464A32321023CDE90132B2
:10A6B000CDE9031034204E2300224FF4C8710090DE
:10A6C0000520FAF74BFE3E493231481DF5F7DAFD19
:10A6D0003B494131481FF5F7C7FD20B9394890F88B
:10A6E000BA01022829D13848C078022806D04AF693
:10A6F0005550324908800020488006E044F2282066
:10A700002E4908804AF2516048802C4841880088D0
:10A710002B4A3C321023CDE90132CDE9030134202C
:10A720004E236C224FF4C87100900520FAF716FEF4
:10A7300023493C31481DF5F7A5FD21494B31481F00
:10A74000F5F792FD20B91F4890F8BA01022829D1E7
:10A750001D48C078032806D04AF65550174908808E
:10A760000020488006E044F22820144908804AF27C
:10A7700051604880114841880088114A46321023B0
:10A78000CDE90132CDE9030134204E23A2224FF45A
:10A79000C87100900520FAF7E1FD09494631481DCE
:10A7A000F5F770FD074890F8BA01022803D10020A0
:10A7B000044981F8BA0105B000BD0000C4020020C0
:10A7C000760600200C050020480000201FB5044636
:10A7D000FDF740FDFFF7EAFA2D48007828B964201C
:10A7E000F8F7CCF801202A490870012C4ED142F22A
:10A7F0000410C1234FF4D77234210090C820F7F71A
:10A800009FFD4FF4AD4042F2041122A21823CDE97E
:10A810000032CDE90210B0234FF4B47242214FF45C
:10A820008770F8F73DFB4FF4AD4042F204111BA2D4
:10A830001023CDE90032CDE90210BE234FF4D772C8
:10A840006E21DC20F8F72CFB4FF4AD4042F20411EE
:10A8500018A21023CDE90032CDE90210BE234FF437
:10A86000D7728A21DC20F8F71BFB4FF4AD4042F28F
:10A87000041115A21023CDE90032CDE90210BE2348
:10A880004FF4D772A621DC20F8F70AFB1FBD0000A9
:10A89000C80200205761726E696E67004578636573
:10A8A00065642074686520736166652076616C75E7
:10A8B00065000000436F6E74696E75653A5072658D
:10A8C00073732052554E000043616E63656C3A50BD
:10A8D00072657373205041555345000010B504460E
:10A8E000F5F75FFC8648807830B1012842D0022815
:10A8F0007ED004287DD1BBE0012C18D18149486865
:10A90000FBF74CFA30B98048007840F002007E49ED
:10A9100008702EE07C48007820F002007A49087028
:10A9200008468078012824D0FBF750F921E0022C5A
:10A930001FD173484078012805D1714800697149D9
:10A940004968086005E06E48D0F8B8006D4949686C
:10A9500008606C484068006858B96B48007820F07F
:10A9600002006949087008468078012801D0FBF789
:10A970002DF990E0012C18D162494868FBF764F981
:10A9800030B96148007840F002005F4908702EE05D
:10A990005D48007820F002005B4908700846807826
:10A9A000012824D0FBF712F921E0022C1FD15448D2
:10A9B0004078012805D15248806B524949680860A7
:10A9C00005E04F48D0F8E0004E49496808604D481E
:10A9D0004068006858B94C48007820F002004A49A5
:10A9E000087008468078012801D0FBF7EFF852E0A4
:10A9F00000E04FE0012C18D142494868FBF7E8FB22
:10AA000030B94148007840F002003F4908702EE01C
:10AA10003D48007820F002003B49087008468078E5
:10AA2000012824D0FBF7D2F821E0022C1FD13448B2
:10AA30004078012805D13248006E324949680860E3
:10AA400005E02F48D0F808012E49496808602D48D4
:10AA50004068006858B92C48007820F002002A4964
:10AA6000087008468078012801D0FBF7AFF812E0A3
:10AA70002648407806280AD2DFE800F003040506DD
:10AA8000070805E004E003E002E001E000E000BFA9
:10AA900000BF00E000BF00BF012C2DD11948406865
:10AAA000C0681B49498901EB810100EB41008088A6
:10AAB00018494968086013484068C06814494989C2
:10AAC00001EB810100EB4100C0881349496808800F
:10AAD0000C484068C0680E49498901EB810100EBD0
:10AAE000410000890D4949680860002008494881F3
:10AAF00000210748C1600161F5F755FB10BD00005A
:10AB000048000020A002002084020020A02A00208B
:10AB10003C040020240200204402002064020020A3
:10AB200010B5064CD4E90010884202D14FF6FF70F0
:10AB300010BD4FF47A7000F003F8F9E730420020BE
:10AB400010B502460B49134606E0581E80B2031E9C
:10AB500002D14FF6FF7010BDD1E90040A042F4D001
:10AB60000C794868401C04F03F04486001F108007B
:10AB7000005DF0E73042002070B51B4C40F22551DB
:10AB80001A4800F05DF8F0B140F22551174800F086
:10AB90003CF8164800F00EF9C5B2D4E90001401A9D
:10ABA000402808D2207800F03F0104F10800455405
:10ABB0002068401C206020782179401A00F03F0076
:10ABC0000B4908800FE040F22441084800F038F8B3
:10ABD00048B106480088C6B20448001D0088C6B2C5
:10ABE00001200449087070BD30420020001401406B
:10ABF0001A0300201803002001F40072B2F5007F50
:10AC000000D100BFCA430280704710B50022002364
:10AC100040F66A14A14200D100BF0A1201249440F8
:10AC2000A3B2DC43048010BD21B1828942F40052FA
:10AC3000828104E082894DF6FF731A408281704759
:10AC400070B50246002400230025002040F66A1655
:10AC5000B14200D100BFC1F3421501F01F0301262C
:10AC600006FA03F3012D02D19689334006E0022D46
:10AC700002D1168A334001E0968A33400C12012635
:10AC800006FA04F41688344013B10CB1012000E038
:10AC9000002070BDF0B503460024002600250020EA
:10ACA00040F66A17B94200D100BF1846C1F34214FA
:10ACB00001F01F06012707FA06F5012C01D10C301F
:10ACC00004E0022C01D1103000E014301AB1076802
:10ACD0002F43076002E00768AF430760F0BD000044
:10ACE0002DE9FF4705460E460024A14600BFA046B9
:10ACF000B08900B100BF2C8A24F44054F08804438A
:10AD00002C82AC8941F20C608443B08831890843BD
:10AD1000718908430443AC81AC8A24F44074B0893F
:10AD20000443AC826846FBF7B5FB2048854202D05D
:10AD30001F48854202D1DDF80C9001E0DDF8089053
:10AD4000A88900F4004040B109EBC90000EB0910EC
:10AD500031684900B0FBF1F707E009EBC90000EBEF
:10AD6000091031688900B0FBF1F76420B7FBF0F0FF
:10AD700004012009642101FB1078A88900F4004037
:10AD800040B1322000EBC800B0FBF1F000F007004A
:10AD9000044308E0322000EB08106421B0FBF1F01E
:10ADA00000F00F0004432C81BDE8FF870010014034
:10ADB0000014014001468888C0F30800704700BFB6
:10ADC000FEE7000010B588B0044601214020FBF7E3
:10ADD000F7FA01212020FBF733FB082209212A483A
:10ADE000F6F7EEFA08220E212748F6F7E9FA4FF4B3
:10ADF0008440069002208DF81C0003208DF81D0071
:10AE000000208DF81E0001208DF81F0006A91E48A5
:10AE1000F6F78EFA02940020ADF80C00ADF80E00A3
:10AE2000ADF81000ADF814000C20ADF8120002A926
:10AE30001648FFF755FF40211448FFF7DDFE1021AB
:10AE40001248FFF7D9FE012240F225510F48FFF7C3
:10AE500021FF012240F224410C48FFF71BFF47204D
:10AE60008DF8040002208DF8050003208DF80600FF
:10AE700001208DF8070001A8FAF712F90121034813
:10AE8000FFF7D2FE08B010BD0018024000140140C8
:10AE90002DE9FC4106460F4614461D46DDF820808C
:10AEA000C6B3B8F1000F2AD02A48C0684FF47A71AF
:10AEB000B0FBF1F201FB1200C82804D226A13846EB
:10AEC00000F074F843E00A21244890F87201224609
:10AED0002B46CDE900013946304601F0C5FA1F483E
:10AEE00090F87001012832D10A20042122462B4615
:10AEF000CDE900103946304601F0B6FA27E00A20C5
:10AF0000042122462B46CDE900103946304601F097
:10AF1000ABFA1CE0FFE7B8F1000F0ED00D48C06897
:10AF20004FF47A71B0FBF1F201FB1200C82804D291
:10AF300009A1384600F03AF809E00A20002122462B
:10AF40002B46CDE900103946304601F08DFABDE8B8
:10AF5000FC810000C806002000000000480000201E
:10AF600010B5F6F717FD10BD70B505460C4645F255
:10AF70005550F6F723FD2846F6F714FDA0B2F6F774
:10AF800017FDF6F707FDF6F7FDFC70BD0FB4054B96
:10AF900010B503A9044A029800F030F910BC5DF81E
:10AFA00014FB0000E5BA00081C0300200FB4084B96
:10AFB00010B504A902AA039800F020F9044602A9DA
:10AFC000002000F09EFC204610BC5DF814FB000041
:10AFD00003B9000800B52DED048BB0EE409AF0EEF9
:10AFE000609A83B051EC190BF5F75BFC41EC180B40
:10AFF00018EE100A18EE901A8DED008B002818BF7D
:10B000000120084320F00040C0F17F6000F1E040E3
:10B01000C00F14D019EE101A19EE900A8DED009B96
:10B02000002918BF0121084320F00040C0F17F60D3
:10B0300000F1E040C00F04BF012000F017F8B0EEAF
:10B04000480A03B0F0EE680ABDEC048B00BD02E0D4
:10B0500008C8121F08C1002AFAD1704770470020A3
:10B0600001E001C1121F002AFBD1704701490860AD
:10B0700070470000440300202DE9FF5F82B00021EB
:10B08000DDE90430020DDDF840B0034318D044F68A
:10B090001050A2F2FF3242431514119801281FD01C
:10B0A000A5EB0B00401C5FEA000A4FF000064E4F74
:10B0B000DFF83891B046504615D5CAF1000413E0C8
:10B0C000119801244AA3012801D16FEA0B010298CB
:10B0D000119AC0E90031C0E9024206B0BDE8F09F14
:10B0E000CBF10000DFE704460021404A491842EB5B
:10B0F0000450CDE9001012E0E00707D032463B468D
:10B1000040464946F5F77DF98046894632463B463A
:10B1100010461946F5F775F906460F466410002CDF
:10B12000EAD1DDE90401DDE90023BAF1000F06DA16
:10B13000F5F767F942464B46F5F763F905E0F5F791
:10B14000D2F942464B46F5F7CEF904460E460022A8
:10B15000284BF5F70FFC03D84FF0FF30014607E00E
:10B160000022254B20463146F5F7A4F8F5F7EAFB17
:10B17000102409E0002C0ADB0A220023F5F72AF844
:10B18000039B30321A55641E50EA0102F2D1641C4E
:10B19000039AC4F111031444119A012A03D0012225
:10B1A00008430DD10AE0084304D000204FF0110BF2
:10B1B000119072E7A3EB0B056D1E0DE05B4504DDFE
:10B1C0004FF0000205F1010504E003DA4FF0000240
:10B1D000A5F10105002AECD002981199C0E90231CD
:10B1E000C0E9004579E70000000014400000F03F8E
:10B1F000300000000000F0430000E03F2DE9FF4F69
:10B2000095B09A46884606460025EEE1252877D176
:10B2100000242746F94A0121039400E0044316F86C
:10B22000013F203B01FA03F01042F7D130782A2881
:10B2300011D06FF02F033078A0F13002092A16D810
:10B24000039A44F0020402EB820203EB4202104430
:10B25000761C0390EFE758F8042B0392002A03DAD8
:10B26000504244F40054039044F00204761C3078B9
:10B270002E2816D116F8010F44F004042A280DD008
:10B280006FF02F023078A0F13003092B09D807EBBB
:10B29000870302EB4303C718761CF3E758F8047BD7
:10B2A000761C30786C280FD006DC4C2817D0682824
:10B2B0000DD06A2814D104E0742810D07A280FD158
:10B2C0000DE044F400140AE044F4801401E044F476
:10B2D00040147278824202D104F58014761C761CE8
:10B2E000307866280BD013DC582877D009DC00288A
:10B2F00075D04528F6D04628F4D047281AD193E1D6
:10B3000018E0632835D0642879D0652812D18BE104
:10B31000702873D008DC6728F1D069286FD06E28B8
:10B320000DD06F2806D1ACE073282CD0752874D0CE
:10B33000782853D05246179990476D1C54E1C4F3B6
:10B340000250022809D003280DD0D8F80010042894
:10B350000DD00D6008F1040846E1D8F80010EA1796
:10B36000C1E90052F6E7D8F800100D80F2E70D7041
:10B37000F0E718F8041B8DF8001000208DF801008C
:10B38000EB46012003E058F804BB4FF0FF306107A3
:10B390004FF0000102D40DE009F101018946B942E4
:10B3A0000FDA8145F8DB1BF809100029F4D108E019
:10B3B00009F1010189468142FADB1BF809100029D5
:10B3C000F6D103985346A0EB090721463846179A51
:10B3D00000F080FA284400EB090507E044E008E1AA
:10B3E0000DE01BF8010B524617999047B9F101097E
:10B3F000F7D2534621463846179AF2E039E00A213F
:10B40000C4F302524FF0000B0091022A06D058F804
:10B41000040BC117032A09D00AE023E008F1070052
:10B4200020F00702F2E80201904605E000B2C117E1
:10B43000042A01D140B2C117002906DA0A460021C8
:10B44000404261EB02012D2202E0220504D52B22AD
:10B450008DF80420012203E0E20701D02022F7E763
:10B46000914657E00A2100E010214FF0000B0091B7
:10B470000BE010214FF0000B44F00404082700916A
:10B4800003E008204FF0000B0090C4F30252022AA0
:10B4900005D058F8040B0021032A08D008E008F171
:10B4A000070020F00702F2E80201904603E080B2B4
:10B4B000042A00D1C0B24FF0000922072AD5327801
:10B4C000702A07D0DDF800C08CF0100C5CEA0B0C81
:10B4D00005D00EE040228DF80420012208E050EA59
:10B4E000010306D030238DF804308DF805200222A8
:10B4F0009146009B83F0080353EA0B030AD150EAFC
:10B50000010201D1620705D530228DF804204FF0E9
:10B5100001097F1E3278582A04D039A20C920CAA55
:10B5200002920BE03BA2F9E75B46009AF4F752FE69
:10B530000C9B9B5C029A521E0292137050EA01020D
:10B54000F2D1029804A9081A00F1200B600702D575
:10B5500024F4803400E001275F4502DDA7EB0B00F7
:10B5600000E0002000EB0B01009003984944401AD2
:10B570000390E00306D453462146179A039800F03F
:10B58000A9F90544002706E001A85246C05D1799B5
:10B5900090476D1C7F1C4F45F6DBE0030CD55346EE
:10B5A0002146179A039800F095F9054404E03020ED
:10B5B0005246179990476D1C0099481E009000292B
:10B5C000F5DC08E00298029952460078491C029185
:10B5D000179990476D1CBBF10001ABF1010BF1DC39
:10B5E0005BE100F065F90544761C307800287FF4B3
:10B5F0000DAE19B02846BDE8F08F00000928010003
:10B6000030313233343536373839616263646566D8
:10B61000000000003031323334353637383941429A
:10B620004344454600000000600700D4062708F1A7
:10B63000070020F00700F0E80223804603F0004CEA
:10B640005FEA0C0001D097A009E0200501D596A083
:10B6500005E0E00701D095A001E0AFF24C001390A7
:10B66000307823F0004365280CD006DC452809D04B
:10B6700046281DD047287FD13BE0662818D0672890
:10B680007AD136E00021112F01DB112000E0781C77
:10B69000CDE9000104A90CA8FFF7EEFCDDE90D01DE
:10B6A0000C9A4FF0000B07F10109109200914EE047
:10B6B0004FF000400097CDE9011004A90CA8FFF756
:10B6C000DBFCDDE90D020C9B0F994FF0000B91465E
:10B6D0001093009211B9791C00EB0109B7EB090036
:10B6E00003D4C0F1FF3B07F10109A9EB070001906A
:10B6F00042E0012F00DA01270021112F01DD112086
:10B7000000E03846CDE9000104A90CA8FFF7B4FC1D
:10B71000DDE90D010C9A00914FF0000BB946109233
:10B7200021070FD4009A4A4503DA914601E0A9F1B6
:10B730000109B9F1010F05DD109AA9F10101515C70
:10B740003029F4D0B84202DA10F1040F03DA0121F3
:10B75000CDE9011010E0002803DC8344A9EB0001CF
:10B7600002E0411C494500DD8946A0EB0B00401C6E
:10B7700001904FF000400290200705D40198484501
:10B7800002DB4FF0FF30019000208DF84B00029853
:10B790000DF14B07B0F1004F25D002200C902B206B
:10B7A0000D90029800280CDA404202902D200D9056
:10B7B00007E00A210298F4F799FF3031029007F868
:10B7C000011D0C99481E0C900029F2DC02980028FB
:10B7D000EFD1791E0D980870307800F0200040F00D
:10B7E000450007F8020D11A8C01BC01D0290139858
:10B7F000007800B1012000EB0901019801EBE07134
:10B80000029801440398401A401E0390E00306D4B6
:10B8100053462146179A039800F05CF805441398A4
:10B82000007818B15246179990476D1CE00323D554
:10B8300053462146179A039800F04CF805441BE044
:10B84000BBF1000F07DB0098584504DD10981799ED
:10B8500010F80B0001E017993020524690470198EC
:10B860000BF1010B401E05F10105019004D12E20C2
:10B870005246179990476D1CB9F10001A9F10109D1
:10B88000DEDC05E017F8010B5246179990476D1C56
:10B890000299481E02900029F4DC53462146179A6B
:10B8A00003989EE62D0000002B0000002000000001
:10B8B0002DE9F041044600251E461746880404D4AD
:10B8C00005E039462020B0476D1C641EF9D5284696
:10B8D000BDE8F0812DE9F041044600251E46904662
:10B8E000C80301D5302700E02027880404D505E0EF
:10B8F00041463846B0476D1C641EF9D52846BDE860
:10B90000F0810A68531C0B601070704770B50546D3
:10B9100005EB8500304901EB40042846F6F7BCFAF8
:10B92000A8423ED12078052802DA0520207052E096
:10B9300020780A2803DA2078401C20704BE0A07998
:10B9400038B90120A07105EB4501491CC8B200F0CF
:10B95000A1F8A08800283EDD6088A18888420DDA21
:10B960006088401C80B26080A188884233D105EB9A
:10B970004501C91CC8B200F08DF82CE0E079002820
:10B9800029DD207A401CC0B22072E179884222DB96
:10B990000020207205EB4501491CC8B200F07AF87E
:10B9A00019E02078052802DD0520207010E02078BD
:10B9B00018B12078401E20700AE0A079012807D134
:10B9C0000020A07105EB4501891CC8B200F062F8A7
:10B9D00000206080207270BDE40600200E4890F8C0
:10B9E00032000D4A92F83320904201D10020704776
:10B9F000094890F83200084A115C104690F832006D
:10BA0000401CC0B282F83200322802DB002082F8EB
:10BA100032000846EBE700004C080020002000211F
:10BA2000144A82F8321082F8331082F8341000BFC2
:10BA30001DE0642100EB80020F4B03EB420291807A
:10BA4000052100EB800203F81210002100EB8002B8
:10BA500003EB4202917100EB800203EB4202D171D1
:10BA600000EB800203EB42021172411CC8B2242891
:10BA7000DFDB70474C080020E406002010B50024EE
:10BA800004E02046FFF742FF601CC4B2242CF8DB20
:10BA900010BD0000084991F83310074A5054114670
:10BAA00091F83310491CC9B282F83310322902DBF5
:10BAB000002182F8331070474C0800204FF0E0223C
:10BAC00052694FF47A73B2FBF3F250434FF0E02225
:10BAD000916900BF4FF0E02292698A1A8242F9D33D
:10BAE0007047000000BF054A128802F04002002A99
:10BAF000F9D0C2B2014B1B1D1A80704700140140DF
:10BB000010B586B004460020039004900590009084
:10BB10000190029012480068C0F30B00039011A03E
:10BB20000399FFF733FA144850F824000068039093
:10BB3000114850F82400406804900F4850F8240041
:10BB4000806805900DA00099FFF720FA10A00199D8
:10BB5000FFF71CFA13A00299FFF718FA06B010BD00
:10BB6000002004E04D43552069645B305D3A307835
:10BB700025780D0A00000000140000204D435520D8
:10BB80006964315B305D3A307825780D0A00000039
:10BB90004D4355206964315B315D3A307825780D2D
:10BBA0000A0000004D4355206964315B325D3A3034
:10BBB0007825780D0A00000000B52DED048B85B0C6
:10BBC00001A8FAF767FC0298F4F71BFD41EC190B8A
:10BBD0009FED230B53EC102BF4F785FC41EC180B75
:10BBE00053EC182B20A0FFF7D1F90398F4F709FDC7
:10BBF00041EC190B9FED1A0B53EC102BF4F773FC6F
:10BC000041EC180B53EC182B1EA0FFF7BFF904985A
:10BC1000F4F7F7FC41EC190B9FED110B53EC102BD3
:10BC2000F4F761FC41EC180B53EC182B1CA0FFF748
:10BC3000ADF90198F4F7E5FC41EC190B9FED080B09
:10BC400053EC102BF4F74FFC41EC180B53EC182B72
:10BC50001AA0FFF79BF905B0BDEC048B00BD0000F6
:10BC60000000000080842E4148434C4B5F467265C3
:10BC70007175656E63793A252E33664D487A0D0AE3
:10BC80000000000050434C4B315F46726571756592
:10BC90006E63793A252E33664D487A0D0A0000000E
:10BCA00050434C4B325F4672657175656E63793AED
:10BCB000252E33664D487A0D0A0000005359534330
:10BCC0004C4B5F4672657175656E63793A252E330C
:10BCD000664D487A0D0A000010B5122204494FF44F
:10BCE0000070F4F741FF024902A0FFF74FF910BDC1
:10BCF000F00100204465766963655F534E3A257311
:10BD00000D0A000070B5002400250026FFF766FE2E
:10BD100004468CB1601E032190FBF1F0C5B2601E99
:10BD200090FBF1F201FB1200C6B21EB9242D01DA1C
:10BD3000284670BD0020FCE70020FAE710B52DED85
:10BD4000048B9FED0C0AB0EE408A9020F5F760FB63
:10BD5000B0EE408A18EE100AF4F799FC41EC190B8A
:10BD600053EC192B04A0FFF711F9B0EE480ABDEC13
:10BD7000048B10BD000000006765745F74656D7012
:10BD80003A25302E32660D0A0000000010B58020E2
:10BD90000949088000F012F840200749891E0880F0
:10BDA00000F00CF840200449088000F007F88020DB
:10BDB0000149891E088010BD1A140240002001E0CC
:10BDC000411C88B22628FBDB704700001CB501210E
:10BDD0002020FAF7F5FA01212020FAF7F1FA4020A5
:10BDE000009001208DF804008DF8060003208DF8E6
:10BDF000050001208DF8070069460B48F5F798FA11
:10BE00008020009001208DF804008DF806000320AA
:10BE10008DF8050001208DF8070069460248F5F706
:10BE200087FA00F07DF81CBD0014024010B5802098
:10BE300007490880FFF7C2FF402005490880FFF747
:10BE4000BDFF40200249891C0880FFF7B7FF10BDE5
:10BE50001814024070B50025002400BF16E04020F1
:10BE60000C490880FFF7AAFF6006040E094808384D
:10BE7000006800F0800008B1601CC4B24020054991
:10BE8000891C0880FFF79AFF681CC5B2082DE6DB05
:10BE9000204670BD1814024070B504464020134976
:10BEA000088000251BE004F0800020B180200F49AD
:10BEB000891E088002E080200C4908806006040E7C
:10BEC000FFF77CFF40200949891E0880FFF776FFB5
:10BED000402006490880FFF771FF681CC5B2082D95
:10BEE000E1DB80200149891E088070BD1A140240E0
:10BEF00010B580200949088040200880FFF75EFFC8
:10BF000080200649891C0880FFF758FF402003491C
:10BF1000891C0880FFF752FF10BD00001814024072
:10BF200010B58020054908804020891E0880FFF751
:10BF300045FF80200149891E088010BD1A14024067
:10BF400070B50024002580200C490880FFF736FFDB
:10BF500040200A490880FFF731FF08480838006888
:10BF600000F0800008B1012400E0002440200349D3
:10BF7000891C0880FFF722FF204670BD181402407C
:10BF80002DED028B92B09FED680AB0EE408AF5F776
:10BF90001BFDFEF7E5FF9FED650AFCF737F84FF450
:10BFA000C870F4F71DFFFEF7DBFFBBE060480068D8
:10BFB00030BBFFF7C3FEB0EE408A9FED5E0AB4EEE1
:10BFC000C08AF1EE10FA04DD9FED5B0AFCF71EF863
:10BFD00027E09FED5A0AB4EEC08AF1EE10FA04DDB4
:10BFE0009FED570AFCF712F81BE09FED560AB4EEDE
:10BFF000C08AF1EE10FA04DD9FED4C0AFCF706F85A
:10C000000FE09FED510AB4EEC08AF1EE10FA04DDA4
:10C010009FED4E0AFBF7FAFF03E09FED4B0AFBF79B
:10C02000F5FFF7F7DFF8FEF79BFFF8F7ABFDFEF73C
:10C0300097FF4748007830B1002045490870FEF767
:10C04000C5FBFEF78DFFF7F701F8FEF789FF4148C2
:10C050000078002864D0404800881C2860D1002463
:10C060000025402102A8F4F7EDF83CA000680190FB
:10C07000FF22402102A8F4F7DEF800BF05E0FEF73A
:10C080004FFD02A90855601C84B2334800888442E1
:10C09000F5DB31480088801EC1B202A8F4F722FE09
:10C0A00005462D480088801E02A9095C2A480088A0
:10C0B000401E02AA105C41EA0020A84211D0264886
:10C0C0000088401E02A9085C9DF8041088421BD11C
:10C0D00021480088801E02A9085C9DF8051088424E
:10C0E00012D1082202A91E48F4F7D5F860B904ABB2
:10C0F00002AA194801881BA0FEF748FF122204A9D2
:10C100004FF40070F4F76BFD0020124908701249DB
:10C110000880122221494FF40070F4F725FD00BF7A
:10C12000FEF71EFF42E70000000000000000A042F2
:10C1300004000020000070420000C84200005C4281
:10C140000000B442000048420000344200008C422B
:10C1500010000020180300201A03002041410000B5
:10C16000F0CA0008557361727436466C61673D31E0
:10C170002C5573617274365F72785F6C656E3A2508
:10C18000642C756172745F6275663A252D3238735E
:10C190002C534E3A252D3138730D0A00F001002042
:10C1A0002DE9F04104460E461548005D38B91448A3
:10C1B00018380168204688470120BDE8F081114801
:10C1C00050F82400B04219D90F4850F82400B6FBAB
:10C1D000F0F10B48083850F8240030F81120002501
:10C1E00008E000230648083850F824004F1920F8CA
:10C1F00017306D1C9542F4DB0020DEE70220DCE7FF
:10C200000003002008CB000800CB00082DE9F04710
:10C2100004460F460025A9462348005D20B9224860
:10C2200018380168204688471FB94FF0FF30BDE835
:10C23000F0871E4850F82400B7FBF0F61B4850F872
:10C240002400B7FBF0F100FB117000B1761C184818
:10C2500050F82400451E22E01348083850F8240006
:10C2600030F8150010B909F1010901E04FF000099B
:10C27000B14513D14FF0000809E00B48083850F8D9
:10C28000240005EB080220F8126008F10108B0450F
:10C29000F3D3064850F824006843C8E76D1E002D0C
:10C2A000DADA4FF0FF30C2E70003002000CB0008CD
:10C2B000F8CA000810B501460023002207E00B4829
:10C2C00050F8210030F8120000B15B1C521C0848E5
:10C2D00050F821009042F2D864205843044C54F89E
:10C2E0002140B0FBF4F0C0B210BD0000F802002005
:10C2F000F8CA000870B505460C4604B970BD05487B
:10C3000050F82500261A31462846FFF749FF00BF9E
:10C31000F4E70000F002002070B504460E463146F6
:10C320002046FFF773FF0546681C08B9002070BD62
:10C33000024850F824002844F9E70000F0020020E9
:10C3400030B5034601E003F8011B141EA2F10102FF
:10C35000F9D130BD10B53F48C07801283CD13E48E6
:10C36000007818B13C48007801281BD13B48D0E93F
:10C37000043042F210729A1A70F1000005D242F2B3
:10C38000107200213548C0E904213449D1E9040183
:10C39000304AD2F8542108322E4BDB7802EBC3022C
:10C3A00003C219E02D48D0E9042044F62063D21AD4
:10C3B00070F1000004D21A4600212848C0E9042187
:10C3C0002649D1E90401234AD2F854210832214BED
:10C3D000DB7802EBC30203C21E48C078022819D1E1
:10C3E0001E491F4AD1E90440A21A70F1000004D28C
:10C3F0001B4A00211948C0E904211848D0E904214A
:10C400001448D0F854010830124BDB7800EBC3001D
:10C41000C0E900210F48C078032819D10F48D0E99E
:10C420000420104BD21A70F1000004D21A460020EA
:10C430000A49C1E904200948D0E90410054AD2F8A4
:10C4400054210832034BDB7802EBC302C2E900102F
:10C4500010BD000048000020C0010020980100200D
:10C46000400D0300A08601002DE9FF5F82B08A46DF
:10C4700016461F46DDF844B04FF00008C14600BF25
:10C48000029800287DD0FE4A002330463946F3F753
:10C49000A1FE04460D461098052873D2DFE800F08F
:10C4A0000356B2FCFB000BE00A220023204629467B
:10C4B000F3F790FE04460D4608F1010000F0FF0876
:10C4C000002184EA010069400843EDD1B8F1000F72
:10C4D00001D14FF001084FF0000906E020200AF8D2
:10C4E000090009F1010000F0FF095846A0EB08001F
:10C4F0004845F3DCE24A002330463946F3F76AFE4A
:10C5000004460D46002009EB08010AF8010019E075
:10C51000A8F1010000F0FF080A2200232046294666
:10C52000F3F758FE3020101809EB08010AF8010053
:10C530004FF00A024FF0000320462946F3F74AFE67
:10C5400004460D46B8F1000FE2D1FCE10BE00A22EF
:10C55000002320462946F3F73DFE04460D4608F128
:10C56000010000F0FF08002184EA0100694008434F
:10C57000EDD1B8F1000F01D14FF001084FF00009E3
:10C5800008E0E1E1DEE120200AF8090009F10100FC
:10C5900000F0FF09ABF10100A0EB08004845F2DC18
:10C5A000B74A002330463946F3F714FE04460D46D9
:10C5B0002E2009EB08010AF80100002109EB080010
:10C5C000401C0AF8001019E0A8F1010000F0FF0873
:10C5D0000A22002320462946F3F7FCFD30201018DC
:10C5E00009EB08010AF801004FF00A024FF00003BE
:10C5F00020462946F3F7EEFD04460D46B8F1000F3C
:10C60000E2D1A0E10BE00A22002320462946F3F7FD
:10C61000E1FD04460D4608F1010000F0FF0800218D
:10C6200084EA010069400843EDD1B8F1000F01D15F
:10C630004FF001084FF0000906E020200AF8090039
:10C6400009F1010000F0FF09ABF10200A0EB0800C6
:10C650004845F2DC8A4A002330463946F3F7BAFDF2
:10C6600004460D462E2009EB08010AF80100854A10
:10C67000002330463946F3F7ADFD0A220023CDE909
:10C680000001F3F7A7FD30201018C1B209EB080034
:10C6900000F1010001E0B1E028E00AF800104FF0DD
:10C6A000000109EB080000F102000AF8001019E08F
:10C6B000A8F1010000F0FF080A22002320462946C5
:10C6C000F3F788FD3020101809EB08010AF8010083
:10C6D0004FF00A024FF0000320462946F3F77AFD97
:10C6E00004460D46B8F1000FE2D12CE10BE00A221E
:10C6F000002320462946F3F76DFD04460D4608F158
:10C70000010000F0FF08002184EA010069400843AD
:10C71000EDD1B8F1000F01D14FF001084FF0000941
:10C7200006E020200AF8090009F1010000F0FF09E5
:10C73000ABF10300A0EB08004845F2DC504A0023AF
:10C7400030463946F3F746FD04460D462E2009EBE8
:10C7500008010AF801004B4A002330463946F3F736
:10C7600039FD0A220023CDE90001F3F733FD302023
:10C770001018C1B209EB080000F101000AF800101E
:10C7800042F210724FF0000330463946F3F722FDB3
:10C790000A220023CDE90001F3F71CFD3020101818
:10C7A000C1B209EB080000F102000AF800104FF0D6
:10C7B000000109EB080000F103000AF8001019E07D
:10C7C000A8F1010000F0FF080A22002320462946B4
:10C7D000F3F700FD3020101809EB08010AF80100FA
:10C7E0004FF00A024FF0000320462946F3F7F2FC0F
:10C7F00004460D46B8F1000FE2D1A4E00BE00A2296
:10C80000002320462946F3F7E5FC04460D4608F1CF
:10C81000010000F0FF08002184EA0100694008439C
:10C82000EDD1B8F1000F01D14FF001084FF0000930
:10C8300006E020200AF8090009F1010000F0FF09D4
:10C84000ABF10400A0EB08004845F2DC0C4A0023E1
:10C8500030463946F3F7BEFC04460D462E2009EB60
:10C8600008010AF80100074A002330463946F3F769
:10C87000B1FC0A220023CDE90001F3F7ABFC03E091
:10C8800040420F00A086010030201018C1B209EB11
:10C89000080000F101000AF8001042F210724FF097
:10C8A000000330463946F3F795FC0A220023CDE910
:10C8B0000001F3F78FFC30201018C1B209EB08001B
:10C8C00000F102000AF800104FF47A724FF00003F2
:10C8D00030463946F3F77EFC0A220023CDE90001F9
:10C8E000F3F778FC30201018C1B209EB080000F112
:10C8F00003000AF800104FF0000109EB080000F1F6
:10C9000004000AF8001019E0A8F1010000F0FF0887
:10C910000A22002320462946F3F75CFC3020101839
:10C9200009EB08010AF801004FF00A024FF000037A
:10C9300020462946F3F74EFC04460D46B8F1000F99
:10C94000E2D100E000BF60E04FF47A72002330468D
:10C950003946F3F73FFC04460D461098A0BB0BE0A8
:10C960000A22002320462946F3F734FC04460D46EC
:10C9700008F1010000F0FF08002184EA010069408D
:10C980000843EDD1B8F1000F01D14FF001084FF08D
:10C99000000906E020200AF8090009F1010000F072
:10C9A000FF09ABEB08004845F4DC4FF47A72002332
:10C9B00030463946F3F70EFC04460D46002009EBDD
:10C9C00008010AF801001AE01DE0A8F1010000F0DA
:10C9D000FF080A22002320462946F3F7FBFB3020FC
:10C9E000101809EB08010AF801004FF00A024FF095
:10C9F000000320462946F3F7EDFB04460D46B8F147
:10CA0000000FE2D100E000BF00BF06B0BDE8F09F1C
:10CA1000F0B5B9B00027E02101A8F3F713FC00241A
:10CA2000DE24224601A94FF40070F4F79DF809A016
:10CA3000FEF7ACFA9DF8BC100AA0FEF7A7FADDF8E5
:10CA4000BD50DDF8C1302A4611A0FEF79FFA39B07B
:10CA5000F0BD0000746573745F656570726F6D0D75
:10CA60000A000000734D656D446174615F74742E3B
:10CA7000435F4D6F6465457874426E635F506172C9
:10CA8000616D4E41445F414D504C3A25640D0A00A2
:10CA9000734D656D446174615F74742E435F4D6FB7
:10CAA0006465457874426E635F506172616D5F4189
:10CAB0004D504C3A256C6C640D0A0000002105E0D5
:10CAC0000A2100BF0A1EA1F10101FBD1021EA0F143
:10CAD0000100F5D17047002105E00A2100BF0A1EC0
:10CAE000A1F10101FBD1021EA0F10100F5D17047B7
:10CAF0007367737A686467730001000020000000A8
:10CB000020000000200000000020000000040000C1
:10CB10000000000000000000000000000000000015
:10CB20003F400000000000000000300040003000E6
:10CB30004000000009000BC03D000BC03D00090093
:10CB400018C024407FE0224031800000180024C03B
:10CB50001B000D803240018003801C4027401C8058
:10CB600007400040100060000000000000000000CE
:10CB70000000000000001F802040402000004020F6
:10CB800020401F8000000000090006001F800600F2
:10CB900009000000040004003F80040004000000BD
:10CBA000001000600000000000000000040004000D
:10CBB0000400040004000000000000400000000029
:10CBC00000000000002001C0060038004000000006
:10CBD0001F802040204020401F80000000001040A7
:10CBE0003FC000400000000018C021402240244007
:10CBF0001840000010802040244024401B8000008A
:10CC000002000D0011003FC0014000003C802440A4
:10CC100024402440238000001F80244024403440CE
:10CC2000038000003000200027C0380020000000F2
:10CC30001B802440244024401B8000001C0022C094
:10CC4000224022401F800000000000000840000039
:10CC50000000000000000000046000000000000070
:10CC6000000004000A001100208040400900090073
:10CC70000900090009000000000040402080110068
:10CC80000A000400180020002340240018000000BF
:10CC90001F802040274029401F400000004007C05F
:10CCA00039000F0001C0004020403FC02440244014
:10CCB0001B8000001F80204020402040308000006A
:10CCC00020403FC0204020401F80000020403FC047
:10CCD00024402E4030C0000020403FC024402E00A1
:10CCE000300000000F0010802040224033800200FE
:10CCF00020403FC0040004003FC0204020402040AE
:10CD00003FC02040204000000060202020203FC085
:10CD10002000200020403FC024400B0030C02040B5
:10CD200020403FC020400040004000C03FC03C00C9
:10CD300003C03C003FC0000020403FC00C40230027
:10CD40003FC020001F802040204020401F80000066
:10CD500020403FC024402400180000001F802140D4
:10CD6000214020E01FA0000020403FC024402600BA
:10CD700019C0004018C024402440224031800000E7
:10CD8000300020403FC020403000000020003F80A5
:10CD9000004000403F80200020003E0001C007000E
:10CDA00038002000380007C03C0007C038000000F1
:10CDB000204039C0060039C0204000002000384023
:10CDC00007C0384020000000304021C026403840D5
:10CDD00020C00000000000007FE040204020000054
:10CDE000000070000C0003800040000000004020A4
:10CDF00040207FE0000000000000200040002000F4
:10CE000000000000001000100010001000100010C2
:10CE10000000000040000000000000000000028050
:10CE20000540054003C0004020003FC004400440CE
:10CE3000038000000000038004400440064000001E
:10CE400000000380044024403FC0004000000380F5
:10CE50000540054003400000000004401FC024407E
:10CE600024402000000002E0055005500650042038
:10CE700020403FC00440040003C0004000000440C4
:10CE800027C000400000000000100010041027E040
:10CE90000000000020403FC00140070004C00440E3
:10CEA000204020403FC000400040000007C0040078
:10CEB00007C0040003C00000044007C00440040091
:10CEC00003C00040000003800440044003800000D1
:10CED000041007F0045004400380000000000380A9
:10CEE0000440045007F00010044007C00240040052
:10CEF00004000000000006400540054004C000009A
:10CF0000000004001F80044000400000040007806F
:10CF10000040044007C000400400070004C0018036
:10CF200006000400060001C0070001C00600000062
:10CF3000044006C0010006C00440000004100710B1
:10CF400004E00180060004000000044005C0064023
:10CF5000044000000000000004007BE040200000CE
:10CF6000000000000000FFF0000000000000402072
:10CF70007BE0040000000000400080004000200032
:10CF80002000400000000000000000000000000041
:10CF9000000000000000000000001FCC000C00009A
:10CFA00000000000000008003000600008003000B1
:10CFB00060000000022003FC1E20022003FC1E2053
:10CFC0000220000000000E1811043FFF10840C78AE
:10CFD000000000000F0010840F3800C0077818848C
:10CFE0000078000000780F8410C411240E9800E42B
:10CFF00000840008080068007000000000000000C5
:10D000000000000000000000000007E018182004E5
:10D0100040020000000040022004181807E0000051
:10D02000000000000240024001800FF00180024039
:10D03000024000000080008000800FF80080008027
:10D04000008000000001000D000E00000000000044
:10D050000000000000000080008000800080008050
:10D06000008000800000000C000C000000000000A8
:10D0700000000000000000060018006001800600AB
:10D0800018002000000007F0080810041004080829
:10D0900007F000000000080408041FFC000400045E
:10D0A0000000000000000E0C101410241044118425
:10D0B0000E0C000000000C1810041104110412885A
:10D0C0000C700000000000E00320042408241FFC72
:10D0D0000024000000001F9810841104110410881F
:10D0E00010700000000007F008881104110418886F
:10D0F0000070000000001C00100010FC13001C0059
:10D100001000000000000E381144108410841144F7
:10D110000E38000000000700088C104410440888F6
:10D1200007F00000000000000000030C030C0000EA
:10D1300000000000000000000001010600000000E7
:10D1400000000000000000800140022004100808D8
:10D1500010040000022002200220022002200220EF
:10D160000220000000001004080804100220014002
:10D170000080000000000E001200100C106C1080E7
:10D180000F00000003E00C1813E4142417C408284F
:10D1900007D000000004003C03C41C40074000E42A
:10D1A000001C000410041FFC1104110411040E885B
:10D1B0000070000003E00C181004100410041008A4
:10D1C0001C10000010041FFC1004100410040808B8
:10D1D00007F0000010041FFC1104110417C4100410
:10D1E0000818000010041FFC1104110017C01000E3
:10D1F0000800000003E00C181004100410441C7810
:10D200000040000010041FFC108400800080108487
:10D210001FFC10040000100410041FFC1004100474
:10D220000000000000030001100110011FFE1000AB
:10D230001000000010041FFC110403801464181C6B
:10D240001004000010041FFC10040004000400047B
:10D25000000C000010041FFC1F0000FC1F001FFC3E
:10D260001004000010041FFC0C04030000E0101860
:10D270001FFC100007F00808100410041004080830
:10D2800007F0000010041FFC108410801080108034
:10D290000F00000007F0081810241024101C080AC2
:10D2A00007F2000010041FFC1104110011C011301E
:10D2B0000E0C000400000E1C110410841084104495
:10D2C0001C3800001800100010041FFC100410008F
:10D2D0001800000010001FF81004000400041004DF
:10D2E0001FF8100010001E0011E0001C00701380D9
:10D2F0001C0010001FC0103C00E01F0000E0103CAC
:10D300001FC000001004180C163401C001C01634F0
:10D31000180C100410001C00130400FC13041C0063
:10D32000100000000804101C1064108413041C0476
:10D33000101800000000000000007FFE40024002C4
:10D3400040020000000030000C0003800060001C60
:10D350000003000000004002400240027FFE000087
:10D3600000000000000000002000400040004000DD
:10D370002000000000010001000100010001000187
:10D3800000010001000040004000200000000000FB
:10D390000000000000000098012401440144014401
:10D3A00000FC000410001FFC008801040104008838
:10D3B00000700000000000700088010401040104F6
:10D3C00000880000000000700088010401041108BA
:10D3D0001FFC0004000000F8014401440144014422
:10D3E00000C800000000010401040FFC1104110436
:10D3F00011001800000000D601290129012901C9E6
:10D400000106000010041FFC00840100010001045B
:10D4100000FC000400000104190419FC00040004CD
:10D42000000000000000000300010101190119FEC5
:10D430000000000010041FFC0024004001B4010C97
:10D44000010400000000100410041FFC000400048C
:10D4500000000000010401FC0104010001FC0104C2
:10D46000010000FC010401FC008401000100010432
:10D4700000FC0004000000F80104010401040104A0
:10D4800000F80000010101FF00850104010400888B
:10D490000070000000000070008801040104010514
:10D4A00001FF00010104010401FC008401040100EA
:10D4B00001800000000000CC01240124012401248B
:10D4C0000198000000000100010007F801040104B8
:10D4D00000000000010001F800040004000401083D
:10D4E00001FC0004010001800170000C00100160CB
:10D4F0000180010001F0010C003001C00030010C7E
:10D5000001F0010000000104018C00740170018C25
:10D5100001040000010101810171000E0018016089
:10D520000180010000000184010C013401440184E8
:10D53000010C0000000000000000000001003EFCA3
:10D54000400240020000000000000000FFFF000059
:10D55000000000000000400240023EFC010000000C
:10D5600000000000008000FF0004000400040088A8
:10D5700000FC0004000000000000000000000000AB
:10D58000000000000000000000000000000000009B
:10D59000000000000000000000000000000000008B
:10D5A000000000000000000F80380FFE380F8038A8
:10D5B000000000000000000000000000000000006B
:10D5C00000000100000600000C00003800003100DF
:10D5D000000600000C0000380000300000000000D1
:10D5E0000000000061800067F807F980006180009A
:10D5F00061800061800061800067F807F980006148
:10D600008000000000000000000001C0E003E0F026
:10D610000630080418081FFFFE040E080787F003F1
:10D6200081E000000000000001F000060C0004048E
:10D6300008060C7001F9C0000E00003BE000EC1879
:10D64000070808040C180003E00000000001E000D7
:10D6500007F003F818041C0804170807E1D003C0FA
:10D66000E00023B0003C080020080000100000008B
:10D670000000000100003100003200001C0000002A
:10D68000000000000000000000000000000000009A
:10D69000000000000000000000000000000000008A
:10D6A000000000007F0001FFC00780F00C00181090
:10D6B0000004200002000000000000200002100012
:10D6C000040C00180780F001FFC0007F000000007C
:10D6D000000000000000000000000000000000004A
:10D6E0004200006600006600003C0000180003FFD6
:10D6F000C0001800003C0000660000660000420008
:10D7000000000000080000080000080000080000F9
:10D71000080001FFC0000800000800000800000821
:10D72000000008000000000000010000310000328D
:10D7300000001C00000000000000000000000000CD
:10D7400000000000000000000000000008000008C9
:10D7500000000800000800000800000800000800A1
:10D7600000080000080000080000000000000000A1
:10D770000000000038000038000038000000000001
:10D780000000000000000000000000000000000099
:10D7900000000000000600001C0000700001800076
:10D7A0000E0000380000C0000700001C0000300020
:10D7B00000000000000000007F8001FFE003807097
:10D7C0000600180400080400080600180380700111
:10D7D000FFE0007F8000000000000000000001006A
:10D7E0000801000801000803FFF807FFF80000081F
:10D7F0000000080000080000000000000000000118
:10D80000C03802C058040098040118040218040427
:10D8100018061C1803F81801E0F8000000000000CA
:10D8200000000001C0E003C0F00400080408080480
:10D83000080806180803F41801E7F00001E00000EA
:10D8400000000000000000000300000D00001100B7
:10D8500000610000810803010807FFF80FFFF800CE
:10D8600001080001080000000000000000E007FCC3
:10D87000D006080806100806100806100806183812
:10D88000060FF00607C000000000000000000000C6
:10D890003F8001FFE00384300208180410080410E0
:10D8A00008041008071810030FF00007C00000005C
:10D8B00000000000000003C0000700000600000692
:10D8C00000F80607F806180006E00007000006004A
:10D8D0000000000000000001E1E003F7F006341052
:10D8E000041808041808040C08040C080616180389
:10D8F000F3F001C1E000000000000000F80003FCAC
:10D900003003063804020804020804020804041064
:10D910000308F001FFC0007F0000000000000000CD
:10D9200000000000000000000000000070380070DF
:10D930003800703800000000000000000000000007
:10D9400000000000000000000000000000000000D7
:10D95000301A00301C000000000000000000000031
:10D96000000000000000000000000008000014009B
:10D9700000220000410000808001004002002004DD
:10D980000010080008000000000000002100002135
:10D9900000002100002100002100002100002100E2
:10D9A0000021000021000021000000000000000014
:10D9B0000000080008040010020020010040008060
:10D9C0008000410000220000140000080000000058
:10D9D00000000003C00004C0000400000800380874
:10D9E0000F380808380810000C300007E00003C0AA
:10D9F00000000000000000003F8000FFE003807096
:10DA0000020F1006708804C088048308047F88020F
:10DA1000C09003012000FE40000008000018000133
:10DA2000F8003E0801C20007020007E20000FE0005
:10DA3000001FC80001F800003800000804000807B3
:10DA4000FFF807FFF8040808040808040808040899
:10DA50000806180803F41801E7F00001E0000000D0
:10DA6000000000003F8001FFE00380700200180406
:10DA700000080400080400080400100600200780C5
:10DA8000C000000004000807FFF807FFF8040008C2
:10DA9000040008040008040018020010038070014C
:10DAA000FFE0007F8000000004000807FFF807FF88
:10DAB000F8040808040808040808040808043E08D4
:10DAC00004000806001801006000000004000807B8
:10DAD000FFF807FFF8040808040800040800040819
:10DAE00000043E0006000006000001800000000067
:10DAF000000000003F8001FFE00380700600180472
:10DB000000080402080402080203F00783F0000280
:10DB10000000020004000807FFF807FFF8040808E7
:10DB200000080000080000080000080004080807BA
:10DB3000FFF807FFF80400080000000000000400E0
:10DB40000804000804000807FFF807FFF8040008AD
:10DB500004000804000800000000000000000000AD
:10DB60000006000007000001040001040001040099
:10DB70000307FFFE07FFFC04000004000004000090
:10DB800004000807FFF807FFF8040C08001800005D
:10DB90003E0004C7800503C80600F80400380400EE
:10DBA0001800000804000807FFF807FFF804000841
:10DBB000000008000008000008000008000008003D
:10DBC000001800006000000004000807FFF807804C
:10DBD0000807FC00007FC00003F80007C0007800C1
:10DBE00007800807FFF807FFF8040008040008078B
:10DBF000FFF807000803C00000E000003800001E26
:10DC0000000007000001C00400F007FFF804000056
:10DC1000000000007F8001FFE00380700600180410
:10DC2000000804000806001803003001FFE0007F30
:10DC30008000000004000807FFF807FFF80404084C
:10DC4000040400040400040400040400060C00039F
:10DC5000F80001F000000000000000007F8001FFDC
:10DC6000E00380700600880400880400C806003CB9
:10DC700003003E01FFE6007F840000000400080767
:10DC8000FFF807FFF8040808040800040C00040F5C
:10DC900000040BC00610F003F03801E00800000893
:10DCA00000000001E0F803F030063010041808040A
:10DCB0001808040C08040C080206180207F0078173
:10DCC000E0000000018000060000040000040000E5
:10DCD00004000807FFF807FFF80400080400000428
:10DCE000000006000001800004000007FFE007FFBD
:10DCF000F0040018000008000008000008000008F8
:10DD000000000804001007FFE00400000400000603
:10DD1000000007E00007FE00041FE00001F800001B
:10DD2000380001E0043E0007C000060000040000C7
:10DD300004000007E00007FFC0041FF80007C00749
:10DD4000F80007FF80043FF80007C004F800070050
:10DD50000004000000000004000806001807C07856
:10DD600005F1C8003E00001F800463E80780F80644
:10DD700000180400080000000400000600000780EE
:10DD80000007E008047C08001FF80007F8001808E6
:10DD900004E0080700000600000400000000000185
:10DDA00000080600380400F80403E8040F08047CA7
:10DDB0000805F00807C0080700180400600000000C
:10DDC0000000000000000000000000000000003F14
:10DDD000FFFE20000220000220000220000220009E
:10DDE0000200000000000000000008000007000022
:10DDF00000C0000038000006000001C00000300034
:10DE0000000E0000010000000000000000002000E3
:10DE1000022000022000022000022000023FFFFE3C
:10DE200000000000000000000000000000000000F2
:10DE3000000000000008000010000030000020007A
:10DE4000003000001000000800000000000000008A
:10DE500000000100000100000100000100000100BD
:10DE600000010000010000010000010000010000AD
:10DE70000100000100000000000000000020000080
:10DE80002000001000001000000000000000000052
:10DE900000000000000000000000000000F0001979
:10DEA000F8001B180022080026080024080024108F
:10DEB000003FF8001FF800000800001800000004F0
:10DEC000000007FFF80FFFF00018180010080020EE
:10DED00008002008003018001FF0000FC0000000EC
:10DEE0000000000007C0001FF000183000200800EC
:10DEF0002008002008003C08001C10000060000002
:10DF0000000000000000000007C0001FF0003818EB
:10DF100000200800200800200804101007FFF80F58
:10DF2000FFF00000100000000000000000000007EB
:10DF3000C0001FF000123000221800220800220842
:10DF4000003208001E10000E20000000000000003B
:10DF5000200000200800200801FFF803FFF8062039
:10DF60000804200804200807200003000000000027
:10DF700000000000000E000E6E001FF30031B10023
:10DF800020B10020B1003191001F13002E1E00208F
:10DF90000E00300000000004000807FFF80FFFF833
:10DFA000001008002000002000002008003FF800BA
:10DFB0001FF8000008000000000000000000002022
:10DFC00008002008002008063FF8063FF800000877
:10DFD0000000080000080000000000000000000031
:10DFE00000000000030000030020010020010020C9
:10DFF00003063FFE063FFC0000000000000000009A
:10E0000000000004000807FFF80FFFF80001880077
:10E010000300002FC00038F800203800200800005E
:10E0200008000000000000000000040008040008D0
:10E0300004000807FFF80FFFF800000800000800C0
:10E040000008000000000000002008003FF8003F2A
:10E05000F8001008002000003FF8003FF80010080A
:10E06000002000003FF8003FF8000008000000001A
:10E070002008003FF8003FF80010080010000020C2
:10E0800000002008003FF8001FF800000800000012
:10E090000000000007C0000FF0001830003008003A
:10E0A0002008002008003008001830000FF000079A
:10E0B000C0000000000000002001003FFF003FFF03
:10E0C000001011002009002008002008003038004E
:10E0D0001FF0000FC00000000000000007C0001F7C
:10E0E000F000381800200800200800200900101156
:10E0F000001FFF003FFF000001000000002008009B
:10E100002008002008003FF8003FF8000808001031
:10E11000080020080020000030000030000000004F
:10E12000000000000000000C78001E1800330800FA
:10E1300023080021080021880021980030F00038D1
:10E14000600000000000000020000020000020000F
:10E1500000FFF003FFF8002008002008002008005E
:10E160000030000000000000000000002000003F20
:10E17000F0007FF8000018000008000008002010E0
:10E18000003FF8007FF000001000000000000000D9
:10E190002000003000003C00003F800023F0000021
:10E1A00078000070002380003C0000300000200058
:10E1B000002000003C00003FE00023F80000E000E9
:10E1C0002700003E00003FE00021F80001E0003E93
:10E1D000000020000000000020080020080038385F
:10E1E000003E680027800003C8002CF80038380083
:10E1F000201800200800000000000000200000306F
:10E2000003003C01003F830023EC000070002380EA
:10E21000003C000020000020000000000000000082
:10E2200000000038080020380020F80023E8002F04
:10E2300088003E0800380800201800007000000028
:10E2400000000000000000000000000000000000CE
:10E2500008000014001FF7FC300006200002000038
:10E2600000000000000000000000000000000000AE
:10E27000000000000000FFFFFF00000000000000A1
:10E28000000000000000000000000000000020006E
:10E29000023000061FF7FC00140000080000000018
:10E2A000000000000000000000000000000000006E
:10E2B0002000003FFC007FFC000018000008000068
:10E2C00008002010003FF8007FF000001000000060
:10E2D0002A2A2A2A2A2A2A2A2A2A2A2A2A2A2A2A9E
:10E2E0002A2A2A2A2A2A2A2A2A2A2A2A2A2A2A2A8E
:10E2F0002A2A2A2A2A2A2A2A2A2A2A2A2A2A2A2A7E
:10E300002A2A2A2A2A2A2A2A2A2A2A2A2A2A2A2A6D
:10E310000D0A000034E3000800000020480300005C
:10E32000C80900082CE4000848030020404300000E
:10E330005EB0000801141EACF7FF1FE8042D107A30
:10E34000FF1F0C29081620F4F01F503AF8044B90D8
:10E350007510C1120114FFFFFF02A1FF09A0A20165
:10E360003655C095A90545B864D94545902F500943
:10E37000B598D05802680A74657374303031313002
:10E38000012231172448014024081C402404041AA7
:10E39000400C21190C29084301401A2C201A2C206A
:10E3A0001A2C201A2C201A2C201A2C205A2C201A15
:10E3B00028201A28201A28201A28201A28201A284B
:10E3C000205A28201A34201A3C201A34201A3420CB
:10E3D0001A3C201A34205A4020115A01010111120E
:10E3E00001138C041B209C041AAC041ABC041ACC24
:10E3F000041ADC041AEC041AFC044105200421046C
:10E40000211359501408B5C23C08A008341C68A058
:10E41000280812040224682D0102030404150607CB
:0CE420000809AC7A030A18391431000016
:040000050800018965
:00000001FF
