:020000040800F2
:1000000088460020B10100089D500008D114000866
:10001000893F0008E10C0008B7AD000800000000AF
:100020000000000000000000000000000D69000852
:10003000DD0D000800000000A55500081977000834
:10004000CB010008CB010008CB010008CB01000860
:10005000CB010008CB010008210E0008CB010008ED
:10006000CB010008CB010008CB010008CB01000840
:10007000CB010008CB010008CB010008CB01000830
:10008000CB010008CB010008CB010008CB01000820
:10009000CB010008CB010008CB010008CB01000810
:1000A000CB010008CB010008CB010008CB01000800
:1000B000F977000851780008CB010008CB0100084F
:1000C000CB010008CB010008CB010008CB010008E0
:1000D000CB010008CB010008CB010008CB010008D0
:1000E000D90F0008CB010008CB010008CB010008A4
:1000F000CB010008CB010008CB010008CB010008B0
:10010000CB010008CB010008A1780008CB01000852
:10011000CB010008CB0100087D7A0008CB01000864
:10012000CB010008CB010008CB010008CB0100087F
:10013000CB010008CB010008CB010008CB0100086F
:10014000CB010008CB010008CB010008CB0100085F
:10015000CB010008CB010008CB01000871AB0008FF
:10016000CB010008CB010008CB010008CB0100083F
:10017000CB010008CB010008CB010008CB0100082F
:10018000CB010008CB010008DFF810D000F00AFC1A
:100190000048004779BF0008AFF300808846002080
:1001A00030BF72B6704762B6704780F308887047F8
:1001B0000648804706480047FEE7FEE7FEE7FEE701
:1001C000FEE7FEE7FEE7FEE7FEE7FEE791770008C1
:1001D000890100082DE9F05F0546002092469B4604
:1001E00088460646814640241BE02846414647464D
:1001F000224600F0A0FA53465A46C01A914110D345
:1002000011461846224600F087FA2D1A67EB0108BE
:100210004F4622460120002100F07EFA17EB00092C
:100220004E41201EA4F10104DFDC484631462A4637
:100230004346BDE8F09FD2B201E000F8012B491E11
:10024000FBD270470022F6E710B513460A46044673
:100250001946FFF7F0FF204610BD421C10F8011BA5
:100260000029FBD1801A704710B5002200E0521C13
:10027000835C8C5CA34201D1002BF8D1D8B2E1B2EF
:10028000401A10BD034611F8012B00F8012B002A7B
:10029000F9D11846704730B505460020034600E006
:1002A0005B1C934205D2EC5CC85C201A01D1002C87
:1002B000F6D130BD2DE9FE4F804681EA0300C00F24
:1002C0000C46009021F0004123F00045B8EB0200FD
:1002D000A94105D24046214690461C460B4602469F
:1002E00023F00040104347D0270DC7F30A00C3F3A3
:1002F0000A510290401A019040286BDAC3F31300B0
:1003000040F4801B0098924620B10023D2EB030AF0
:1003100063EB0B0B01985946C0F14002504600F0C8
:10032000FBF906460D4650465946019A00F013FA6D
:1003300010EB08006141002487EA115284EAE77358
:100340001A4340D0009A62B3019A012A4FEA075239
:1003500015DC001B61EB02014FF0004202EA07527C
:10036000CDE90042001C41F5801132462B4600F0D9
:100370004AFA03B0BDE8F08F40462146F9E7001B7A
:1003800061EB0201001C41F5801300185B4120184D
:10039000A2F5001747EB030140EAD570B6196D418D
:1003A00011E06D084FEA360645EAC0754FEA07527C
:1003B000001B61EB0201001C41F5801149084FEA66
:1003C00030000019514132462B4603B0BDE8F04FD2
:1003D00000F00ABA0098012240000023D0EB02028C
:1003E00063EBE073009821464FEAE074B8EB00003D
:1003F00061EB0401E9E783F000435BE781F0004132
:1004000058E72DE9FE4F81EA030404F0004421F08F
:10041000004100944FF0000B23F0004350EA010428
:100420005ED052EA03045BD0C3F30A54C1F30A5509
:100430002C44A4F2F3340194A0FB0254C1F3130141
:1004400041F48011C3F3130343F4801301FB02440E
:1004500000FB034E840A970A44EA815447EA835713
:10046000A4FB076802958D0A05FB07854FEA932CCC
:1004700004FB0C542705029D4FEA065847EA16373D
:10048000B5EB08056EEB070C870E920E47EA811755
:1004900042EA8312A7FB0201B6EB0B0164EB0004F6
:1004A0002B0D43EA0C335E1844EB1C50DA465146E0
:1004B000E7FB0201C5F313044FEA0B3343EA14537D
:1004C0004FEA0432019C43EA0603A4F10C040294AF
:1004D000009CCDE900B400F096F903B0BDE8F08FC0
:1004E00000200146F9E72DE9F04D81EA030404F00C
:1004F000004B21F0004514464FF0000A23F0004164
:1005000050EA050220D054EA01021DD0C5F30A5773
:100510000246C5F31303C1F31300C1F30A5640F4B6
:10052000801543F48013A7EB0608101BD64608F28B
:10053000FD3873EB050002D308F1010801E09218C1
:100540005B41B8F1000F03DA00200146BDE8F08DF1
:1005500000204FF48011064684460EE0171B73EB13
:10056000050705D3121B63EB050306434CEA010C98
:1005700049084FEA300092185B4150EA0107EDD17B
:1005800052EA030012D082EA040083EA050108431C
:1005900005D0101BAB4106D20122002306E0002249
:1005A0004FF0004302E06FF0010253101AEB060017
:1005B0004CEB085110EB0A0041EB0B01BDE8F04D8C
:1005C00000F012B930B4044696230800214604D046
:1005D000B62330BC002200F0D9B820460021F8E74D
:1005E0000EB5C10F80EAE0700844CA07002140F24E
:1005F00033438DE80E000A460B4600F004F903B0C1
:1006000000BD0EB540F2334102910021CDE9001149
:100610000A460B4600F0F7F803B000BD3EB5CA1716
:10062000CB0F002450405140C0186141DA0740F21E
:1006300033430094CDE901232246234600F0E3F83A
:1006400003B030BD0EB540F2334202920022CDE934
:100650000022134600F0D7F803B000BDC1F30A52E0
:1006600010B5C1F3130140F2FF3341F480119A42F7
:1006700001DA002010BD40F233439A42A2F2334225
:1006800003DC524200F057F810BD904010BD00F05E
:10069000004230F000400AD0C10D01F56071C0F396
:1006A000160042EA0151C20840071143704700207A
:1006B0000146704701F0004330B421F0004150EA98
:1006C000010206D00A0DA2F56072C1F31301002ADF
:1006D00002DC30BC00207047440F44EAC104C10072
:1006E000E01830BC00EBC25000F047B830B50B4604
:1006F000014600202022012409E021FA02F59D4252
:1007000005D303FA02F5491B04FA02F52844151E25
:10071000A2F10102F1DC30BD202A04DB203A00FA0C
:1007200002F1002070479140C2F1200320FA03F348
:10073000194390407047202A04DB203A21FA02F046
:100740000021704721FA02F3D040C2F1200291400B
:10075000084319467047202A06DBCB17203A41FA96
:1007600002F043EAE07306E041FA02F3D040C2F13E
:10077000200291400843194670470029A8BF7047DE
:10078000401C490008BF20F00100704710B4B0FAC7
:1007900080FC00FA0CF050EA010404BF10BC704762
:1007A00049B1CCF1200421FA04F411FA0CF118BF7C
:1007B000012121430843A3EB0C01CB1D4FEA00614B
:1007C0004FEA102042BF002010BC704700EBC3501E
:1007D00010440029A4BF10BC7047401C490008BF4A
:1007E00020F0010010BC704710B5141E73F1000416
:1007F00008DA401C41F1000192185B411A4301D113
:1008000020F0010010BD2DE9F04D92469B4611B13C
:10081000B1FA81F202E0B0FA80F220329046FFF79E
:100820007BFF04460F4640EA0A0041EA0B015346AB
:100830005A46084313D0114653EA010019D0C8F1B3
:1008400040025046FFF777FF05460E465046594690
:100850004246FFF761FF084305D0012004E020462F
:100860003946BDE8F08D0020054346EAE0762C438A
:1008700037430A986305E40AA0EB08000022FD0A4A
:1008800044EA47540A3002D500200146E9E7010551
:1008900010196941DDE9084500196941BDE8F04DCD
:1008A000A2E72DE9F04D00231A461B1A8A4103DB0B
:1008B00000200146BDE8F08DC1F30A52C1F31301D7
:1008C00041F480154FF0000BD10702D100186D41A3
:1008D000521E0027044640F2FF11384601EB620A1F
:1008E0003E468046024600204FF48011FFF723FF6A
:1008F000C2197141BB1846EB0100B4EB030C75EB58
:10090000000C04D3E41A65EB000517460E462419C3
:1009100008F101006D4180463428E3DDF91946EB0A
:100920000600091BA84103D24FF0FF32134601E035
:10093000002213461BEB070046EB0A51BDE8F04DC1
:10094000FFF752BFC1F30A52C1F3130140F2FF3364
:1009500041F480119A4202DA00200146704740F2C9
:1009600033439A42A2F2334202DC5242FFF7E3BE23
:10097000FFF7D2BE30B5041E71F1000404DB4FF066
:100980000044404264EB0101141E73F1000405DBD6
:100990001C464FF00043524263EB0403994208BFE8
:1009A000904230BD064C074D06E0E06840F0010380
:1009B00094E8070098471034AC42F6D3FFF7E8FB01
:1009C0000CE300082CE3000870B58C1810F8015BEC
:1009D00015F0070301D110F8013B2A1106D110F8D8
:1009E000012B03E010F8016B01F8016B5B1EF9D1DC
:1009F0002B0705D40023521E0DD401F8013BFAE762
:100A000010F8013BCB1A921C03E013F8015B01F8CC
:100A1000015B521EF9D5A142D8D3002070BD70B53C
:100A200005460C46012D04D12046E11700F014F8CC
:100A300010E0022D04D12046E11700F04FF809E044
:100A4000032D07D12046E11700F006F82046E117F4
:100A500000F044F870BD000070B52DED088B054620
:100A60000E4628463146FFF7D9FD9FED150B53EC96
:100A7000102BFFF7C6FC9FED140B53EC102BFFF768
:100A800019FC9FED130B53EC102BFFF713FCFFF732
:100A9000E5FD84B210201049088304204883201209
:100AA00005F02CFEE0B205F029FE10200A4948832B
:100AB0000420088308200883BDEC088B70BD00006B
:100AC0000000000000002040000000000000E03FA7
:100AD00000000000C0FFDF400000024070B52DEDB7
:100AE000088B05460E4628463146FFF797FD9FEDD9
:100AF000150B53EC102BFFF784FC9FED140B53ECFC
:100B0000102BFFF7D7FB9FED130B53EC102BFFF7C8
:100B1000D1FBFFF7A3FD84B2102010490883082001
:100B20004883201205F0EAFDE0B205F0E7FD102051
:100B30000A4948830420088308200883BDEC088BF9
:100B400070BD000000000000000020400000000018
:100B50000000E03F00000000C0FFDF400000024056
:100B600010B500F0DFFC10BD70B506460C4615460A
:100B700008E03046721C96B200F007F804F8010B4A
:100B8000681E85B2002DF4D170BD70B504460026F4
:100B900000F07AFDA02000F043FD00F0C1FD20121E
:100BA00000F03EFD00F0BCFD2546E11704EB1161AD
:100BB0000912A4EB0121C8B200F032FD00F0B0FD33
:100BC00000F062FDA12000F02BFD00F0A9FD002047
:100BD00000F0F4FC064600F07DFD304670BD70B5B7
:100BE00005460C46164606E02178284600F009F82E
:100BF000681C85B2641C301EA6F101018EB2F3D1CF
:100C000070BD70B504460E4600F03EFDA02000F019
:100C100007FD00F085FD201200F002FD00F080FDD0
:100C20002546E11704EB11610912A4EB0121C8B2BA
:100C300000F0F6FC00F074FD304600F0F1FC00F02E
:100C40006FFD00F047FD0A2000F0CAF870BD0000FB
:100C50001CB50121202005F0AFFB0121402005F04B
:100C6000ABFB01208DF8040000208DF80600032066
:100C70008DF8050001208DF80700202000906946BE
:100C8000014800F055FB1CBD001802401CB50AF0DD
:100C9000C1FE0121042005F08FFB3F2000900020C1
:100CA0008DF8040001208DF8070069460B4800F01C
:100CB0003FFB4FF47C60009001208DF80400002081
:100CC0008DF8060003208DF8050001208DF807003F
:100CD0006946024800F02CFB1CBD000000080240E1
:100CE00000BFFEE770B502464FF6FF70002313E029
:100CF00012F8015B684000240AE000F0010525B10C
:100D00004AF2010585EA600000E04010651CECB283
:100D1000082CF2DB5D1CEBB28B42E9DB70BD0000FE
:100D200000B585B00121022005F046FB01218803B2
:100D300005F082FB4FF46040039000208DF8100016
:100D400001208DF8130003A9234800F0F1FA0D21CA
:100D5000012005F0DDFD0F21012005F0D9FD4FF444
:100D60000050009000208DF8040010208DF8050040
:100D700001208DF80600684600F084F928208DF8DF
:100D8000080003208DF809008DF80A0001208DF875
:100D90000B0002A804F084F94FF4004000900020FA
:100DA0008DF8040010208DF8050001208DF8060054
:100DB000684600F067F928208DF8080003208DF8B8
:100DC00009008DF80A0001208DF80B0002A804F03C
:100DD00067F905B000BD0000000402407047000044
:100DE00001B504490098086000BF02480068002867
:100DF000FBD108BD0C00002010B50021074806F00B
:100E00006CFE002005492431086004492C3108603B
:100E10004FF6FE7001491031088010BD000C0040F3
:100E200070B5012000F022F900287DD0604880785C
:100E3000032863D15F48007818B15E480078012824
:100E40005CD15B484078012806D15948D0F8880029
:100E500059494968086008E05548407828B954481D
:100E6000D0F8300154494968086002200BF02FFE89
:100E70005248006801282DD1002051490860012006
:100E80005049C1F8800200214F48817001204F492C
:100E9000087000204E4908604D482438008840F012
:100EA00001004B49243908804248007840B9424A41
:100EB000526811683E4A5078012204F04BF973E001
:100EC0003D4A526812685142394A5078012204F072
:100ED00041F969E039480068002865D1344948780B
:100EE0000122002104F036F9012035490860002074
:100EF0003449C1F880023549087055E02C488078A3
:100F0000032851D12B480078022803D029480078C3
:100F1000032849D105200BF0DAFD28480068012894
:100F200042D10024002500E041E02148407801281A
:100F300009D11F48D0F888001F49496808601C483B
:100F4000D0F890500BE01A48407840B91848D0F8D3
:100F500030011949496808601548D0F8385115B36F
:100F600001201C490860FA20B5FBF0F0441E483C03
:100F700000201349086001201249C1F880020021B5
:100F80001148817001201149087000201049086043
:100F90000F482438008840F001000D4924390880AA
:100FA000204600F0B9F800BF012000F059F870BDEC
:100FB00048000020C0010020A00200200082404222
:100FC000800240420000424284020020DC020020F5
:100FD00024040040EC01002010B51B48006800F418
:100FE000005080B364200AF065FD18480068184975
:100FF000D1F8381288420DD016480078401C1549A7
:1010000008701548007890B113480078401E1249C6
:1010100008700CE010480078401C0F4908700D481B
:10102000007820B10B480078401E0A4908700B4830
:10103000408910B90120094948810348006840F4FB
:1010400000500149086010BD143C01403482404208
:1010500000804042E4020020E5020020C806002093
:101060000149086070470000143C0140014600201F
:10107000034A12680A400AB1012000E000207047CC
:10108000143C0140002123498279002A3AD00A46C3
:10109000126803689A430B461A600A1D12680368B7
:1010A0009A430B1D1A60027911440A6803681A43B7
:1010B0000A60184A0832126803689A43154B0833CD
:1010C0001A601A1D126803689A43124B0C331A6097
:1010D0004279102A0ED11A1F126803681A430D4B69
:1010E00008331A601A1D126803681A43094B0C333F
:1010F0001A600DE00749427911440A6803681A43EF
:101100000A6005E0027911440A6803689A430A609C
:1011100070470000003C014070B504460025284897
:10112000007840B9274A52681168274A507801224E
:1011300004F010F823E022480078012809D1214A60
:10114000526812685142204A5078012204F002F895
:1011500015E01B480078022808D11A4A5268116825
:10116000194A5078012203F0F5FF08E0154A526849
:1011700012685142144A5078012203F0EBFF1048E4
:101180000078012801DC651C01E0601C45080F485F
:10119000056000200D49083908604FF6FE700B49C4
:1011A0001C39088009482C38008840F001000749A4
:1011B0002C3908800120064908600649086070BD86
:1011C000C0010020A0020020480000202C0C00409C
:1011D00084824042D002002051B18200A2F1C0427C
:1011E000126842F001038200A2F1C042136009E0DC
:1011F0008200A2F1C0421268034B1A408300A3F19F
:10120000C0431A6070470000FEFF0F0030B5002198
:10121000002200230468A400A4F1C0442168424CC9
:101220002140D0E901452C43C5682C4305692C4376
:1012300045692C4385692C43C5692C43056A2C43B9
:10124000456A2C43856A2C43C56A2C43056B2C43A5
:1012500021430468A400A4F1C04421608468082CE0
:101260000BD10468A400A4F1C044246844F04005F4
:101270000468A400A4F1C04425600468641CA400B0
:10128000A4F1C044226802F04042446B2468456BDC
:101290006D6844EA0514456BAD6844EA0524456B66
:1012A000AD8944EA0544456B2D8A44EA0554456BF3
:1012B0002D7D44EA0564456BAD692C4322430468E7
:1012C000641CA400A4F1C0442260C46AB4F5804F39
:1012D00020D10468A400A4F1C044D4F80431134C14
:1012E0002340846B2468856B6D6844EA0514856B24
:1012F000AD6844EA0524856BAD8944EA0544856BF5
:10130000AD692C4323430468A400A4F1C044C4F88D
:10131000043107E06FF070450468A400A4F1C044F4
:10132000C4F8045130BD00008000F7FF0000F0CF8A
:10133000F0B50A4600210023002400BF3DE001254E
:1013400005FA01F3156805EA03049C4234D10568E7
:101350004F000326BE40B543056015794E00B540E9
:101360000668354305601579012D02D01579022DE7
:1013700016D185684F000326BE40B5438560557978
:101380004E00B540866835438560456801268E402D
:10139000B5434560456896798E40B6B235434560A1
:1013A000C5684F000326BE40B543C560D5794E00E1
:1013B000B540C6683543C560491C1029BFD3F0BD90
:1013C000F0B5002300244D07ED0E02FA05F3CE1010
:1013D00000F1200555F826504E07F70E0F26BE40A7
:1013E000B543CF1000F1200646F82750CE1000F18B
:1013F000200555F8265045EA0304CE1000F12005DB
:1014000045F82640F0BD41837047018370470000D6
:1014100070B52DED088B054600249FED1E0AB0EE39
:10142000408A0021284605F0CDF80446B4F5004F67
:1014300011DA2046FFF7E5F841EC1A0B9FED160B89
:1014400053EC102BFEF7DDFF41EC190BFFF732F9DF
:1014500008EE100A19E0E043401CFFF7C1F841EC28
:101460001B0B9FED0D0B53EC102BFEF7CAFF41EC4D
:101470001A0B9FED0B0B53EC102BFEF7BFFF41EC4B
:10148000190BFFF717F908EE100AB0EE480ABDEC89
:10149000088B70BD00000000000000000000803FCD
:1014A000000000000000000010B516220749E620E9
:1014B000FFF75AFB0548D0F81200401C0349C1F859
:1014C00012001622E620FFF78AFB10BD4803002019
:1014D00000BFFEE710B500200F4908600F48006804
:1014E00020F440000D4908600846006840F4800080
:1014F000086000200A49C1F8AC0204200AF0DAFAB8
:1015000001200549086004200AF0D4FA00200449AB
:10151000C1F8A80210BD0000A882404200040240A9
:10152000008040421CB50121022004F045FF4FF429
:101530004060009001208DF804008DF80600032023
:101540008DF8050001208DF8070069460448FFF773
:10155000EFFE0120034908600349C1F8A8021CBD41
:1015600000040240AC8240420080404210B500209E
:101570000F4908600F48006820F440000D490860DA
:101580000846006840F48000086001200A49C1F85C
:10159000AC0204200AF08EFA0120054908600420FC
:1015A0000AF088FA00200449C1F8A80210BD000022
:1015B000A8824042000402400080404270B50546C7
:1015C00000241448006820F44000124908600026F6
:1015D00016E000201049086004200AF06BFA012090
:1015E0000E49C1F8A8026006040E0B487C3800685A
:1015F00008B1601CC4B202200AF05CFA701CC6B2CA
:10160000082EE6DB15B9FFF7B1FF01E0FFF762FF37
:10161000204670BD00040240A88240420080404243
:1016200070B504461548006820F44000134908606E
:101630000846006840F480000860002010490860F7
:10164000002517E0E0090E49091D08606006040E38
:1016500004200AF02FFA01200A49C1F8A802042048
:101660000AF028FA00200649086004200AF022FA4D
:10167000681CC5B2082DE5DB70BD00000004024007
:10168000A88240420080404210B50F48006820F414
:1016900040000D4908600846006840F4800008607A
:1016A00001200A4908600A49C1F8A80208200AF086
:1016B00001FA00200549086008200AF0FBF9002023
:1016C0000349C1F8A80210BD00040240AC824042A8
:1016D0000080404210B50F48006820F440000D49DA
:1016E00008600846006840F48000086000200A494D
:1016F00008600A49C1F8AC0208200AF0DBF90120B1
:101700000549086008200AF0D5F901200349C1F80D
:10171000AC0210BD00040240A8824042008040425A
:1017200010B500241248006820F4400010490860F9
:1017300001201049086002200AF0BCF901200E497E
:10174000C1F8A80202200AF0B5F907E0601CC4B293
:10175000FA2C03DDFFF7BEFF012010BD05488038DD
:1017600000680028F2D10349091F086000BFF4E7B0
:1017700000040240AC824042008040421CB501217E
:10178000084604F019FE0121022004F015FE012193
:10179000022004F011FE0121082004F00DFE0121B9
:1017A000102004F009FE0121202004F005FE012193
:1017B000402004F001FE4FF400406649088048F2E2
:1017C0004000009001208DF8040000208DF80600F4
:1017D00003208DF8050001208DF8070069465E485A
:1017E000FFF7A6FD4020009001208DF804000020A6
:1017F0008DF8060003208DF8050001208DF8070004
:1018000069465648FFF794FD082000906946514804
:101810001A38FFF78DFD4FF40C4000906946504890
:10182000FFF786FD0C214C48FFF7EFFD4FF4004118
:101830004948FFF7E8FD41F60110009001208DF8BE
:10184000040000208DF8060003208DF8050001201B
:101850008DF8070069464048FFF76AFD4FF4307085
:10186000009001208DF8040000208DF80600032070
:101870008DF8050001208DF8070069463948FFF70B
:1018800057FD43F24C00009001208DF80400002029
:101890008DF8060003208DF8050001208DF8070063
:1018A00069463148FFF744FD4F20009001208DF834
:1018B000040000208DF8060003208DF805000120AB
:1018C0008DF8070069462548FFF732FD48F2010010
:1018D000009001208DF8040000208DF80600032000
:1018E0008DF8050001208DF80700694619481A385F
:1018F000FFF71EFD00201D4908601D49C1F8800248
:101900001A49091D086001201A490860091D08606C
:10191000091D0860091D086017490860174908601B
:10192000164910310860091F086010490C31086021
:1019300011492C390860091D08600F491C390860DD
:101940000D49091F08600E490860C003014908805D
:101950001CBD00001A1402400000024000100240AA
:101960000018024000040240000C024098824042ED
:101970000000404280024242B4824142A002404202
:10198000808242424CF6CC4001490860704700001A
:10199000003000404AF6AA20014908607047000064
:1019A00000300040014948607047000000300040AE
:1019B000014988607047000000300040014908601C
:1019C00070470000003000402DE9FC470027002050
:1019D0000090019080468146002400254FF4A060CD
:1019E00003F09AFB00F034FA4FF47A61052009F015
:1019F000B7FAFFF7C3FE4FF4E13009F0DFF987A033
:101A000009F0C0FA864809F0BDFA86A009F0BAFAD2
:101A100009F0A2FA04200AF06FF80AF0C9F801F000
:101A200065FB4FF4E13183A009F0ACFA0520FFF724
:101A3000D7F909F091FA08208949088089A009F0AE
:101A4000A1FA8FA009F09EFA9620FFF7C9F909F0D4
:101A500083FA01F07BFA95A009F094FAFFF7F8F801
:101A600096A009F08FFAFFF71FFD9848D0F81210E2
:101A700097A009F087FA0AF02BF909F06DFAFFF741
:101A800005F998A009F07EFA04F0C8FD00210320B2
:101A9000FEF7C5FF97A009F075FAFFF741F9A0A07E
:101AA00009F070FA09F058FA06F038FB06F0AEFBC0
:101AB000A0A009F067FA002003F0CEFA05F004FEBA
:101AC00009F04AFA0AF07EF99FEDA10A06F0BCF986
:101AD00006F06EFA00F03CFB09F03EFA9DA009F01A
:101AE00051FA4FF4FA70FFF77BF909F035FA00F07C
:101AF00055FC9C4881889CA009F044FA4FF4FA7088
:101B0000FFF76EF909F028FAFFF72AF89DA009F00F
:101B100039FA0AF079FF09F01FFA3220FFF760F96D
:101B200002F034FA9CA009F02DFA09F015FA08F039
:101B300029F909F011FA40F2E734532529462046E5
:101B400006F054F998A009F01DFA2A4621469BA0F8
:101B500009F018FA601C691C10FB01F090FBF1F60B
:101B600031469CA009F00EFA09F0F6F9142142F270
:101B70000F7006F00DF942F2CF01204606F0DAF8B8
:101B80003220FFF72DF909F0E7F9002098490860A5
:101B90009848007818B197480078012802D106F0DB
:101BA000BDFA01E006F0F6FA09F0D6F900209249F4
:101BB000086001209149C1F880028F49091D086021
:101BC00000208F490860091D0860091D0860091D73
:101BD00008608C4908608C4908608B4910310860A6
:101BE000091F086084490C31086086492C39086057
:101BF000091D086083491C3908608249091F086073
:101C00007B49303908600223032211467FA009F086
:101C1000B9F985A009F0B6F9BDE8FC870D0A000006
:101C2000C8E200084D4355205374617274210D0AB7
:101C30000000000044656267755F55617274206939
:101C40006E6974204F4B212062617564207261744B
:101C5000653D2564206269742F730D0A0D0A00002A
:101C600018140240416E676C6F6720706F77657261
:101C700020686173206F70656E210D0A00000000FE
:101C80005761697420666F7220616E616C6F6720A6
:101C9000706F77657220746F2073746162696C690C
:101CA0007A652E2E2E2E2E2E210D0A004C45445FD5
:101CB000496E6974204F4B210D0A00004265657022
:101CC0005F496E6974204F4B210D0A0048030020C4
:101CD0004D43555F504F525F54696D65733A2564AB
:101CE0000D0A000042746E5F496E6974204F4B21EB
:101CF0000D0A00004144353534325F496E69742065
:101D00004F4B2C53657420414435353432204F7588
:101D10007470757420746F207A65726F210D0A00DB
:101D2000436F6465635F496E6974204F4B210D0AF0
:101D300000000000547269676765724578494E314A
:101D4000325F496E6974204F4B210D0A000000007C
:101D5000000000005265736574204C4344210D0A55
:101D600000000000204200204C4344204F4B212023
:101D70004C43444445565F49443D307825780D0A2C
:101D800000000000415432344358585F496E697472
:101D9000204F4B210D0A00004765742050617220CE
:101DA0004F4B0D0A00000000496E69742054696DA4
:101DB000657236204F4B210D0A00000054696D6595
:101DC0007236204152523D25642C5053433D2564C8
:101DD0000D0A000054696D657236204F7665726693
:101DE0006C6F775F74696D653D256475730D0A00CE
:101DF000B0824242C001002098824042000040422E
:101E000080024242B4824142A0024042736F667433
:101E1000776172655F76657273696F6E3A25642EBD
:101E200025642E25640D0A0048617264776172652D
:101E300020696E6974204F4B21205379732072758D
:101E40006E6E696E672E2E2E2E2E2E0D0A0D0A0036
:101E500010B5104800684FF47A71B0FBF1F4601EC1
:101E6000B0F1807F00D30FE0601E4FF0E0214861A9
:101E70000F214FF0FF3003F059F900204FF0E0211F
:101E800088610720086100BF0021481E03F04EF959
:101E900010BD0000300300200146062935DA00207D
:101EA000A94A10600120A94AC2F89C02A64A083239
:101EB0001060121D1060121D1060A44AC2F8AC021E
:101EC000A1489838006808B9002070479E489438A7
:101ED000006808B90120F8E79B489038006808B905
:101EE0000220F2E798488C38006808B90320ECE734
:101EF00095488838006808B90420E6E79248843895
:101F00000068002873D10520DFE70C2936DA0120AC
:101F10008D4A106000208D4AC2F89C0201208A4A36
:101F200008321060121D1060121D1060874AC2F83E
:101F3000AC0285489838006808B90620C5E7824891
:101F40009438006808B90720BFE77F4890380068D8
:101F500008B90820B9E77C488C38006808B909201E
:101F6000B3E779488838006808B90A20ADE77648B1
:101F7000843800680028C5D10B20A6E7122937DA7B
:101F80000120714A1060714AC2F89C0200206E4A1A
:101F9000083210600120121D1060121D10606B4A83
:101FA000C2F8AC0268489838006808B90C208CE781
:101FB00065489438006808B90D2086E76248903873
:101FC000006808B90E2080E75F488C38006808B9BF
:101FD0000F207AE75C488838006808B9102074E759
:101FE00059488438006800288CD111206DE7A1E0A1
:101FF000182936DA0120544A1060544AC2F89C026B
:10200000514A083210600020121D10600120121D7C
:1020100010604E4AC2F8AC024B489838006808B9C4
:10202000122052E748489438006808B913204CE75A
:1020300045489038006808B9142046E742488C3873
:10204000006808B9152040E73F488838006808B99B
:1020500016203AE73C4884380068002871D11720E0
:1020600033E71E2935DA0120374A1060374AC2F8B3
:102070009C02354A08321060121D10600020121DAB
:1020800010600120314AC2F8AC022F48983800682D
:1020900008B9182019E72C489438006808B91920A5
:1020A00013E729489038006808B91A200DE7264838
:1020B0008C38006808B91B2007E723488838006877
:1020C00008B91C2001E720488438006890BB1D2017
:1020D000FBE6242935DA01201B4A10601B4AC2F8AE
:1020E0009C02194A08321060121D1060121D106007
:1020F0000020164AC2F8AC0213489838006808B9A4
:102100001E20E2E610489438006808B91F20DCE67B
:102110000D489038006808B92020D6E60A488C3867
:10212000006808B92120D0E607488838006810B94F
:102130002220CAE605E004488438006808B9232054
:10214000C3E6FF20C1E60000980241420000414280
:102150001CB50121402004F02FF908200090012037
:102160008DF8040000208DF8060003208DF805008E
:1021700001208DF8070069461248FFF7D9F808F0EA
:10218000EBFE08200F491A310880C820FEF728FE10
:1021900008200C491831088008F0DEFE4FF4167054
:1021A000FEF71EFE08F0D8FE082006491A31088006
:1021B000C820FEF715FE082002491831088008F0F3
:1021C000CBFE1CBD0018024070B50446002619481D
:1021D000058808F0C1FE17484088454315488088A7
:1021E00046F60401884216D112488079012812D19E
:1021F0000020104988712A2048812B2088810021E5
:10220000084600F067FD01200A4988712B204881AB
:102210002A20888103E00021084600F05BFD00F0E1
:1022200083FE002602E004480480761CAE42FAD306
:1022300070BD0000204200200000026010B504467E
:1022400008F08AFEDCB900201C498871F020088063
:102250004FF4A07048800846808841F66311884298
:1022600028D12C20154908812B2048812A208881DB
:102270004FF4F07008804FF4487048801AE0012055
:102280000E4988714FF4A0700880F02048800846FD
:10229000808841F6631188420CD12C2007490881BF
:1022A0002A2048812B2088814FF4F07008804FF459
:1022B00088704880002000F093FB10BD2042002071
:1022C00070B504460D46164608F046FE1A4880884A
:1022D00041F66311884227D11748807920B9164802
:1022E0000088401E001B84B21349488900F016FE86
:1022F000201200F00DFEE0B200F00AFE201200F005
:1023000007FEE0B200F004FE0B49888900F006FEEB
:10231000281200F0FDFDE8B200F0FAFD281200F0EE
:10232000F7FDE8B200F0F4FD034800890349088096
:10233000881C068070BD000020420020FEFF016066
:102340002DE9F05F05460E4617469846DDF828A0B1
:102350004FF0000B08F000FE781B401C1FFA80FBBA
:10236000344615E02146284600F0B4FC00F0DCFDC0
:102370004FF0000906E00848A0F800A009F10100AC
:102380001FFA80F9D945F6DB08F0E6FD601C84B23F
:102390004445E7DDBDE8F09F000002602DE9F04311
:1023A000A1B000260027B046B1460121182004F054
:1023B00003F80121084604F00FF84CF6B3701F90A3
:1023C00002208DF8800000208DF8820003208DF817
:1023D000810001208DF883001FA9FE48FEF7A8FFA9
:1023E0004FF680701F9002208DF8800000208DF83D
:1023F000820003208DF8810001208DF883001FA941
:10240000F548FEF795FF0C220021F248FEF7D8FFB1
:102410000C220121EF48FEF7D3FF0C220421ED48E6
:10242000FEF7CEFF0C220521EA48FEF7C9FF0C2279
:102430000821E848FEF7C4FF0C220921E548FEF711
:10244000BFFF0C220A21E348FEF7BAFF0C220E213F
:10245000E048FEF7B5FF0C220F21DE48FEF7B0FF83
:102460000C220721DC48FEF7ABFF0C220821DA48DA
:10247000FEF7A6FF0C220921D748FEF7A1FF0C2288
:102480000A21D548FEF79CFF0C220B21D248FEF70B
:1024900097FF0C221146D048FEF792FF0C220D2127
:1024A000CD48FEF78DFF0C220E21CB48FEF788FFAA
:1024B0000C220F21C848FEF783FF0C220721C548D4
:1024C000FEF77EFF0C220B21C248FEF779FF102099
:1024D000099000200A903C200B9000200C900220D4
:1024E0000D9000200E900F9012200290002003907B
:1024F00010200490002005900690079008901090FE
:1025000011901290102013900020149016901590A6
:10251000179018904FF48050199000201A904FF4A3
:1025200080401B9000201C9009A81D9002A81E90BE
:1025300010A8FEF76BFE01210020FEF74DFE08F00B
:102540000BFD4FF44870FEF74BFC08F005FD002032
:1025500000F008FAA149888008468188A0A008F008
:1025600011FD0020009001900024A12000F0D6FC75
:10257000052009F09FFA00F0EBF9C0B28DF80000D9
:1025800000F0E6F9C0B28DF8010000F0E1F9C0B248
:102590008DF8020000F0DCF9C0B28DF8030000F005
:1025A000D7F9C0B28DF8040092A008F0EBFC00BF90
:1025B00006E01DF8041093A008F0E4FC601CC4B20F
:1025C000052CF6DB91A008F0DDFCA12000F0A6FCB4
:1025D00000F0BEF98149888000F0BAF97F4988800F
:1025E000084680884FF6FF7101EA00207B49888009
:1025F00000F0AEF97949898808437849888008460F
:10260000818877A008F0BEFC0A20FEF7E9FB08F0FD
:10261000A3FC41F66310714988800846808841F622
:10262000631188427ED108F097FCE22000F076FC2E
:102630001D2000F06DFC022000F06AFC042000F078
:1026400067FC642009F036FAE02000F067FC012006
:1026500000F05EFC0A20FEF7C3FBE02000F05EFC09
:10266000032000F055FC0C20FEF7BAFB012000F01F
:1026700055FC0A20FEF7B4FB4FF44870FEF7B0FBA0
:10268000E62000F04BFC2F2000F042FCFF2000F081
:102690003FFCFF2000F03CFCB02000F03FFC10208D
:1026A00000F036FC002000F033FC08F055FC01205F
:1026B00000F02EFC40F2DF1000F02AFC012000F0B8
:1026C00027FC40F20F1000F023FC002000F020FC5B
:1026D000B42000F023FC022000F01AFC40F2DF20BE
:1026E00000F016FC002000F013FC2E2000F010FC7F
:1026F000002000F00DFC002000F00AFC002000F09B
:1027000007FC002000F004FC08F026FCB62000F0D6
:1027100005FC012000F0FCFB4FF49E7000F0F8FB7C
:10272000002000E04BE000F0F3FB172000F0F0FB8E
:10273000152000F0EDFB002000F0EAFB002000F087
:10274000E7FBF02000F0EAFB032000F0E1FB29208A
:1027500000F0E4FBD02000F0E1FB002000F0D8FB0B
:10276000BE2000F0DBFB052000F0D2FBFE2000F0D5
:10277000CFFB012000F0CCFB002000F0C9FB0020C3
:1027800000F0C6FB002000F0C3FB08F0E5FBB8201A
:1027900000F0C4FB032000F0BBFB012000F0B8FBFD
:1027A000BA2000F0BBFB012000F0B2FB002000F0DB
:1027B000E5F8C820FEF714FB002000F0DFF8012048
:1027C000FFF73CFD42F20410FFF7FEFC002400205E
:1027D00000901DE0000C024000100240204200204A
:1027E0006C63646465762E69643D307825780D0AE3
:1027F000000000006765745F6C63645F6D6F646503
:102800003A00000020307825780000000D0A000012
:102810000190002500F0A6F8044621463AA008F0F1
:10282000B1FBA12000F07AFB052009F043F900F08C
:102830008FF8C0B28DF8000000F08AF8C0B28DF8B1
:10284000010000F085F8C0B28DF8020000F080F8B9
:10285000C0B28DF8030000F07BF8C0B28DF8040020
:10286000AFF2700008F08EFB00BF07E01DF8051006
:10287000AFF2700008F086FB681CC5B2052DF5DBD1
:10288000AFF2780008F07EFBA12000F047FB00F0DB
:102890005FF8044600F05CF804464FF6FF7000EA6B
:1028A000042400F055F80443214617A008F06AFB01
:1028B00045F26170844223D017A008F063FB6420C6
:1028C000FEF78EFA00BF00BF00BF00BF00BFBFF31E
:1028D0004F8F00BF00BF00BF1B48006800F4E060DE
:1028E0001A490843001D1849086000BF00BF00BF17
:1028F000BFF34F8F00BF00BF00BF00E000BFFDE788
:1029000021B0BDE8F08300006C63645F69643D3012
:102910007825780D0A0000004C434420696E6974E4
:10292000206661696C2C5468652073797374656DD9
:102930002077696C6C2062652072657374617274B3
:102940006564210D0A0000000CED00E00000FA05AE
:1029500008B5034800880090BDF8000008BD0000DD
:102960000000026010B50446204600F0D7FA0520AA
:1029700009F0A0F8FFF7ECFF10BD000070B52DEDD9
:10298000048B044608F0E8FABE2000F0C7FA0520E0
:1029900000F0BEFA2046FDF734FE41EC190B9FED26
:1029A0000E0B53EC102BFDF72CFD41EC180BFDF733
:1029B00055FE85B2284600F0ABFA012000F0A8FAD7
:1029C000FF2000F0A5FA002000F0A2FA002000F09D
:1029D0009FFABDEC048B70BD666666666666044051
:1029E0002DE9F04105460024002708F0B5FAB84863
:1029F000807901280BD1B648808846F604018842C8
:102A000005D0B348808841F66311884208D1B048A8
:102A10008079F0B9AE48808841F66311884218D1B8
:102A2000082D15D2DFE805F00406080A0C0E101276
:102A300006250DE007250BE0042509E0052507E044
:102A4000012505E0002503E0032501E0022500BF84
:102A500000BF9F48808849F24131884217D09C4886
:102A6000808846F60401884211D09948808845F252
:102A7000103188420BD09648808845F21051884228
:102A800005D09348808841F6631188427ED1082D95
:102A90001CD2DFE805F00406090C0F12151800BF60
:102AA00014E044F0800411E044F040040EE044F0EF
:102AB000C0040BE044F0200408E044F0600405E0AA
:102AC00044F0A00402E044F0E00400BF00BF8048EE
:102AD000808845F21051884202D14FF4585700E0E7
:102AE00036277B48808845F2103188420DD07848DF
:102AF000808845F21051884207D07548808841F699
:102B00006311884201D044F008047148808846F679
:102B10000401884201D144F002042146384600F005
:102B20000DFA6B48808841F6631188421DD004F08D
:102B3000200068B16648008865494988884214DAEF
:102B400063480688408862490880084646800CE051
:102B50005F4800885E494988884206DD5C480688EF
:102B600040885B490880084646805948808845F27D
:102B70001051884254D15649488900F0CFF90020BD
:102B800000F0C6F952494989491C00E077E088B253
:102B900000F0C4F9002000F0BBF94D494989891CB7
:102BA00088B200F0BBF94A490988491EC1F30F20D9
:102BB00000F0AEF946494989C91C88B200F0AEF967
:102BC00043490978491EC8B200F0A2F940498889F2
:102BD00000F0A4F9002000F09BF93D498989491CC7
:102BE00088B200F09BF9002000F092F938498989F9
:102BF000891C88B200F092F935494988491EC1F311
:102C00000F2000F085F932498989C91C88B200F08B
:102C100085F92F498978491EC8B200F079F955E045
:102C20002B49488900F07AF9002000F071F9002062
:102C300000F06EF926490988491EC1F30F2000F003
:102C400067F923490978491EC8B200F061F92049A3
:102C5000888900F063F9002000F05AF9002000F0A4
:102C600057F91B494988491EC1F30F2000F050F95C
:102C700017498978491EC8B200F04AF926E0082DA4
:102C80001CD2DFE805F004070A0D0F12151844F0F6
:102C9000300413E044F0100410E044F020040DE090
:102CA00000BF0BE044F0380408E044F0280405E0DD
:102CB00044F0180402E044F0080400BF00BF0327FA
:102CC00044F480542146384600F038F9BDE8F081DC
:102CD0002042002070B504460D462848808841F601
:102CE0006311884248D108F037F924488079A8B99F
:102CF00022480088401E001B84B22049488900F009
:102D00000DF9201200F004F9E0B200F001F92012F0
:102D100000F0FEF8E0B200F0FBF816E01749488931
:102D200000F0FCF8201200F0F3F8E0B200F0F0F848
:102D300012490988491EC1F30F2000F0E9F80F4934
:102D40000978491EC8B200F0E3F80C49888900F000
:102D5000E5F8281200F0DCF8E8B200F0D9F80749ED
:102D60004988491EC1F30F2000F0D2F80349897841
:102D7000491EC8B200F0CCF870BD0000204200200F
:102D80002DE9F84F80460E4617461C46B3462046AE
:102D9000E31704EB5373DB1021464FEAE47C04EBAA
:102DA0005C7C4FEAEC0CA4EBCC0CBCF1000F02D025
:102DB0004FF0010C01E04FF0000C6344224604EB9D
:102DC000D27C4FEA6C0C03FB0CF3DBB2009308F0EF
:102DD000C3F8A7F12000C7B2002554E00C2C07D19E
:102DE00007EB47002A4901EB800010F8059013E03B
:102DF000102C05D1274800EB071010F805900BE0C8
:102E0000182C07D107EBC700234901EB800010F80D
:102E1000059001E0BDE8F88F4FF0000A2DE009F0C1
:102E2000800028B1314640460C9AFFF749FA06E087
:102E30000A9820B9314640460B9AFFF741FA4FEA0B
:102E400049604FEA1069701C86B214484088B0424D
:102E500000DCDFE7A6EB0B00A0420AD15E4608F1DA
:102E600001001FFA80F80D480088404500DCD1E7DA
:102E700006E00AF1010000F0FF0ABAF1080FCEDB0C
:102E800000BF681CC5B200988542A7DB00BFC1E740
:102E900008CB00087CCF00086CD500082042002039
:102EA0002DE9FF5F04460D46904699460EAE96E822
:102EB000C00CE0B2039008F04FF808EB04001FFAD2
:102EC00080F809EB05001FFA80F917E0444502DBA2
:102ED000039CA81985B24D4500DB15E000208DE864
:102EE000010C3A78334629462046FFF749FF304621
:102EF00006EBD07104EB61018CB27F1C38787E2820
:102F000002DC38782028E1DA00BFBDE8FF9F00002E
:102F100001490880704700000000026001490880F4
:102F200070470000FEFF01600248008902490880E6
:102F30007047000020420020FEFF0160024A10801E
:102F4000921C118070470000FEFF01601CB501213A
:102F5000084603F031FA0121022003F02DFA012185
:102F6000082003F029FA0121102003F025FA41F688
:102F70000110009001208DF8040000208DF806005B
:102F800003208DF8050001208DF8070069461748D9
:102F9000FEF7CEF94FF43070009069461448FEF702
:102FA000C7F943F24C00009069461248FEF7C0F999
:102FB0001F20009069461048FEF7BAF941F601114A
:102FC0000A48FEF722FA4FF430710948FEF71DFA5D
:102FD00043F24C010748FEF718FA1F210648FEF796
:102FE00014FA0020054908601CBD000000000240E2
:102FF00000040240000C024000100240988240424F
:103000000020064908600649C1F8B00203490C31A6
:1030100008600449C1F8A40270470000A0024042C1
:1030200000004042008040420020064908600649F6
:10303000C1F88C020349103108600349C1F8B0029D
:103040007047000088824142008041422448007855
:10305000022809D10120234908604FF4FA70204961
:103060004880012008700BE01D480078012807D136
:103070001B48408820B900201A4908601849087088
:1030800017480079022806D14FF4FA701449C88015
:103090000120087109E012480079012805D1104883
:1030A000C08810B900200E4908710D48007A022826
:1030B00009D101200C4908604FF4FA700849488191
:1030C000012008720BE00648007A012807D1044865
:1030D000408920B9002004490860014908727047FE
:1030E000D80600208C024242B482414210B57B20B7
:1030F00003F040FA10B118A007F044FF7A2003F063
:1031000039FA10B119A007F03DFF7C2003F032FA24
:1031100010B11BA007F036FF7D2003F02BFA10B191
:103120001CA007F02FFF7E2003F024FA10B11EA090
:1031300007F028FF7F2003F01DFA10B11FA007F051
:1031400021FF792003F016FA10B121A007F01AFF31
:1031500003F092F910BD00005243435F464C4147D3
:103160005F504F525253540D0A0000005243435FC8
:10317000464C41475F50494E5253540D0A000000DF
:103180005243435F464C41475F5346545253540D9C
:103190000A0000005243435F464C41475F49574491
:1031A000475253540D0A00005243435F464C414777
:1031B0005F575744475253540D0A00005243435F30
:1031C000464C41475F4C5057525253540D0A000031
:1031D0005243435F464C41475F424F525253540D56
:1031E0000A0000002DE9F04100250024002708F026
:1031F000F1FB0546002D77D0681E032190FBF1F00E
:10320000C4B2681E90FBF1F201FB1200C7B2002F9E
:103210006AD1242C68DA0B2C67D1F848807838B949
:10322000F7488078012801D002F0D0FCBDE8F08199
:10323000F2488078032810D1F1488078012805D021
:10324000EE4948780022114601F084FF0020ED4944
:1032500008600121EA488170E8E7FF20E749C8706B
:1032600001F0D4FFFFF7E0FEE548807801286BD13C
:10327000E548008918B149F64040E349088101203A
:1032800007F028FB0220DD4981F8730108464078E9
:10329000012816D1DD4840680168DDA007F072FE04
:1032A000DA4840680068E549884206D90120E449C7
:1032B0000870E4A007F066FE1BE00020E0490870FB
:1032C00017E0D24840680168E5A007F05BFECF48F0
:1032D00040680068ED49884208D90120D849087043
:1032E000EBA007F04FFE04E066E23DE00020D44989
:1032F0000870D348007810B902F076F95CE2002635
:103300000020EA4908701CE007F026FE08F0F6FCF1
:1033100006460B2E06D10120E54981F8BA0102F0DC
:1033200063F90FE00A2E04D10120E14981F8BA01C6
:1033300008E0DE48007820B90120DC49087007F079
:1033400041FAE1E700BFD9E7AD4880780128D5D040
:10335000AA4948780022114601F0FCFE0020A94944
:10336000086002F033FCC9E70A2C2AD1A348807810
:103370000028C3D0FF20A149C87001F047FFFFF724
:1033800053FE9F48807858B902F01EF99B4948784F
:103390000022114601F0DEFE01209A490860ADE7E7
:1033A0009748807802280BD1C248006840F001009D
:1033B000C049086002F0F8F80020924908609DE7D3
:1033C0009CE7092C15D18D480078012803D10220F3
:1033D0008A49087002E0012088490870FF20874967
:1033E000C87001F013FFFFF71FFE01208649088116
:1033F00084E7182C1AD1FF208049C87001F006FF1D
:10340000FFF712FE7D48807800289CD17C488078A8
:10341000012898D107F05EFA0220784981F87301FB
:1034200002F0E2F80220A449087067E7042C76D184
:10343000734880780128FAD17148007800F00200C2
:1034400028B16F48007820F002006D4908706C4880
:103450008078012801D002F0B9FB6848407808B9AB
:10346000012000E00020654948700220924908715F
:10347000FF206249C870FFF7C3FDFFF7D5FD0020AC
:103480005E4981F8700100215C4880F87211407833
:10349000012850D18948407820F0010087494870C0
:1034A0000846407840F001004870544890F8A80061
:1034B000524988710846807988708148007881492E
:1034C00008707F48801C026841684C488030C0E921
:1034D00004218038807830B101280CD0022814D023
:1034E000032826D11CE04548007A44494871012050
:1034F000754908601EE0414890F830003F49487126
:10350000012071491031086014E03C4890F85800DF
:103510003A49487101206C490C3108600AE0D9E051
:10352000364890F8800035494871012067490860A5
:1035300000E000BF4DE06148407820F001005F49A5
:103540004870002048702D4880792C4981F8A800E7
:10355000084690F8A8008870594840785949087082
:1035600057480A30016842685948C0E904122348A4
:10357000807830B101280DD0022815D0032826D13B
:103580001CE01E4890F8B0001C49487101204E49CB
:1035900008601DE0194890F8D800184948710120CA
:1035A00049491031086013E0144890F800011349AC
:1035B0004871012044490C31086009E00F4890F837
:1035C00028010E49487101204049086000E000BF11
:1035D00000BF3A48407800F001003849097801F00E
:1035E0000101884202D0012003F05CFF0120304934
:1035F00081F8BA010449088180E6000048000020F3
:103600008402002084024242C8060020A00200205A
:1036100042544E5F53494E474C45545249474745E3
:1036200052204D6F646520566F6C746167652C4144
:103630006D706C3D25640D0A0000000000512502EC
:1036400040000020457863656564696E672073619A
:10365000666520766F6C746167650D0A0000000076
:1036600042544E5F53494E474C4554524947474593
:1036700052204D6F64652043757272656E742C41E3
:103680006D706C3D25640D0A000000008096980066
:10369000457863656564696E67207361666520635C
:1036A000757272656E740D0A000000004100002002
:1036B0000C050020003C0140D8060020E801002055
:1036C00048030020C0010020A0024042A4824042E2
:1036D000700100201F2C71D1FE48807801286DD127
:1036E000FD490860FD480078401CFC490870084608
:1036F0000078042801DB00200870F8480178F8A061
:1037000007F040FCF548007818B1F448007801282B
:1037100002D104F003FD01E004F03CFDF4484078E0
:10372000012804D1ED480078F249087003E0EB4825
:103730000078F04948701622EE49E620FDF74FFA6E
:10374000E6480078022803D0E448007803282AD10C
:103750000120E749C87001F5A870D0E9043044F6AB
:1037600020629A1A70F100001AD244F620600021FB
:10377000E14AC2E904011046D0E90410DC4AD2F85B
:1037800054210832DA4BDB7802EBC302C2E90010A5
:10379000FF20D749C87001F039FD012007F09AF8E1
:1037A000FF20D349C870D34842780178D3A007F0EE
:1037B000E9FB0020C8490860E1E3FFE7A4BBC54876
:1037C0008078012803D0CA48807803284AD102F0C3
:1037D000FDF9D64800884FF6FE710840D3490880AD
:1037E0000020D249243108600120D149086000201E
:1037F000D049C1F88002FFF717FCBD48807808B3B4
:10380000FFF7FEFB0120CA49203108600020B849BB
:10381000887008464078012807D10846807888716A
:103820000846007A487109E01CE0B1488078B04948
:1038300081F8A800084690F8B00048710120BE4900
:1038400081F8BA010020BD4908600120BC49C1F8D7
:103850008002FF20A649C87001F0D8FC0120B949B8
:1038600008818CE3022C5AD19A488078012803D031
:103870009F488078032852D102F0A8F90121954889
:1038800081700020AC4981F8BA01A84800884FF641
:10389000FE710840A54908800020A4492431086031
:1038A0000120A34908600020A249C1F88002FFF767
:1038B000BBFB8F488078022821D0FFF7A1FB0120B5
:1038C0009B492C310860022089498870084640785D
:1038D000012807D1084680788871084690F858007A
:1038E000487108E082488078814981F8A80008463C
:1038F00090F80001487101208F4981F8BA01002039
:103900008E49086001208E49C1F88002FF20784965
:10391000C87001F07BFC01208A4908812FE3012C4B
:1039200059D16C488078012803D0714880780328E9
:1039300051D102F04BF901216648817000207E4987
:1039400081F8BA01794800884FF6FE71084077493E
:1039500008800020754924310860012074490860FE
:1039600000207449C1F88002FFF75EFB6048807850
:10397000012820D0FFF744FB01206D493031086059
:103980005B49887008464078012807D1084680784E
:103990008871084690F83000487108E054488078F3
:1039A000534981F8A800084690F8D80048710120D2
:1039B000614981F8BA01002060490860012060492E
:1039C000C1F88002FF204A49C87001F01FFC0120A5
:1039D0005C490881D3E2032C4FD13E48807801280E
:1039E0004BD1FFF721FB42488078032820D0FFF716
:1039F00007FB01205449086003203D4988700846B0
:103A00004078012807D1084680788871084690F8E8
:103A10008000487108E036488078354981F8A80070
:103A2000084690F8280148710120434981F8BA01FD
:103A30002A48007818B129480078012802D104F0FA
:103A40006DFB01E004F0A6FB01203C4908600A2060
:103A5000FDF7C6F92648407830B94FF400403B499D
:103A600008800A20FDF7BCF9FF202149C87001F049
:103A7000CDFB01203349088181E2222C68D1154811
:103A80008078012864D108F061FC1948807858B129
:103A900017488078012807D015488078022803D07D
:103AA00013488078032895D1FFF7BEFA1048C078F4
:103AB00001285DD001200849283908600C4890F899
:103AC0007301022803D10120094981F87301012003
:103AD00007493EE084020020B4824142C001002038
:103AE000576176655F747970653D25640D0A000045
:103AF00048000020480300209801002073416464BE
:103B00006974696F6E616C446174612E565F5761B0
:103B100076655F747970653A25642C435F576176EA
:103B2000655F747970653A25640D0A0000040040F1
:103B300080024042000042420C050020B082424216
:103B400000004042C8060020A482404218140240EF
:103B50006DE0C870002102F075FF0120FE4981F878
:103B600070010021FC4880F8711180F872115BE04F
:103B7000F948C07801283DD1F848007818B1F748D5
:103B8000007801281CD1F648D0E9042042F21071D7
:103B9000511A70F1000005D242F210720021F04873
:103BA000C0E90421EE48D0E90410EB4AD2F85421D0
:103BB0000832E94BDB7802EBC302C2E9001019E0DE
:103BC000E748D0E9042044F62063D21A70F10000DF
:103BD00004D219460022E248C0E90412E049D1E9C2
:103BE0000401DD4AD2F854210832DB4BDB7802EBCA
:103BF000C30203C2D84890F8730101280AD10020FB
:103C0000D54981F87301012006F064FE0220D249F3
:103C100081F87301FF20D049C870002081F870013D
:103C20000021CD4880F8721101F0F0FAA7E1232CB1
:103C300045D1CC488078012841D108F087FBFFF7B7
:103C4000F3F9C548C078E8B10120C7490860C24807
:103C500090F87301022803D10120BF4981F8730154
:103C60000020BD49C8700021012002F0EBFE0120B8
:103C7000B94981F870010021B74880F8711180F8C6
:103C8000721119E0B44890F8730101280AD100209C
:103C9000B14981F87301012006F01CFE0220AE49F3
:103CA00081F87301FF20AC49C870002081F87001D1
:103CB0000021A94880F8721101F0A8FA5FE1212CD7
:103CC0006CD1A8488078012868D108F03FFBA24851
:103CD0008078012803D0A04880780228A6D1FFF779
:103CE000A3F99D48C07802281ED001209E491031BA
:103CF0000860994890F87301022803D10120964981
:103D000081F8730102209449C8700021012002F05B
:103D100099FE0120904981F8700100218E4880F8B9
:103D2000711180F8721136E08B48C078022818D1E2
:103D30008B48D0E904208D4BD21A70F1000004D2D8
:103D40001A4600218648C0E904218549D1E90401C9
:103D5000814AD2F8542108327F4BDB7802EBC30250
:103D600003C27D4890F8730101280AD100207A49E6
:103D700081F87301012006F0ADFD0220764981F83B
:103D80007301FF207449C870002081F87001002180
:103D9000714880F8721101F039FAF0E0202C69D1F5
:103DA00070488078012865D108F0D0FA6A48807898
:103DB00002285ED1FFF738F96748C07803281ED083
:103DC0000120694928310860634890F8730102288E
:103DD00003D10120604981F8730103205E49C87056
:103DE0000021012002F02EFE01205B4981F87001C4
:103DF0000021594880F8711180F8721137E0564857
:103E0000C078032819D15648D0E90420584BD21A5B
:103E100070F1000004D21A4600205149C1E9042083
:103E20004F48D0E904104C4AD2F8542108324A4B8A
:103E3000DB7802EBC302C2E90010474890F8730137
:103E400001280AD10020444981F87301012006F0BD
:103E500041FD0220404981F87301FF203E49C870AE
:103E6000002081F8700100213B4880F8721101F0B8
:103E7000CDF984E0132C03D1002002F075FE7EE022
:103E80001D2C03D1012002F06FFE78E0172C03D126
:103E9000022002F069FE72E0112C03D1032002F02F
:103EA00063FE6CE01C2C03D1042002F05DFE66E092
:103EB000162C03D1052002F057FE60E0102C03D130
:103EC000062002F051FE5AE01B2C03D1072002F01D
:103ED0004BFE54E0152C03D1082002F045FE4EE0C5
:103EE0000F2C03D1092002F03FFE48E0072C03D13C
:103EF0000B2002F039FE42E01E2C03D10C2002F010
:103F000033FE3CE0192C08D1134890F8720188BBAD
:103F10000121114880F8721131E00D2C2FD1FFF7EB
:103F200083F808F013FAFF200B49C87001F06EF90E
:103F30000020094981F870010021074880F87211BA
:103F400090F8730101281AD10020034981F8730108
:103F5000012006F0BFFC0EE048000020C001002058
:103F6000980100208402002088824142400D030015
:103F7000A086010003E00220024981F8730100BF1E
:103F8000FFF754B94800002000BFFEE770B5DE22FD
:103F9000FC494FF40070FCF7E7FDFA4800787E28F2
:103FA00004D1F84890F8DD0045287DD0F6A006F051
:103FB000E9FF0020FE4908700120487003F072FA02
:103FC000012007F063FDFB48007A40F00B00F9493F
:103FD0000872084690F8300040F00B0081F830007D
:103FE000084690F8580040F00B0081F85800084649
:103FF00090F8800040F00B0081F88000084690F8AF
:10400000B00040F01A0081F8B000084690F8D800DF
:1040100040F01A0081F8D800084690F8000140F0FE
:104020001A0081F80001084690F8280140F01A00B3
:1040300081F82801FF2088700846007A48717E20A8
:10404000D049087001204870D948407800F001003C
:1040500088700020C8700871D648007A4871002026
:104060008871C871D449C74A9160D060D348002193
:1040700010615161CF4890F8300011460876002059
:1040800048768876C876CC49D1611062CB48002149
:1040900050629162CA48D0621163C64890F85800D5
:1040A000114681F8340000E008E2002081F8350074
:1040B00081F8360081F8370081F83800BE480021C9
:1040C000393210605160BD48083210605160BC4800
:1040D000083210605160BB49002008321160506006
:1040E000B44890F88000A74981F85900002081F871
:1040F0005A00B24800210A3210605160AD4890F871
:10410000B000A04981F86300002081F8640081F8C4
:104110006500A94800210B32106051604110002059
:10412000083211605060A34890F8D800954981F892
:104130007600002081F8770081F8780081F8790016
:104140009D490C3211605060491008321160506076
:10415000083211605060974890F80001894981F851
:104160009200002081F8930081F8940081F8950076
:1041700081F8960090490D3211605060481000217E
:104180000832106051600832106051608D4808326A
:1041900010605160874890F828017A4981F8B7008B
:1041A000002081F8B80086490A32116050607549D4
:1041B00081F8C10081F8C20081F8C30081F8C40011
:1041C00081F8C50081F8C60081F8C70081F8C800F1
:1041D000002110321160516008321060506069494E
:1041E000C1F8D900452081F8DD00DE224FF40070CF
:1041F000FCF7F5FC02207449087048706E490020F5
:10420000714A921C11605060083211605060162291
:104210006D49E620FCF7E3FC5A484079654908728D
:1042200058488179634881725648C1796148417222
:1042300054488168C2685F48C0E90612514908695C
:1042400049695C4AC2E904014E48007E114681F882
:1042500030004C48417E104680F832104948817E3B
:10426000104680F831104748C17E104680F8331060
:104270004448C269016A4F48C0E910214148426A76
:10428000806A4C49C1E90E203E48C26A016B494828
:10429000C0E912213B4890F83400464981F85800A3
:1042A000384890F83510434880F85A10354890F84F
:1042B0003610404880F85910324890F837103D4881
:1042C00080F85B102F4890F838103A4880F85C105E
:1042D0002C483930016842683648C0E91A12294929
:1042E000413108684968334AC2E918012548493014
:1042F000016842682F48C0E91C1222485130016809
:1043000042682C48C0E91E121E4890F859002949FD
:1043100081F880001B4890F85A10264880F88110D8
:1043200018495B3108684968224A8032C2E90201B3
:10433000144890F863001F4981F8B000114890F8C4
:1043400064101C4880F8B2100E4890F865101948A7
:1043500080F8B1100B486630026841681548B030EB
:10436000C0E9042107486E30026841681148B03046
:10437000C0E90221034890F876000E4981F8D80080
:10438000004823E05E0300204C6F6164207061727E
:10439000206572726F722C73657420746F2064656F
:1043A0006661756C742076616C7565210D0A00007C
:1043B000E80100204800002080841E00C0E1E400E5
:1043C00040420F0080C3C9014803002090F87710D5
:1043D000FE4880F8DA10FE4890F87810FB4880F824
:1043E000D910FB4890F87910F84880F8DB10F848AD
:1043F0007A3002684168F548D830C0E90421F448B1
:10440000823001684068F14AD832C2E90210F048AF
:104410008A3001684268ED48D830C0E90612EC489D
:1044200090F89200E94981F80001E94890F893106A
:10443000E64880F80211E64890F89410E34880F8C6
:104440000111E34890F89510E04880F80311E04826
:1044500090F89610DD4880F80411DD489730016827
:104460004268DC48C0E90412D9489F3001684068BE
:10447000D84AC2E90210D648A73002684168D54838
:10448000C0E90621D248AF3001684268D148C0E98E
:104490000812CF4890F8B700CC4981F82801CC48E1
:1044A00090F8B810C94880F82911C948B930016896
:1044B0004068C84A2832C2E90210DCE2C4484078A9
:1044C000C2490870C24880784870C148C078887175
:1044D000BF48007981F8A800BD4840790872BC48FF
:1044E0008179BA488172BA48C179B8484172B848EE
:1044F0008168C268B548C0E90612B54802694169D9
:10450000B248C0E90421B248007EB04981F83000C9
:10451000AF48417EAD4880F83210AD48817EAB484F
:1045200080F83110AA48C17EA84880F83310A84806
:10453000C169026AA548C0E91012A549486A896A9A
:10454000A24AC2E90E01A248C26A016B9F48C0E9B3
:1045500012219F4890F834009C4981F858009C48EB
:1045600090F83510994880F85A10994890F836100C
:10457000964880F85910964890F83710934880F87C
:104580005B10934890F83810904880F85C10904881
:104590003930016842688D48C0E91A128C494131AE
:1045A00008684968894AC2E91801894849300168A0
:1045B00042688648C0E91C1285485130016842684B
:1045C0008248C0E91E12824890F859007F4981F85C
:1045D00080007F4890F85A107C4880F881107C4811
:1045E0005B300268406879498031C1E9022078482F
:1045F00090F86300803981F8B000754890F8641035
:10460000724880F8B210724890F865106F4880F8D0
:10461000B1106F486630016842686E485038C0E992
:1046200004126B486E30026840686A495039C1E92B
:104630000220674890F87600B03981F8D8006448C5
:1046400090F87710614880F8DA10614890F8781097
:104650005E4880F8D9105E4890F879105B4880F881
:10466000DB105B487A30026841685A482838C0E954
:104670000421574882300268406856492839C1E908
:10468000022053488A300168426852482838C0E9FD
:1046900006124F4890F892004C4981F800014C48AE
:1046A00090F89310494880F80211494890F8941006
:1046B000464880F80111464890F89510434880F824
:1046C0000311434890F89610404880F80411404880
:1046D0009730026841683F48C0E904213C489F3058
:1046E000016842683B48C0E902123948A7300168B6
:1046F00042683848C0E906123548AF300168426860
:104700003448C0E90812324890F8B7002F4981F8C0
:1047100028012F4890F8B8102C4880F829112C490E
:10472000B931086849682B4A2832C2E90201274892
:10473000D0E91A43224628A006F024FC2348D0E9F9
:104740001843224632A006F01DFC2048D0E91C4345
:1047500022463DA006F016FC1C48D0E91E43224626
:1047600047A006F00FFC554A45231848183000F0C2
:10477000FDF9534A00231548103000F0F7F94F4A6D
:1047800045231248403000F0F1F94D4A00230F480C
:10479000383000F0EBF94B4A09230C48483000F060
:1047A000E5F9464A45230948683000F0DFF9444AF4
:1047B00000230648603000F0D9F9424A0923034833
:1047C000703000F0D3F9404A02237FE04800002017
:1047D0005E03002048010020557365724F706572BA
:1047E0006174696F6E2E565F4D6F646554726169B6
:1047F0006E2E506172616D5B554F5F504152414D5D
:104800005F50554C53455D3A256C6C640D0A0000B1
:10481000557365724F7065726174696F6E2E565F65
:104820004D6F6465547261696E2E506172616D5B8B
:10483000554F5F504152414D5F414D504C5D3A25BF
:104840006C6C640D0A000000557365724F706572E0
:104850006174696F6E2E565F4D6F64655472616945
:104860006E2E506172616D5B554F5F504152414DEC
:104870005F465245515D3A256C6C640D0A0000009C
:10488000557365724F7065726174696F6E2E565FF5
:104890004D6F6465547261696E2E506172616D5B1B
:1048A000554F5F504152414D5F4455524154494F1D
:1048B0004E5D3A256C6C640D0A00000000B864D9A6
:1048C000C095A90500902F500098D058864800F058
:1048D0004DF9864A00238448103000F047F9844A95
:1048E00045238148483000F041F9824A00237E4840
:1048F000403000F03BF97E4A45237B48703000F0A1
:1049000035F97C4A00237848683000F02FF97A4A5C
:1049100009237548783000F029F9754A4523724813
:10492000983000F023F9734A00236F48903000F06C
:104930001DF9714A09236C48A03000F017F96F4A3D
:1049400002236948A83000F011F96A4A002366483A
:10495000B83000F00BF96448B030D0E90243224689
:1049600067A006F00FFB0020754908705E48783894
:1049700040784870012002F095FDFF205A497839AF
:10498000887008464078B0B3012873D10846807912
:1049900030B101280ED0022817D003282CD11FE0F7
:1049A00051487838007A504978394871012007F029
:1049B0006DF822E04C48783890F830004A49783950
:1049C0004871042007F062F817E04748783890F8FB
:1049D0005800454978394871072007F057F80CE02E
:1049E0004148783890F880003F49783948710A206A
:1049F00007F04CF801E002E000BF00BF3AE03A489F
:104A0000783890F8A80030B101280FD0022818D0CB
:104A100003282CD120E03448783890F8B00032498F
:104A200078394871012007F031F821E02E487838B4
:104A300090F8D8002C4978394871042007F026F8FE
:104A400016E02948783890F80001274978394871EC
:104A5000072007F01BF80BE02348783890F828016E
:104A60002149783948710A2007F010F800E000BFAA
:104A700000BF00BF00BF16223249E620FCF774F8E1
:104A800030480078032802DD00202E4908702D48A8
:104A90004078032802DD00202A49487029484278DE
:104AA000017829A006F06EFA0F487838407801287E
:104AB0000CD1244800782C4908702248801C0268D8
:104AC000416809480830C0E904210BE01D484078DE
:104AD000254908701B480A30016842680248B03016
:104AE000C0E9041270BD0000C0000020C095A905F7
:104AF00000B864D90048E80100902F500098D058C1
:104B0000526561643120557365724F7065726174CE
:104B1000696F6E2E435F4D6F6465457874426E63B6
:104B20002E506172616D5B554F5F504152414D5F38
:104B3000414D504C5D3A256C6C640D0A000000003C
:104B4000E801002048030020565F576176655F74D6
:104B50007970653A25642C435F576176655F747997
:104B600070653A25640D0A00C001002010B5D0E937
:104B70000041141B73EB010102D200240460446065
:104B800010BD000070B5BE4800894EF66021884215
:104B90007EDB7E20BB490870BB4800784870BA486D
:104BA00040788870B8488079C870B74890F8A800F5
:104BB0000871B548007A4871B348807A8871B24864
:104BC000407AC871B048D0E90610AE4A9160D06012
:104BD000AD49D1E9040110615161AB4890F8300052
:104BE00011460876A84890F832004876A64890F812
:104BF00031008876A44890F83300C876A248D0E9FE
:104C00001010D1611062A048D0E90E10516290627C
:104C10009D48D0E91210D16210639B4890F858006B
:104C2000114681F83400984890F85A0081F8350010
:104C3000954890F8590081F83600934890F85B0049
:104C400081F83700904890F85C0081F838008E4871
:104C5000D0E91A103932116050608B49D1E918013E
:104C60000832106051608848D0E91C100832116089
:104C7000506085496031D1E9060108321060516009
:104C8000814890F880007F4981F859007E4800E013
:104C9000F4E090F8810081F85A007B498031D1E935
:104CA00002010A3210605160774890F8B0007549EF
:104CB00081F86300744890F8B20081F8640072488B
:104CC00090F8B10081F865006F48B030D0E9041069
:104CD0000B32116050606C48B030D0E902100832DD
:104CE00011605060684890F8D800664981F87600F5
:104CF000654890F8DA0081F87700634890F8D900A9
:104D000081F87800604890F8DB0081F879005E490E
:104D1000E031D1E902010C32106051605A48D830BC
:104D2000D0E902100832116050605749E031D1E9F2
:104D30000401083210605160534890F80001514955
:104D400081F89200504890F8020181F893004E4893
:104D500090F8010181F894004B4890F8030181F824
:104D60009500494890F8040181F896004749D1E937
:104D700002010D321060516044480838D0E9021039
:104D800008321160506041480838D0E906100832F6
:104D9000116050603D49D1E9060108321060516050
:104DA000394890F82801374981F8B700364890F81B
:104DB000290181F8B80035492031D1E902010A32D0
:104DC0001060516000202F4981F8C10081F8C200B5
:104DD00081F8C30081F8C40081F8C50081F8C600DD
:104DE00081F8C70081F8C800C1F8D900452081F8D2
:104DF000DD0025496031D1E90243224624A006F0B6
:104E0000C1F82149D1E9184322462FA006F0BAF88B
:104E10001D496031D1E90443224639A006F0B2F8B9
:104E200019496031D1E90643224643A006F0AAF8A9
:104E30001649D1E9024322464EA006F0A3F81348D2
:104E40000838D0E90243224658A006F09BF80F49E3
:104E5000D1E90443224663A006F094F80B49D1E956
:104E6000064322466DA006F08DF8DE2205494FF478
:104E70000070FBF7B4FE00200149088170BD0000FE
:104E8000C80600205E0300204800002050010020DA
:104E9000557365724F7065726174696F6E2E565FDF
:104EA0004D6F6465547261696E2E506172616D5B05
:104EB000554F5F504152414D5F50554C53455D3AFF
:104EC000256C6C640D0A0000557365724F70657235
:104ED0006174696F6E2E565F4D6F646554726169BF
:104EE0006E2E506172616D5B554F5F504152414D66
:104EF0005F414D504C5D3A256C6C640D0A0000001A
:104F0000557365724F7065726174696F6E2E565F6E
:104F10004D6F6465547261696E2E506172616D5B94
:104F2000554F5F504152414D5F465245515D3A25C4
:104F30006C6C640D0A000000557365724F706572E9
:104F40006174696F6E2E565F4D6F6465547261694E
:104F50006E2E506172616D5B554F5F504152414DF5
:104F60005F4455524154494F4E5D3A256C6C640D77
:104F70000A000000557365724F7065726174696F45
:104F80006E2E435F4D6F6465547261696E2E506181
:104F900072616D5B554F5F504152414D5F50554CB2
:104FA00053455D3A256C6C640D0A000055736572BB
:104FB0004F7065726174696F6E2E435F4D6F6465EB
:104FC000547261696E2E506172616D5B554F5F5016
:104FD0004152414D5F414D504C5D3A256C6C640D22
:104FE0000A000000557365724F7065726174696FD5
:104FF0006E2E435F4D6F6465547261696E2E506111
:1050000072616D5B554F5F504152414D5F46524555
:10501000515D3A256C6C640D0A0000005573657291
:105020004F7065726174696F6E2E435F4D6F64657A
:10503000547261696E2E506172616D5B554F5F50A5
:105040004152414D5F4455524154494F4E5D3A25BE
:105050006C6C640D0A00000010B504460C4951F850
:1050600024104A000B4951F82400002107F064F98C
:10507000094951F824200749083951F82400002132
:1050800007F05AF9012103480830015510BD00000E
:10509000F0CA0008F802002000CB000870470000AA
:1050A00070B5002100230F22C4781CB3174C24686C
:1050B00004F4E064C4F5E064C4F30721C1F104041E
:1050C000E3B20A4144789C40E1B284781440214321
:1050D0000C07210E0E4C05786155047804F01F056D
:1050E0000124AC4005786D11AD0005F1E025C5F84F
:1050F000004109E0047804F01F050124AC40054D8F
:105100000678761145F8264070BD00000CED00E0F1
:1051100000E400E080E100E002490143024A11603E
:10512000704700000000FA050CED00E010B5002803
:1051300007DA0A07140E054A00F00F031B1FD454A8
:1051400003E00A07130E024A135410BD18ED00E0E5
:1051500000E400E02DE9F04104460D461646012E1C
:1051600038D1012C16D126480078012808D146F202
:10517000905095FBF0F739460120FBF750FC3DE0DD
:1051800046F2905095FBF0F0474239460120FBF77C
:1051900046FC33E094BB1A48007801280BD14FF449
:1051A0007A7095FBF0F7F81707EB5070C1100220EA
:1051B000FBF735FC22E04FF47A7095FBF0F7F81717
:1051C00007EB5070C010C0F1000841460220FBF709
:1051D00026FC13E096B9012C04D100210120FBF735
:1051E0001EFC04E01CB900210220FBF718FC012082
:1051F0000449086000200449C1F89402BDE8F08128
:1052000048000020800240420000434210B5504850
:1052100000794F49C97888424ED04D48007930B165
:10522000012813D0022821D003283FD12EE049A124
:10523000494805F0B7FE47A14748733005F0B2FE74
:1052400044A14548E63005F0ADFE30E041A14248BA
:10525000163805F0A7FE3FA13F484B3005F0A2FEEF
:105260003CA13D48DC3005F09DFE20E039A13A48E4
:10527000163005F097FE37A137489B3005F092FEB7
:1052800034A13548F03005F08DFE10E031A13248F0
:105290002C3005F087FE2FA12F48C33005F082FE89
:1052A0002CA12D48FA3005F07DFE00E000BF00BFC4
:1052B0002748C078264908712548C07830B10128B0
:1052C00013D0022821D003283FD12EE021A122486B
:1052D00005F068FE1FA12048733005F063FE1DA194
:1052E0001D48E63005F05EFE30E01AA11A48163877
:1052F00005F058FE17A118484B3005F053FE15A1D4
:105300001548DC3005F04EFE20E012A112481630A0
:1053100005F048FE0FA110489B3005F043FE0DA19B
:105320000D48F03005F03EFE10E00AA10A482C308E
:1053300005F038FE07A10848C33005F033FE05A18B
:105340000548FA3005F02EFE00E000BF00BF10BD9A
:105350004800002000000000C70500202DE9FF4F95
:1053600087B00D4614461F46DDE9176BDDE9158A47
:10537000DDF85090079809287ED2DFE800F07D051F
:105380002E475E879EC7EB0004EB090083B2E81945
:1053900082B2214628460096FCF7D2FF5046FAF723
:1053A0005CFF08EBD871491000FB117005EB500051
:1053B00080B2CDE90408A9EB0800CDE9026BCDE984
:1053C000008A069000EBD07004EB600081B24B467F
:1053D0003A460498FDF764FDD7E004EB090083B278
:1053E000E81982B2214628460096FCF7A9FF04F18D
:1053F000140291B205F1140290B24B463A46CDE93F
:10540000026BCDE9008AFDF74BFDBEE004EB09001D
:1054100083B2E81982B2214628460096FCF790FF35
:1054200004F1140081B24B463A462846CDE9026B9E
:10543000CDE9008AFDF734FDA7E044F22820009072
:1054400004EB090083B2E81982B221462846FCF732
:1054500077FF04EB09000A3883B2E819283882B2D2
:1054600004F10A0081B228460096FCF769FF04F1B6
:10547000140081B24B4600E086E03A462846CDE96A
:10548000026BCDE9008AFDF70BFD7EE004EB09001D
:1054900083B2E81982B2214628460096FCF750FFF5
:1054A00004F1140081B24B463A462846CDE9026B1E
:1054B000CDE9008AFDF7F4FC67E004EB090083B254
:1054C000E81982B2214628460096FCF739FF0020F1
:1054D00030A11022CDE901160092039004F11202CE
:1054E00091B26A1D90B24B463A46FDF7D9FC04F1E1
:1054F0000A0291B205F13C0290B24B463A46CDE920
:10550000026BCDE9008AFDF7CBFC3EE004EB09001D
:1055100083B2E81982B2214628460096FCF710FFB4
:105520005046FAF79AFE08EBD871491000FB11704B
:1055300005EB500080B2CDE9050804F10A0081B204
:105540004B463A46CDE9026BCDE9008A0598FDF756
:10555000A7FC1AE004EB090083B2E81982B22146E5
:1055600028460096FCF7ECFE0CA0102104F1120274
:10557000CDE9026BCDE9001091B26A1D90B24B46A5
:105580003A46FDF78DFC00E000BF00BF0BB0BDE860
:10559000F08F000054595045207C0000545950456C
:1055A0003A0000007047000010B500200449086070
:1055B0000121880702F091FA00210248817010BD94
:1055C000800240428402002010B501200449086096
:1055D0000021800702F081FA02210248817010BD8B
:1055E00080024042840200202DE9F04F2DED068B11
:1055F00087B0FE48807800287ED104460546FB48E7
:10560000407801280AD1F948D0E90645F849611ADD
:1056100075F1000010D2F74804600DE0F3484078BF
:1056200050B9F248B030D0E90445F149611A75F13A
:10563000000001D2EF480460EF48007818B1EE484E
:10564000007801280BD142F21071611A75F1000047
:1056500005D2012007B0BDEC068BBDE8F08FE6480F
:105660000078022803D0E4480078032807D144F6E4
:105670002061611A75F1000001D20120EAE7DE48DD
:10568000007818B1DC48007801280ED1FA220023F6
:1056900020462946FAF79EFD401ED8490860084674
:1056A0000068A0F11C0008600DE0FA2200232046EB
:1056B0002946FAF78FFD401ED04908600846006869
:1056C000A0F1480008604FF00100CD4908604FF09C
:1056D0000000CC49C1F880024FF00A00FBF780FBC4
:1056E000C248407830B94FF40040C74908800A20CA
:1056F000FBF776FB002100E006E0C4488170BF485C
:105700000068FBF709FD3FE2B8488078012877D1AF
:1057100000200446054606460746B448407801285E
:105720000CD1B248D0E91045D0E91267B049611AEE
:1057300075F1000012D2AF4804600FE0AB4840782A
:1057400060B9AA48D830D0E90445D0E90667A8492D
:10575000611A75F1000001D2A6480460A6480078DD
:1057600018B1A5480078012807D142F21071611ADA
:1057700075F1000001D201206CE79F4800780228F3
:1057800003D09D480078032807D144F62061611AB0
:1057900075F1000001D201205CE79549711A77F19B
:1057A000000001D2012055E79348007818B19248D3
:1057B000007801280ED1FA22002320462946FAF764
:1057C00009FD401E8D49086008460068A0F11C00D4
:1057D00008600DE0FA22002320462946FAF7FAFC79
:1057E000401E8649086008460068A0F1480008602D
:1057F0008248006822462B46CDE90067029000E00F
:1058000060E083A005F0BEFB00BF00BF00BF4FF00B
:1058100014094FF47A72002330463946FAF7DAFC5D
:1058200006460F4630463946FAF70CFF41EC190B95
:1058300053EC192B9FED800B51EC100BFAF753FE34
:1058400041EC180B9FED7E0B53EC102B51EC180B19
:10585000FAF749FE9FED7C0B53EC102BFAF7CBFDCA
:10586000FAF7FCFE804653EC182B79A0CDF80080A7
:1058700005F088FB61480068404502D95F48C0F8E0
:10588000008001205E49086000205E49C1F8800266
:105890000A20FBF7A5FA5548407830B94FF400408C
:1058A000594908800A20FBF79BFA1FFA89F1404604
:1058B00002F017FA0021554881700121880702F093
:1058C0000CF961E1494880780228FAD100210C46A0
:1058D0000D460E460F4600208046814643484078DC
:1058E00001280ED14148D0E91A45D0E91C67D0E91A
:1058F0001E893F49611A75F1000016D23D480460C7
:1059000013E03A48407880B95648D0E90445D0E9D8
:1059100006673648D0F82491D0F820813449611ABE
:1059200075F1000001D2334804603348007818B1A3
:1059300031480078012807D142F21071611A75F1DF
:10594000000001D2012085E62B480078022803D010
:1059500029480078032807D144F62061611A75F1BF
:10596000000001D2012075E62149711A77F100008B
:1059700001D201206EE63C49B8EB010179F100004B
:1059800001D2012066E61C48007818B11A48007858
:1059900001280ED1FA22002320462946FAF71AFCE4
:1059A000401E1649086008460068A0F11C00086007
:1059B0000DE0FA22002320462946FAF70BFC401E90
:1059C0000E49086008460068A0F1480008600B48CE
:1059D000CDE90489006822462B46CDE90067029094
:1059E00022A005F0CFFA00BF00BF5BE04800002016
:1059F000400D030014030020C00100200803002014
:105A0000B08242420000404218140240840200204A
:105A100070756C73653D256C6C646E732C66726575
:105A2000713D256C6C646D687A2C74696D355F61AD
:105A300072723D25640D0A00000000A2941A6D42A6
:105A40000000000000406F40000000000000F03F38
:105A5000543D256C662C74696D325F6172723D2510
:105A6000640D0A0048010020A086010070756C7367
:105A7000653D256C6C646E732C667265713D256C9A
:105A80006C646D687A2C74696D355F6172723D2546
:105A9000642C6475726174696F6E3D256C6C640D65
:105AA0000A00000000BF142006904FF47A72002311
:105AB00030463946FAF78EFB06460F4630463946E1
:105AC000FAF7C0FD41EC190B53EC192B1FED260B17
:105AD00051EC100BFAF707FD41EC180B1FED280BEA
:105AE00053EC102B51EC180BFAF7FDFC1FED2A0BB1
:105AF00053EC102BFAF77FFCFAF7B0FD82462348EF
:105B00000068504502D92148C0F800A04FF47A70CF
:105B10000021A8FB002B09FB00B001FB0801104687
:105B2000FAF790FD53EC182BFAF7DDFCFAF796FD27
:105B3000174908600846006853EC182BCDE900A00F
:105B400014A005F01FFA01201B49086000201B4922
:105B5000C1F880020A20FBF743F91948407830B9B0
:105B60004FF40040174908800A20FBF739F90698DE
:105B700081B2504602F0B5F800211348817001212E
:105B8000880701F0AAFF00BF002063E5080300209A
:105B900010030020543D256C662C74696D325F61E2
:105BA00072723D25642C747261696E5F61636F75FA
:105BB0006E743D25640D0A00B082424200004042EE
:105BC00048000020181402408402002010B5FBF7A2
:105BD00013F900214FF0804001F07FFF00204FF0CB
:105BE000804148620E48407810B9C8130D490880BA
:105BF00000200D4908600D49086001210C488170A2
:105C000000210320FAF70BFF00200A490860012059
:105C10000949C1F8800200200849086010BD000051
:105C2000480000201A140240100300200C0300203A
:105C300084020020B082424200004042D002002094
:105C40002DE9F0472DED028B04464FF000099FED42
:105C50004C0AB0EE408AE06818B1E168002006F016
:105C600045FB48480078401C00EB800041000020C4
:105C700006F04EFBE060E06820B90520BDEC028B29
:105C8000BDE8F0873F484078012829D13D48806B26
:105C900020603C493831D1E904714FF47A72002315
:105CA0003846FAF797FA0546FAF78CFC08EE100A20
:105CB00034493831D1E902211046FAF783FC00EE6D
:105CC000100A20EE080ADFED300A20EE200ADFED90
:105CD0002F0A80EE201ABCEEC10A10EE109A29E0BD
:105CE0002848D0F8E00020602649E031D1E904518D
:105CF0004FF47A7200232846FAF76CFA0746FAF74F
:105D000061FC08EE100A1F49E031D1E9022110467A
:105D1000FAF758FC00EE100A20EE080ADFED1A0A26
:105D200020EE200ADFED190A80EE201ABCEEC10A2F
:105D300010EE109A206808B901209FE7B5EEC08ADE
:105D4000F1EE10FA01D1022098E7B9F1000F01D16C
:105D5000032093E7E068DFED0E0A68EE200AB0EE5C
:105D6000600A00EE909AF8EE600A00F0D1F84FF663
:105D7000FF70E16808600120A060606000207DE79E
:105D8000000000004800002000504347286B6E4E82
:105D90000000C8422DE9F0412DED028B04460020A1
:105DA00008EE100A9FED540AF0EE408AE06818B140
:105DB000E168002006F09AFA5048007800EB800075
:105DC0004100002006F0A4FAE060E06820B9052058
:105DD000BDEC028BBDE8F08148484078012803D132
:105DE00046480069206003E04448D0F8B8002060CD
:105DF000206808B90120EBE79FED410AF0EE408AE8
:105E00004CF2503008EE100AE068F8EE480AB0EEA6
:105E1000680A00F07DF839484078012820D13749D8
:105E20001031D1E902514FF47A7200232846FAF773
:105E3000D1F90746FAF7C6FB00EE100A9FED311ABA
:105E4000C8EE810A9FED301AC0EE811A20EE210AB9
:105E5000DFED2C0A80EE201A2C4880ED001A1FE09E
:105E60002649B831D1E902514FF47A72002328460D
:105E7000FAF7B0F90746FAF7A5FB00EE100A9FED16
:105E8000211AC8EE810A9FED201AC0EE811A20EE79
:105E9000210ADFED1C0A80EE201A1C4880ED001A52
:105EA0001A4890ED000ABCEEC00A10EE100AE16834
:105EB000086012480078022812D1E16801F10A0056
:105EC000F8EE480AB0EE680A00F022F80F4890EDAC
:105ED000000ABCEEC00A10EE100AE168C1F80A0020
:105EE000E068006808B9042072E704480078A06000
:105EF0000120606000206BE70000000048000020E7
:105F00008096984A00007A440000C842C0020020EF
:105F10002DE9F0412DED088BB0EE409AF0EE608A4D
:105F20000446002600279FED950AB0EE408A002522
:105F3000A846DFED930A89EE200ADFED920A80EE93
:105F4000801AB0EE418A9FED900AB4EEC08AF1EE5D
:105F500010FA05D8BCEEC80A10EE105A012686E0E9
:105F600018EE100AFAF793FB41EC1B0BB0EE4B0A4C
:105F7000F0EE6B0A05F02AF8B0EE40AAF0EE60AA47
:105F800051EC1A0BFAF76AFB054600EE105AB8EE10
:105F9000400AC8EE000ABCEEE00A10EE100A86B213
:105FA0009FED7A0AB4EEC08AF1EE10FA0ADD9FED99
:105FB000780AC8EE000ABCEEE00A10EE108A4EF62F
:105FC00060273DE09FED730AB4EEC08AF1EE10FA4F
:105FD0000ADD9FED710AC8EE000ABCEEE00A10EE81
:105FE000108A42F210772BE09FED6C0AB4EEC08A63
:105FF000F1EE10FA0ADD9FED6A0AC8EE000ABCEE67
:10600000E00A10EE108A4FF47A7719E09FED650AE6
:10601000B4EEC08AF1EE10FA09DD9FED590AC8EE20
:10602000000ABCEEE00A10EE108A642708E0B2EE27
:10603000040AC8EE000ABCEEE00A10EE108A0A2735
:1060400005FB06F000EE100AB8EE400A78EE400AB2
:1060500008FB07F000EE100AB8EE400A38EE400ADE
:10606000F4EEC00AF1EE10FA01DD45463E46681E28
:10607000A080701EE0809FED4C0AF4EEC08AF1EE25
:1060800010FA03DBA088401C20816DE0F5EEC08A89
:10609000F1EE10FA02D10020208165E09FED420A66
:1060A000C0EE280AA088401C00EE100AB8EEC00A14
:1060B000F4EEC00AF1EE10FA37DDA08800EE100A07
:1060C000B8EE400AB0EE408ADFED370A80EEA80A4B
:1060D000F7EE000A30EE600ABCEEC00A10EE100ABD
:1060E000A080E08800EE100AB8EE400A60EE080AD0
:1060F000A08800EE100AB8EE400A80EE801AB0EEDA
:10610000418AB7EE000AB4EEC08AF1EE10FA03D26B
:10611000B7EE000AB0EE408AB7EE000A38EE400A49
:10612000BCEEC00A10EE100AE080A088401C00EE11
:10613000100AB8EEC00A20EE280ADFED1B0A80EE36
:10614000201AB0EE418A18EE100AFAF7A0FA41ECD4
:106150001B0B9FED160B53EC102BFAF7ABF841EC31
:106160001A0BFAF77BFA2081E288A18811A004F0CB
:1061700009FF0020BDEC088BBDE8F08100000000A5
:106180000000C842A037A04C00FF7F47643F1C4E70
:1061900000606A4706FF794C00401C4638FFC74A3A
:1061A00000007A4460FF1F49005043470000000090
:1061B0000000E03F617272313D25642C70736331E1
:1061C0003D25640D0A0000002DE9F0472DED028BFE
:1061D00004464FF000099FED710AB0EE408AE06876
:1061E00018B1E168002006F081F86D480078401C85
:1061F00000EB80004100002006F08AF8E060E068D3
:1062000020B90520BDEC028BBDE8F08764484078DA
:10621000012803D16248006E206003E06048D0F896
:1062200008012060206808B90120EBE75C4840784D
:10623000012827D15A48006E206059484FF47A72DD
:106240000023D0E91C512846F9F7C4FF0746FAF7A6
:10625000B9F908EE100A5248D0E91A211046FAF7A7
:10626000B1F900EE100A20EE080ADFED4E0A20EE2A
:10627000200ADFED4D0A80EE201ABCEEC10A10EEB6
:10628000109A27E04648D0F8080120604749D1E934
:1062900004514FF47A7200232846F9F79BFF074612
:1062A000FAF790F908EE100A4049D1E902211046A8
:1062B000FAF788F900EE100A20EE080ADFED390A35
:1062C00020EE200ADFED380A80EE201ABCEEC10A6B
:1062D00010EE109A206808B9012093E7B5EEC08A45
:1062E000F1EE10FA01D102208CE7B9F1000F01D1D3
:1062F000032087E7E068DFED2E0A68EE200AB0EEA3
:10630000600A00EE909AF8EE600AFFF701FE24485A
:10631000806FE16808602248407801281AD120483F
:106320004FF47A720023D0E91E512846F9F752FF44
:106330000746FAF747F900EE100A20EE080ADFEDEB
:106340001D0A80EE201ABCEEC10A10EE100AE168A8
:10635000086019E01549D1E906714FF47A720023FB
:106360003846F9F737FF0546FAF72CF900EE100A20
:1063700020EE080ADFED0F0A80EE201ABCEEC10AFB
:1063800010EE100AE1680860E068006808B90420AF
:1063900038E70120A0606060002033E700000000C3
:1063A0004800002000504347286B6E4E50010020EB
:1063B0000000C84200007A4429B1064A126802432C
:1063C000044B1A6004E0034A12688243014B1A60CE
:1063D000704700003038024029B1064A1268024373
:1063E000044B1A6004E0034A12688243014B1A60AE
:1063F000704700003838024029B1064A126802434B
:10640000044B1A6004E0034A12688243014B1A608D
:10641000704700004038024029B1064A1268024322
:10642000044B1A6004E0034A12688243014B1A606D
:10643000704700002038024029B1064A1268024322
:10644000044B1A6004E0034A12688243014B1A604D
:10645000704700004438024029B1064A12680243DE
:10646000044B1A6004E0034A12688243014B1A602D
:1064700070470000243802400348006840F08070F4
:10648000014908607047000074380240F0B50021EF
:1064900000220024022500260223324F3F6807F025
:1064A0000C0121B1042905D0082937D105E02E4F70
:1064B000076036E02D4F076033E02A4F3F1F3F68EB
:1064C000C7F38056274F3F1F3F6807F03F036EB169
:1064D000264FB7FBF3F7DFF88CC0ACF1040CDCF807
:1064E00000C0CCF3881C07FB0CF40CE01E4FB7FB7C
:1064F000F3F7DFF870C0ACF1040CDCF800C0CCF3AB
:10650000881C07FB0CF4174F3F1F3F68C7F3014778
:106510007F1C7D00B4FBF5F7076002E0124F0760B7
:1065200000BF00BF0F4F3F6807F0F0010909104F8F
:106530007A5C0768D74047600A4F3F6807F4E0512C
:10654000890A0B4F7A5C4768D7408760054F3F68E0
:1065500007F46041490B064F7A5C4768D740C76033
:10656000F0BD0000083802400024F40040787D01AE
:106570002003002010B501460022002300204A110C
:10658000012A02D10A4C236808E0022A03D1084CF0
:106590007034236802E0064C7434236801F01F0253
:1065A000012494401C400CB1012000E0002010BDEB
:1065B000003802400021024A1170114608707047ED
:1065C000023802402DE9F04104460D46002600271E
:1065D000B04605F089FC204605F05AFC05F0ACFCFD
:1065E000284605F055FC05F0A7FC05F07DFC44F0BD
:1065F000010005F04DFC05F09FFC05F027FC064668
:1066000005F0C0FB05F022FC074605F00BFC05F089
:1066100083FC47EA06284046BDE8F08100B587B014
:1066200001210803FFF708FF01210846FFF7C4FE18
:10663000052211462F48FAF7C3FE052207212D48EF
:10664000FAF7BEFE04202B49088308200883102097
:106650000883A020009002208DF8040000208DF80F
:10666000060002208DF8070003208DF8050069461A
:106670002048FAF75DFE1C20009001208DF80400F0
:1066800000208DF8060001208DF8070003208DF80A
:10669000050069461748FAF74BFE0021164800F03E
:1066A00051F8154800F05AF80020ADF808004FF4F2
:1066B0008270ADF80A000020ADF80C00ADF80E00B5
:1066C000ADF810004FF40070ADF812000820ADF8DE
:1066D00014000020ADF816000720ADF8180002A93C
:1066E000054800F093F80121034800F02BF807B0AB
:1066F00000BD000000000240003001404FF6FF7175
:1067000000BF0F4A128902F002021AB90A1EA1F153
:106710000101F6D10A4A9081128902F00102084B68
:106720001A814FF6FF7100BF054A128902F08002FC
:10673000802A03D10A1EA1F10101F5D170470000A2
:106740000030014021B1028842F04002028004E0A2
:1067500002884FF6BF731A400280704710B5044696
:106760002448844208D101218014FFF775FE0021DE
:10677000A014FFF771FE3CE01F48844208D10121BC
:106780000014FFF749FE00212014FFF745FE30E01A
:106790001A48844208D10121C013FFF73DFE0021B1
:1067A000E013FFF739FE24E01548844208D10121A7
:1067B0004014FFF751FE00216014FFF74DFE18E072
:1067C0001048844209D101210805FFF745FE002148
:1067D0004FF48010FFF740FE0BE00B48844208D1D5
:1067E00001214805FFF738FE00214FF40010FFF7A4
:1067F00033FE10BD0030014000380040003C004036
:1068000000340140005001400054014010B5002206
:10681000028802F441520B884C8823438C8823431E
:10682000CC8823430C8923434C8923438C892343FD
:10683000CC8923431A430280838B4FF2FF74234099
:1068400083830B8A038210BD30B5F0B12C4BD3F893
:1068500054315B1C2A4CE4781C44294BC3F8584142
:10686000D3F854310833264CE47803EBC40330CB1F
:10687000244BC3E90445224BDB78234C04EBC303D0
:10688000D3E900541F4BC3E9065419B31C4B5C7980
:10689000012393401C403CB9194B5B79012494407F
:1068A0002343174C637106E0154B5C790123934039
:1068B0009C43134B5C71124B5C79D3F854311C70C0
:1068C0000F4B93F871310BB9012400E000240C4BFD
:1068D00083F871410A4B5B79012494402340002BDB
:1068E00001DD012300E00023054C84F850312346EC
:1068F000DB78022B02D1012384F8503130BD000037
:106900004800002098010020C801002070470000C6
:1069100030B500228B071C0F0F2303FA04F20B4B38
:106920008C1053F824309343084C8D1044F82530D4
:1069300023468C1053F824308C07240F00FA04F4FB
:106940002343024C8D1044F8253030BD08380140F7
:106950001CB50020019000903648006840F480206B
:10696000344908600520FFF725FE00BF3148006864
:1069700000F4003000900198401C0190009818B974
:106980000198B0F5A04FF1D12A48006800F400301A
:1069900010B10120009001E0002000900098012833
:1069A00046D124484030006840F0805021494031B1
:1069B00008602148006840F440401F4908601D48B5
:1069C000083000681B49083108600846006840F438
:1069D000004008600846006840F4A050086017486E
:1069E000091F0860081F006840F08070091F0860D8
:1069F00000BF1048006800F000700028F9D040F295
:106A000005700F4908600B480830006820F003004B
:106A10000849083108600846006840F00200086034
:106A200000BF04480830006800F00C000828F8D1C6
:106A30001CBD00000038024000700040195440079F
:106A4000003C024070B504460D4600260CB905B95D
:106A500070BD4048C678407801283BD13E480021AF
:106A60003E4A03C23B48807830B101280FD002284B
:106A700018D003282CD120E0364808303549C1F819
:106A80005401324629462046FFF7DEFE21E0314818
:106A900030303049C1F85401324629462046FFF7CC
:106AA000D3FE16E02B4858302A49C1F8540132462B
:106AB00029462046FFF7C8FE0BE0264880302549CE
:106AC000C1F85401324629462046FFF7BDFE00E0DA
:106AD00000BF3CE022480021204A03C206B9042638
:106AE0001C48807830B101280FD0022818D0032824
:106AF0002BD11FE01748B0301649C1F85401324677
:106B000029462046FFF7A0FE20E01248D830114960
:106B1000C1F85401324629462046FFF795FE15E09C
:106B200010480C49C1F85401324629462046FFF767
:106B30008BFE0BE00B4828300649C1F85401324661
:106B400029462046FFF780FE00E000BF00BF00BFDF
:106B50007EE7000048000020C095A905C80100207C
:106B60000048E801480100202DE9F04781464FF434
:106B70007A74F9488078FF2803D0F748C078FF2856
:106B800001D1BDE8F087F44890F85001012800D108
:106B9000F24CB9F1110F7CD2DFE809F0090A0B0CB5
:106BA0000D0E0F1011127BCFFEFDFCFBFA0000BF93
:106BB00000BF00BF00BF00BF00BF00BF00BF00BFDD
:106BC000E54890F87001012804D0E34890F871017D
:106BD000012815D10220E04981F870010021DE482A
:106BE00080F8721180F8711190F87211D0F8580184
:106BF000017009FB04F00021D94AC2E904019BE0BD
:106C0000D54890F85001012879D1D34890F8720105
:106C1000042805D10321D048D0F85801017005E0BF
:106C2000CD4890F87211D0F858010170CA4890F818
:106C3000720130B1012817D002282ED003285CD170
:106C400042E0C7480A25D0E904310020A3FB05260D
:106C500001FB056103FB001509FB04F151186841B4
:106C6000BF4AC2E9041049E0BB4890F87201401CD9
:106C7000C1B2B94880F8721109FB04F00A21B0FBD7
:106C8000F1F0B74AD2E90432C01842F10001B44A27
:106C900000E0DEE3C2E9040130E0AF4890F87201A1
:106CA000401CC1B2AC4880F8721109FB04F06421A9
:106CB000B0FBF1F0AA4AD2E90432C01842F1000157
:106CC000A74AC2E9040119E0A34890F87201401CE8
:106CD000C1B2A14880F8721109FB04F04FF47A7137
:106CE000B0FBF1F09E4AD2E90432C01842F1000133
:106CF0009B4AC2E9040101E001E000BF1CE004215D
:106D0000954880F872110321D0F858010170944918
:106D10000A230025D1E90402A0FB031602FB03624B
:106D200000FB052309FB04F02A460D46281843EB17
:106D300002018B4AC2E904018CE3874890F8700194
:106D4000012810D10220844981F87001084690F88A
:106D50005001012807D104217F4880F872110321D6
:106D6000D0F8580101707C4890F8500101286FD18B
:106D7000794890F8720138B1774890F87201401E56
:106D8000C1B2754880F87211734890F8720104E03E
:106D900085E2C4E141E1C2E0AFE030B101281FD09B
:106DA00002283DD003286DD153E004EB84004FEA64
:106DB000400C6B49D1E90451624600232846F9F79B
:106DC00009FA6748D0E904108F1A60EB03010A2220
:106DD00000233846F9F7FEF9614AC2E9040152E09E
:106DE0005D4890F87201401EC1B25B4880F8721194
:106DF0000A20B4FBF0F000EB800045000023584867
:106E00002A46D0E904713846F9F7E4F95448D0E944
:106E10000410891A60EB0300514AC2E9041032E001
:106E20006420B4FBF0F000EB8000470000234C48E6
:106E30003A46D0E904512846F9F7CCF94848D0E958
:106E40000410891A60EB0300454AC2E904101AE0F5
:106E500030E04FF47A70B4FBF0F000EB80004700B4
:106E600000233F483A46D0E904512846F9F7B2F9E1
:106E70003B48D0E90410891A60EB0300384AC2E9A4
:106E8000041000E000BF00BF334890F87211D0F842
:106E9000580101703048D0F85801007860B32E488E
:106EA000D0F858010078401EC1B22B48D0F85801E4
:106EB000017021E00421284880F872110321D0F8E4
:106EC0005801017004EB84004FEA400C24486246EC
:106ED0000023D0E904512846F9F77CF92048D0E98D
:106EE00004108F1A60EB03010A2200233846F9F7D9
:106EF00071F91B4AC2E90401ACE20120164981F88C
:106F000070010021144880F8721190F87211D0F8C5
:106F10005801017000221248026142619AE20E4853
:106F200090F87001012821D102200B4981F87001ED
:106F3000084690F85001012818D10846D0F85801A9
:106F4000007878B10846D0F858010078401CC1B2EA
:106F5000014880F8721109E04800002040420F000B
:106F6000980100200021FE4880F87211FC4890F83A
:106F7000500101283FD1FA48D0F85801007830B1CB
:106F800001280ED0022819D0032832D123E0F54879
:106F9000D0E90420111940F10000F24AC2E90410BE
:106FA00028E00A20B4FBF0F0EE4BD3E9042380186C
:106FB00043F10001EB4AC2E904011BE06420B4FB89
:106FC000F0F0E84AD2E90432C01842F10001E54A83
:106FD000C2E904010EE04FF47A70B4FBF0F0E14B2B
:106FE000D3E90423801843F10001DE4AC2E9040119
:106FF00000E000BF10E00421D94880F8721103219D
:10700000D0F858010170D748D0E90420121940F196
:107010000000D449C1E904201CE2D14890F8700175
:1070200001281BD10220CE4981F87001084690F852
:107030005001012812D10846D0F85801007848B113
:107040000846D0F858010078401CC1B2C44880F806
:10705000721103E00021C24880F87211C04890F814
:107060005001012847D1BE48D0F85801007830B10E
:10707000012810D002281DD003283AD129E0B948B0
:10708000D0E9042104EB8400101841F10001B54A55
:10709000C2E904012EE004EB84000A21B0FBF1F008
:1070A000B04AD2E90432C01842F10001AD4AC2E947
:1070B00004011FE004EB84006421B0FBF1F0A94A55
:1070C000D2E90432C31842F10001A648C0E90431F4
:1070D00010E004EB84004FF47A71B0FBF1F0A14AA8
:1070E000D2E90432C01842F100019E4AC2E904010B
:1070F00000E000BF12E00421994880F872110321DA
:10710000D0F8580101709748D0E9043004EB8401AD
:10711000591840F10000934AC2E904109AE19048DE
:1071200090F8700101281BD102208D4981F870016F
:10713000084690F85001012812D10846D0F85801AD
:10714000007848B10846D0F858010078401CC1B218
:10715000834880F8721103E00021814880F87211A1
:107160007F4890F8500101287BD17D48D0F8580124
:10717000007830B101281AD0022834D003286ED10B
:107180004DE07848D0E90420121B70F1000009D3CB
:107190007448D0E90420111B60F10000714AC2E973
:1071A000041003E000226F480261426158E00A20A7
:1071B000B4FBF0F06B49D1E90431181A71F1000108
:1071C0000CD30A20B4FBF0F06649D1E90421101A6F
:1071D00061F10001634AC2E9040103E00022614950
:1071E0000A614A613CE06420B4FBF0F05D49D1E9FA
:1071F0000431181A71F100010CD36420B4FBF0F1D2
:107200005848D0E90430591A60F10000554AC2E9E3
:10721000041003E0002253490A614A6120E04FF460
:107220007A70B4FBF0F14F48D0E90430591A70F18C
:1072300000000FD34FF47A70B4FBF0F14948D0E965
:107240000430591A60F10000464AC2E9041005E012
:1072500007E004E0002243480261426100E000BF11
:107260001CE04048D0E90420121B70F1000009D353
:107270003C48D0E90420111B60F10000394AC2E902
:10728000041003E0002237490A614A6104213448AE
:1072900080F872110321D0F858010170DAE030480B
:1072A00090F8700101281BD102202D4981F870014E
:1072B000084690F85001012812D10846D0F858012C
:1072C000007848B10846D0F858010078401CC1B297
:1072D000234880F8721103E00021214880F87211E0
:1072E0001F4890F8500101287ED11D48D0F8580160
:1072F000007830B101281ED0022841D0032874D173
:107300005EE01848D0E9043004EB8401591A70F1AA
:1073100000000BD31348D0E9043004EB8401591A60
:1073200060F100000F4AC2E9041003E000220D4999
:107330000A614A616AE004EB84000A21B0FBF1F1C2
:107340000848D0E90430591A70F1000013D304EB57
:1073500084000A21B0FBF1F10248D0E9043003E0D7
:107360004800002098010020591A60F100004A4AA4
:10737000C2E9041003E0002247490A614A6145E07E
:1073800004EB84006421B0FBF1F14348D0E9043000
:10739000591A70F100000ED304EB84006421B0FB95
:1073A000F1F03D49D1E90431181A61F100013A4A7E
:1073B000C2E9040103E0002137480161416125E091
:1073C00004EB84004FF47A71B0FBF1F03249D1E95B
:1073D0000431181A71F1000112D304EB84004FF448
:1073E0007A71B0FBF1F101E011E00EE02A48D0E93A
:1073F0000420511A60F10000274AC2E9041003E09A
:10740000002225480261426100E000BF20E02248DE
:10741000D0E9043104EB8400181A71F100010BD398
:107420001D48D0E9042004EB8401511A60F10000EA
:10743000194AC2E9041003E0002217490A614A61AF
:107440000421164880F872110321D0F85801017008
:1074500000E000BF00BF1048D0E906100E4AD2E994
:107460000432C91A904104D20B48D0E90621C0E980
:1074700004210948D0E90410084AD2F854210832FE
:10748000064BDB7802EBC302C2E90010012004497D
:10749000088100BFFFF775BB98010020480000205D
:1074A000C806002010B50446574840785649097868
:1074B000884203D155480078A0427DD0012C44D1A8
:1074C0005148407800F00100B8B151A003F05AFDD6
:1074D00000205949086059488078032805D1E00305
:1074E000574908801E20F9F77BFC002055490860A9
:1074F00000210220F9F793FA6FE053A003F042FD58
:1075000001204D4908604D488078032806D14FF48A
:1075100000404B4908801E20F9F762FC01204949D0
:1075200008600A20F9F75CFC44488078032807D1FA
:107530004FF400404249891E08800A20F9F750FCA8
:1075400000210120F9F76BFA47E0022C45D12E48C3
:10755000407800F00100B8B145A003F013FD002011
:10756000354908604C49C1F8B00234488078032896
:1075700005D1A003324908801E20F9F731FC002113
:107580000220F9F74CFA28E044A003F0FBFC0120AC
:107590002949086029488078032806D14FF4004023
:1075A000274908801E20F9F71BFC012025490860A7
:1075B0000A20F9F715FC00E025E020488078032830
:1075C00007D14FF400401E49891E08800A20F9F7B0
:1075D00007FC00210120F9F722FA3A48007818B197
:1075E00038480078012802D100F098FD01E000F051
:1075F000D1FD0548407804490870044804704FF4F0
:10760000FA70F9F7EDFB10BDE8010020EA01002057
:107610005357204D6F646520746F20566F6C7461F2
:1076200067652C20506F73697469766520766F6C7E
:1076300074616765210D0A00808242424800002083
:107640001A140240B08240425357204D6F646520A7
:10765000746F2043757272656E742C20506F73695D
:10766000746976652063757272656E74210D0A0007
:107670005357204D6F646520746F20566F6C746192
:1076800067652C204E6567617469766520766F6C3E
:1076900074616765210D0A00008040425357204DF8
:1076A0006F646520746F2043757272656E742C2050
:1076B0004E656761746976652063757272656E7474
:1076C000210D0A00C00100201CB501212020FEF779
:1076D00073FE01210220FEF76FFE4FF480500090F0
:1076E00001208DF8040000208DF8060003208DF89D
:1076F000050001208DF8070069460548F9F718FED6
:107700004FF48050009069460248F9F711FE1CBD05
:1077100000140240000402401848006820B11748D5
:107720000068401E1549086015480068401C14494F
:10773000086014480068401C124908600846006848
:10774000282804D30020086001200F4908700C4845
:10775000006840F28A21884203D140200B494883C7
:107760000AE007480068B0F5307F05D94020074996
:107770000883002002490860704700000C000020C8
:10778000040000200800002010000020001002402B
:1077900010B51548006840F470001349086013489C
:1077A000006840F001001149086000200F490831CD
:1077B00008600E4800680E4908400C4908600D48F2
:1077C000091D0860081F006820F48020091F086058
:1077D000002006490C310860FFF7BAF84FF000604E
:1077E00001498039086010BD88ED00E00038024092
:1077F000FFFFF6FE1030002410B50121880700F0CD
:1078000078F9D8B10E480068F9F786FC012188079D
:1078100000F060F90B48807802280FD10A48006810
:10782000401C094908600846006808490968884200
:1078300004D9002004490860FEF7C8F910BD000013
:1078400008030020480000200C0300201003002043
:1078500010B501210F4800F04CF9C8B10E4800687E
:10786000012803D100210D4881700DE001210B4852
:107870008170084800884FF6FE710840054908806D
:1078800000200449243108600121024800F022F957
:1078900010BD00000004004000824042840200202D
:1078A00010B50121674800F024F9002871D066481E
:1078B000007818B16448007801281FD163494878DE
:1078C00001220021FDF746FC002061490860F9F71C
:1078D00093FA5E48807800280FD15E490860012045
:1078E0005D49C1F880025948407818B94FF400400A
:1078F0005A49088001215A4881709EE05348807897
:10790000032847D157480068401C5649086008467C
:107910000068022816D14C480078022809D1524A42
:10792000526812685142494A50780122FDF712FC10
:1079300083E04D4A52681168444A50780122FDF7AD
:1079400009FC7AE047480068032876D34748006876
:1079500049F64041884203D2092005F0ABF802E025
:107960001E2005F0A7F83949487801220021FDF7CB
:10797000F1FB00203E490870F9F73EFA0020394932
:10798000086001203B49086000203B49C1F88002A3
:1079900053E056E033480068401C3249086008460E
:1079A0000068022816D128480078022809D12E4AFA
:1079B000526812685142254A50780122FDF7CAFBED
:1079C0003BE0294A52681168204A50780122FDF7AD
:1079D000C1FB32E02348006803282ED32348006807
:1079E00049F64041884203D2092005F063F802E0DD
:1079F0001E2005F05FF81549487801220021FDF7A7
:107A0000A9FB002012490860F9F7F6F90020154992
:107A100008600E48807880B900200E490860012077
:107A20000D49C1F880020948407818B94FF4004068
:107A30000A49088001210A4881700121014800F0AB
:107A400049F810BD000C0040C00100204800002093
:107A500084824042B0824242000040421A140240F6
:107A600084020020D0020020A00200201403002085
:107A7000DC020020800240420000424210B50D4866
:107A8000008A00F00100A0B100F016FB0A488078DF
:107A9000401CC0B2084988700A2804DB00F008FBCB
:107AA0000020054988700348008A20F00100014940
:107AB000088210BD00100040C806002021B10288D5
:107AC00042F08002028004E002884FF67F731A4081
:107AD00002807047CA430282704721B1028842F097
:107AE0000102028004E002884FF6FE731A40028011
:107AF000704730B50246002000230024158A05EAAD
:107B00000103958905EA010413B10CB1012000E0DD
:107B1000002030BD1AB183890B43838102E0838941
:107B20008B4383817047000070B50024002200233E
:107B3000058C4FF6FE7635400584028C8388048BD5
:107B40004FF68F752C40B51E2C400D882C43751EAA
:107B50002A408D892A434D882A43104DA84202D0DD
:107B60000F4DA84213D14FF6F7752A40CD892A430D
:107B70004FF6FB752A408D882A434FF6FF652B4050
:107B80004FF6FF552B400D8A2B434D8A2B438380A4
:107B900004838D684563028470BD000000000140CD
:107BA000000401400A460021018B4FF6F77319408B
:107BB000114301837047416370470000002202882F
:107BC000184B98420ED0184B98420BD0B0F1804F12
:107BD00008D0164B984205D0154B984202D0154B51
:107BE000984204D14FF68F731A404B881A43124BB8
:107BF000984207D0114B984204D04FF6FF431A40E9
:107C00000B891A4302804B68C3620B880385054BBE
:107C1000984202D0044B984201D18B7A038601230B
:107C200083827047000001400004014000040040CE
:107C300000080040000C004000100040001400400C
:107C400010B51C484089002833DD1A484089B0F53A
:107C50007A7F2EDA17484089401C16494881084629
:107C60004089FA2825DD1448007878B11248007858
:107C7000042803DB0E20FEF777FF02E00D20FEF75D
:107C800073FF00200C4908700A4948810B480078AE
:107C900078B10A480078042803DB1020FEF764FF5F
:107CA00002E00F20FEF760FF002004490870014940
:107CB000488110BDC8060020E4020020E502002033
:107CC0000288002A05DD02888A4202DA0288521CF4
:107CD000028070470188002902DD0188491E018069
:107CE00070477FB505460C4601210846FEF784FB28
:107CF0001C208DF8000001208DF8010002208DF875
:107D0000020001208DF803006846FDF7C9F90295CD
:107D1000ADF804400020ADF80600ADF80C0001A954
:107D20004FF08040FFF74AFF012211469007FFF70E
:107D3000F1FE7FBD7FB505460C4601210220FEF70E
:107D40005BFB1D208DF8000002208DF80100032050
:107D50008DF8020001208DF803006846FDF7A0F9B8
:107D60000295ADF804400020ADF80600ADF80C0017
:107D700001A90648FFF722FF01210448FFF7AAFEE8
:107D8000012211460148FFF7C5FE7FBD00040040F7
:107D90007FB505460C4601210820FEF72DFB322059
:107DA0008DF8000001208DF8010002208DF80200FE
:107DB00001208DF803006846FDF772F90295ADF8D1
:107DC00004400020ADF80600ADF80C0001A90648FB
:107DD000FFF7F4FE01210448FFF77CFE0122114663
:107DE0000148FFF797FE7FBD000C00407FB50546B8
:107DF0000C4601211020FEF7FFFA0295ADF8044071
:107E00000020ADF80600ADF80C0001A90D48FFF701
:107E1000D5FE012211460B48FFF77CFE01210948DF
:107E2000FFF75BFE36208DF8000002208DF8010080
:107E300003208DF8020001208DF803006846FDF74D
:107E40002FF97FBD0010004010B52DED0C8B8AB0CE
:107E5000B0EE408A002008EE900A9FED4D0AB0EE89
:107E6000409A01211020FEF7A7FA01210804FEF72D
:107E7000E3FA032205214748F9F7A2FA20200890E7
:107E800002208DF8240000208DF8260003208DF8B4
:107E9000250001208DF8270008A93E48F9F748FA87
:107EA00020213C48F9F7AFFA9FED3B0AB0EE409A2B
:107EB000B5EEC09AF1EE10FA03D8B7EE000AB0EEB4
:107EC000409AB5EEC08AF1EE10FA03D29FED300A67
:107ED000B0EE408A9FED310AB4EEC08AF1EE10FA9E
:107EE00003DD9FED2B0AB0EE408A2D4808EE900A84
:107EF000F8EE680A80EE890AF7EE000A30EE600AB2
:107F0000BCEEC00A8DED060A0120ADF81400002079
:107F1000ADF81600ADF81C0005A92248FFF74EFE8B
:107F20006020ADF800000120ADF80200F8EE680A0C
:107F300080EE890AF7EE000A30EE600A10EE104A71
:107F40002046F8F7A4FB41EC1B0B18EE100AF8F7DB
:107F50009EFB41EC1D0B9FED140B53EC102BF8F71F
:107F6000C2FA41EC1C0B53EC1B2BF8F74AFA41EC1C
:107F70001A0BF8F773FB02900020ADF80C0069466D
:107F80000848FFF7D1FD0AB0BDEC0C8B10BD000016
:107F9000000000000010024000007A440000C842C7
:107FA00080DE8002004001400000000000005940D7
:107FB0001CB52020009002208DF8040000208DF8D0
:107FC000060001208DF8070003208DF805006946A2
:107FD0000A48F9F7ADF9032205210848F9F7F0F945
:107FE00008210748FFF7DEFD01210548FFF766FD80
:107FF00001210348FFF771FD1CBD00000010024085
:108000000040014070B52DED0C8BB0EE408A002091
:1080100008EE900A9FED200AB0EE409A9FED1F0AED
:10802000B0EE409AB5EEC09AF1EE10FA03D8B7EE72
:10803000000AB0EE409A1A4808EE900AF8EE680A74
:1080400080EE890AF7EE000A30EE600A10EE105A50
:108050002846F8F71CFB41EC1B0B18EE100AF8F74A
:1080600016FB41EC1D0B9FED0F0B53EC102BF8F79B
:108070003AFA41EC1C0B53EC1B2BF8F7C2F941EC1C
:108080001A0BF8F7EBFA044621460848FFF793FD70
:10809000BDEC0C8B70BD00000000000000007A44B5
:1080A00080DE8002000000000000594000400140D6
:1080B00010B503F0DFFC10BD10B5FFF7C1FD14488B
:1080C000FFF708FE1248801CFFF704FE1148FFF777
:1080D00001FE1048001DFFF7FDFD0E480830FFF7B8
:1080E000F9FD4EF66A210A48001DFFF7E9FD084830
:1080F000001FC0680849884204D20548001FC068B4
:10810000401C00E000200249091FC86010BD0000AB
:10811000CC060020DA060020005C260500B585B0FC
:1081200001210220FEF748F901218803FEF784F9B6
:108130000120039000208DF8100001208DF813001D
:1081400003A91348F9F7F4F800210120FEF7E0FB3A
:108150000120009000208DF8040010208DF805000B
:1081600001208DF806006846F8F78CFF06208DF890
:10817000080001208DF8090000208DF80A00012078
:108180008DF80B0002A8FCF78BFF05B000BD0000C6
:108190000004024000B585B001210220FEF70CF971
:1081A00001218803FEF748F90120039000208DF893
:1081B000100001208DF8130003A91348F9F7B8F84F
:1081C00000210120FEF7A4FB0120009000208DF883
:1081D000040008208DF8050001208DF8060068468F
:1081E000F8F750FF06208DF8080001208DF80900EF
:1081F00000208DF80A0001208DF80B0002A8FCF782
:108200004FFF05B000BD0000000402401CB5012175
:108210000220FEF7D1F80220009001208DF8040022
:1082200000208DF8060003208DF8050001208DF850
:10823000070069460348F9F77BF800200249086007
:108240001CBD000000040240848240421FB5FB4870
:10825000807801281ED0F948807820B9F8A1FA4822
:1082600002F0A0FE07E0F5488078022803D1F7A1CC
:10827000F54802F097FEF748807818B1F548807805
:10828000032803D10020F449086011E00120F249DD
:1082900008600DE0E9488078012809D1EFA1EA489B
:1082A00002F080FE0020EC490860EE49C1F884022B
:1082B000E8480078012804D10020E7490831086027
:1082C00003E00120E44908310860E748007800280D
:1082D00069D10390E5A1DC481E3002F063FE002066
:1082E00003900CE0039800F5C27080B20022FA21DE
:1082F0000290F9F7E5FF0398401C80B203900398C1
:108300001428EFDB002003900EE00398C0F1FA0080
:1083100080B20022014602904FF4CC70F9F7D0FFF2
:108320000398401C80B2039003981228EDDB0020D4
:1083300003900CE0039800F5CC7080B20022E82195
:108340000290F9F7BDFF0398401C80B20390039898
:108350002828EFDB002003900EE00398C0F1FA001C
:1083600080B20022014602904FF4E070F9F7A8FFB6
:108370000398401C80B2039003981228EDDB002084
:1083800003900CE0039800F5E07080B20022FA211F
:108390000290F9F795FF0398401C80B20390039870
:1083A0001428EFDBBAE1B0480078012869D1002039
:1083B0000390AFA1A4481E3002F0F4FD002003900A
:1083C0000CE0039800F5C27080B20022FA210290FE
:1083D000F9F776FF0398401C80B2039003981428A5
:1083E000EFDB002003900DE00398FA3080B200220A
:1083F000014602904FF4CC70F9F762FF0398401CDD
:1084000080B2039003981228EEDB002003900DE069
:10841000039800F5CC7080B200224FF48671029070
:10842000F9F74EFF0398401C80B203900398282868
:10843000EEDB002003900DE00398FA3080B20022BA
:10844000014602904FF4E070F9F73AFF0398401CA0
:1084500080B2039003981228EEDB002003900CE01A
:10846000039800F5E07080B20022FA210290F9F73B
:1084700027FF0398401C80B2039003981428EFDB79
:108480004CE17948007802287ED10020039079A140
:108490006D481E3002F086FD002003900CE003982A
:1084A00000F5C27080B20022FA210290F9F708FFAD
:1084B0000398401C80B2039003981428EFDB00203F
:1084C00003900EE00398C0F1FA0080B2002201464A
:1084D00002904FF4CC70F9F7F3FE0398401C80B281
:1084E000039003981228EDDB002003900CE0039822
:1084F00000F5CC7080B20022E8210290F9F7E0FE8E
:108500000398401C80B2039003981428EFDB0020EE
:1085100003900DE00398E83080B2002201460290FB
:108520004FF4D670F9F7CCFE0398401C80B203904C
:1085300003982428EEDB002003900DE0039800F55B
:10854000D67080B200224FF486710290F9F7B8FE1F
:108550000398401C80B2039003981428EEDB00209F
:1085600003900DE00398FA3080B200220146029099
:108570004FF4E070F9F7A4FE0398401C80B203901A
:1085800003981228EEDB00E013E0002003900CE0DB
:10859000039800F5E07080B20022FA210290F9F70A
:1085A0008FFE0398401C80B2039003981428EFDBE1
:1085B000B4E00020039030A123481E3002F0F2FC0A
:1085C000002003900CE0039800F5C27080B20022F6
:1085D000FA210290F9F774FE0398401C80B20390D0
:1085E00003981428EFDB002003900DE00398FA3085
:1085F00080B20022014602904FF4CC70F9F760FE81
:108600000398401C80B2039003981228EEDB0020F0
:1086100003900DE0039800F5CC7080B200224FF477
:1086200086710290F9F74CFE0398401C80B20390CB
:1086300003981428EEDB0020039030E08402002031
:1086400052756E6E696E67002A0500205061757361
:1086500065000000480000208002424253746F70A1
:108660000000000000004242C00100202000000085
:1086700020200000202020002020202000000000DA
:108680000398C0F5867080B20022014602904FF434
:10869000D670F9F715FE0398401C80B2039003983A
:1086A0002428EDDB002003900CE0039800F5D67041
:1086B00080B20022E8210290F9F702FE0398401CE4
:1086C00080B2039003981428EFDB002003900EE0A3
:1086D0000398C0F1FA0080B20022014602904FF4E4
:1086E000E070F9F7EDFD0398401C80B20390039809
:1086F0001228EDDB002003900CE0039800F5E070F9
:1087000080B20022FA210290F9F7DAFD0398401CAA
:1087100080B2039003981428EFDB00BFFC48407838
:1087200001287DD1FBA1FD4802F03CFCF84880788F
:1087300030B1012875D0022874D0032873D1FDE32D
:10874000F7A1F6485A3002F02DFCF7A1F3486A3041
:1087500002F028FCF6A1F1487A3002F023FCF6A1E1
:10876000EE488A3002F01EFCF5A1EC489A3002F087
:1087700019FCF6A1E948B03002F014FCAFF2201168
:10878000E648C63002F00EFCAFF22C11E348DC30B4
:1087900002F008FCDE48407900F0020058B3DC48E3
:1087A000C078012813D1DA4890F8700178B101201F
:1087B000D74910310090D1E9020102460B46CDE9BC
:1087C0000201D649F231012002F05EFB0EE00020EA
:1087D000CF4910310090D1E9020102460B46CDE9A4
:1087E0000201CE49F231012002F04EFBDAA1DB4852
:1087F00002F0D8FB2FE0C648C078012818D1C44841
:1088000090F87001A0B10120C14910310090D1E968
:10881000020102460B46CDE90201D049A03903E02E
:10882000FEE389E001E2FCE3002002F02DFB0EE014
:108830000020B74910310090D1E9020102460B46F1
:10884000CDE90201C549A039002002F01DFBC4A1F9
:10885000C24802F0A7FBAE48407900F0010048B3DF
:10886000AB48C07890B9AA4890F8700170B1012067
:10887000A7490090D1E9040102460B46CDE9020167
:10888000B6497839012002F0FFFA0DE00020A04936
:108890000090D1E9040102460B46CDE90201AF493F
:1088A0007839012002F0F0FAAEA1AC480A3002F0AB
:1088B00079FB28E09648C07890B9954890F8700107
:1088C00070B1012092490090D1E9040102460B46A3
:1088D000CDE90201A1497839002002F0D5FA0DE076
:1088E00000208B490090D1E9040102460B46CDE9F6
:1088F00002019A497839002002F0C6FA9AA19748F5
:108900000A3002F04FFBAFF2A8219448503802F031
:1089100049FBAFF2B4219148143002F043FBAFF2AF
:10892000C0218E48283802F03DFBAFF2CC218B48A5
:108930001E3002F037FB46E379A178485A3002F046
:1089400031FB79A175486A3002F02CFB78A173489D
:108950007A3002F027FB78A170488A3002F022FBBF
:1089600077A16E489A3002F01DFB78A16B48B030B9
:1089700002F018FB7DA16948C63002F013FBAFF28C
:1089800020317648B63802F00DFB6148407900F09E
:10899000020058B35E48C078012813D15C4890F8B3
:1089A000700178B101205A4938310090D1E90201B3
:1089B00002460B46CDE902016849A039012002F0C8
:1089C00063FA0EE00020524938310090D1E90201EB
:1089D00002460B46CDE902016049A039012002F0B0
:1089E00053FA5DA15D4802F0DDFA2AE04848C078FC
:1089F000012813D1464890F8700178B1012044490C
:108A000038310090D1E9020102460B46CDE902015E
:108A10005249A039002002F037FA0EE000203C490C
:108A200038310090D1E9020102460B46CDE902013E
:108A30004A49A039002002F027FA49A1474802F02C
:108A4000B1FA3348407900F0010048B33048C078AB
:108A500090B92F4890F8700170B101202C49009016
:108A6000D1E90E0102460B46CDE902013B497839B6
:108A7000012002F009FA0DE0002025490090D1E91B
:108A80000E0102460B46CDE9020134497839012036
:108A900002F0FAF933A131480A3002F083FA28E0F3
:108AA0001B48C07890B91A4890F8700170B1012045
:108AB00017490090D1E90E0102460B46CDE90201AB
:108AC00026497839002002F0DFF90DE00020104936
:108AD0000090D1E90E0102460B46CDE902011F4983
:108AE0007839002002F0D0F91FA11C480A3002F0AA
:108AF00059FA0748407900F00400E8B30448C07808
:108B0000022848D1024890F87001B0B3012035E046
:108B100048000020566F6C74616765000C050020EA
:108B200053696E676C6500004672656552756E002C
:108B3000547261696E000000457874426E630000F3
:108B400050756C736557696474680000416D706C92
:108B500069747564650000006D7300009E06002056
:108B60007E730000560000006D560000467265716D
:108B700075656E637900000020E00CE0FE4900900E
:108B8000D1E9040102460B46CDE90201FB4901206F
:108B900002F07AF90CE00020F7490090D1E90401D5
:108BA00002460B46CDE90201F449012002F06CF9BE
:108BB000F3A1F248643002F0F5F929E0EE483838C4
:108BC000C078022812D1EC48383890F8700168B1AA
:108BD0000120E9490090D1E9040102460B46CDE9A4
:108BE0000201E649012002F04FF90CE00020E249C1
:108BF0000090D1E9040102460B46CDE90201DF49AC
:108C0000012002F041F9DFA1DC48643002F0CAF92A
:108C1000AFF2B451D948283002F0C4F9AFF2C051D4
:108C2000D6486E3002F0BEF915E3AFF20C11D3480E
:108C3000E83802F0B7F9AFF21011D048D83802F096
:108C4000B1F9AFF21411CD48C83802F0ABF9AFF268
:108C50001811CA48B83802F0A5F9AFF21C11C7487C
:108C6000A83802F09FF9AFF21C11C448923802F004
:108C700099F9AFF20811C1487C3802F093F9C2A10A
:108C8000BE48663802F08EF9BB483838407900F0AB
:108C9000020078B3B8483838C078012814D1B648F3
:108CA000383890F8700178B10120B349283100902C
:108CB000D1E9020102460B46CDE90201AF49503924
:108CC000012002F0E1F80EE00020AB4928310090CD
:108CD000D1E9020102460B46CDE90201A74950390C
:108CE000012002F0D1F8AFF29011A448503002F008
:108CF00059F92FE0FFE7A0483838C078012814D18F
:108D00009D48383890F8700178B101209A4928318F
:108D10000090D1E9020102460B46CDE902019749D4
:108D20005039002002F0B0F80EE0002092492831BE
:108D30000090D1E9020102460B46CDE902018F49BC
:108D40005039002002F0A0F8AFF2EC118B485030FF
:108D500002F028F988483838407900F0010070B3F3
:108D600085483838C078A0B98348383890F8700101
:108D700078B10120804938390090D1E918010246C4
:108D80000B46CDE902017D492839012002F07CF82B
:108D90000EE00020784938390090D1E918010246E8
:108DA0000B46CDE9020175492839012002F06CF823
:108DB000AFF2502171485A3002F0F4F82EE0FFE78C
:108DC0006D483838C078A0B96B48383890F87001D1
:108DD00078B10120684938390090D1E9180102467C
:108DE0000B46CDE9020165492839002002F04CF814
:108DF0000EE00020604938390090D1E918010246A0
:108E00000B46CDE902015D492839002002F03CF80B
:108E1000AFF2AC2159485A3002F0C4F856483838FD
:108E2000407900F0040060B353483838C078022815
:108E300013D15148383890F8700170B101204E4973
:108E400028310090D1E9040102460B46CDE9020128
:108E50004A49012002F018F80DE000204649283167
:108E60000090D1E9040102460B46CDE902014349D5
:108E7000012002F009F842A14048643002F092F863
:108E80002BE03D483838C078022813D13A483838AA
:108E900090F8700170B10120374928310090D1E974
:108EA000040102460B46CDE902013449012001F0DC
:108EB000EBFF0DE00020304928310090D1E904019A
:108EC00002460B46CDE902012C49012001F0DCFFEE
:108ED0002CA12A48643002F065F8274838384079D8
:108EE00000F0080058B324483838C078032814D15B
:108EF0002148383890F8700178B101201E49283196
:108F00000090D1E9060102460B46CDE902011B495A
:108F10002831012001F0B8FF0EE000201649283169
:108F20000090D1E9060102460B46CDE90201134942
:108F30002831012001F0A8FF16A101E044E004E07F
:108F40000E486E3002F02EF83DE00B483838C078FD
:108F5000032825D10848383890F8700100B3012063
:108F6000009005483838C16F806F02460B46CDE946
:108F70000201024928310FE0800000204E06002047
:108F80004B487A00487A00004475726174696F6ECC
:108F90000000000073000000002001F075FF0CE0ED
:108FA0000020F7490090D1E9060102460B46CDE9C1
:108FB0000201F449002001F067FFAFF26441F1487B
:108FC000463001F0EFFF46E1AFF2AC41EE4801F070
:108FD000E9FFAFF2AC41EC48103001F0E3FFAFF233
:108FE000B041E948203001F0DDFFAFF2B441E6487E
:108FF000303001F0D7FFAFF2AC41E348563001F01A
:10900000D1FFAFF27401E0486C3001F0CBFFAFF25A
:109010008001DD48823001F0C5FFDC48007801E0C6
:109020001AE117E118B1D9480078012812D1AFF23E
:10903000A001D548403001F0B5FFAFF2AC01D148F6
:10904000783801F0AFFFAFF2B801CE48283001F018
:10905000A9FF84E0AFF21851CB48403001F0A2FFE5
:10906000C7486038407900F0020078B3C4486038DF
:10907000C078012814D1C248603890F8700178B1E6
:109080000120BF4928310090D1E9020102460B4678
:10909000CDE90201BB497839012001F0F5FE0EE06F
:1090A0000020B74928310090D1E9020102460B4661
:1090B000CDE90201B3497839012001F0E5FEAFF2B4
:1090C0006851B048283001F06DFF2FE0FFE7AC4851
:1090D0006038C078012814D1A948603890F8700130
:1090E00078B10120A64928310090D1E90201024659
:1090F0000B46CDE90201A3497839002001F0C4FEF6
:109100000EE000209E4928310090D1E9020102467C
:109110000B46CDE902019B497839002001F0B4FEED
:10912000AFF2C4519748283001F03CFF98480168DD
:10913000436893482030D0E90442614083EA02004A
:1091400001430CD08E482030D0E90410904A1160C1
:10915000506016228E49891EE620F7F740FD8848A8
:109160006038407900F0010070B385486038C078FD
:10917000A0B98348603890F8700178B10120804927
:1091800020310090D1E9020102460B46CDE90201EF
:109190007C495039012001F077FE0EE0002000905C
:1091A00077482030C168806802460B46CDE902014D
:1091B00074495039012001F067FEAFF258617148DF
:1091C000323001F0EFFE2DE06D486038C078A0B974
:1091D0006B48603890F8700178B1012068492031FF
:1091E0000090D1E9020102460B46CDE90201654932
:1091F0005039002001F048FE0EE000206049203187
:109200000090D1E9020102460B46CDE902015D4919
:109210005039002001F038FEAFF2B46159483230C5
:1092200001F0C0FEAFF298215648283801F0BAFE8E
:10923000AFF2A42153483C3001F0B4FEAFF2B021AC
:10924000504801F0AFFEAFF2B8214E48463001F071
:10925000A9FE00E000BFFCE34EA14B485A3801F0E4
:10926000A1FE47486038807830B101286AD00228D2
:1092700069D0032868D1EDE3AFF25C71424801F098
:1092800091FEAFF25C714048103001F08BFEAFF2FE
:1092900060713D48203001F085FEAFF264713A48BC
:1092A000303001F07FFEAFF268713748403001F096
:1092B00079FEAFF268713448563001F073FEAFF2B8
:1092C000303131486C3001F06DFEAFF23C312E4848
:1092D000823001F067FE2A486038407900F00200D1
:1092E00078B327486038C078012814D12448603802
:1092F00090F8700178B10120214958310090D1E9EE
:10930000020102460B46CDE902011E4978390120CF
:1093100001F0BAFD0EE00020194958310090D1E962
:10932000020102460B46CDE90201164978390120B7
:1093300001F0AAFDAFF2E0711248283001F032FED0
:109340003FE002E0B7E023E2FEE30D486038C0787A
:10935000012823D10A48603890F87001F0B101204B
:10936000074958310090D1E9020102460B46CDE988
:10937000020104497839002001F086FD1BE000005D
:10938000A80000207606002066050020C00100200D
:109390004A03002043757272656E74000020F8491C
:1093A0000090D1E9020102460B46CDE90201F549E0
:1093B000002001F069FDAFF65801F248A03001F03D
:1093C000F1FDEF48B838407900F0100068B3EC4880
:1093D000B838C078A0B9EA48B83890F8700178B1C8
:1093E0000120E74908390090D1E9020102460B4605
:1093F000CDE90201E3492831012001F045FD0EE0ED
:109400000020DF4908390090D1E9020102460B46ED
:10941000CDE90201DB492831012001F035FDDAA157
:10942000D848AA3001F0BEFD2CE0D548B838C07845
:10943000A0B9D348B83890F8700178B10120D0496C
:1094400008390090D1E9020102460B46CDE902013C
:10945000CC492831002001F017FD0EE00020C8495A
:1094600008390090D1E9020102460B46CDE902011C
:10947000C4492831002001F007FDC4A1C148AA3029
:1094800001F090FDAFF2F841BE48503001F08AFD86
:10949000AFF20451BB48B43001F084FDAFF210517B
:1094A000B848783001F07EFDAFF21C51B548BE30AF
:1094B00001F078FD16E3AFF69811B248983801F044
:1094C00071FDAFF69C11AF48883801F06BFDAFF627
:1094D000A011AC48783801F065FDAFF6A411A94899
:1094E000683801F05FFDAFF6A811A648583801F0C2
:1094F00059FDAFF6A811A348423801F053FDAFF66D
:109500009411A0482C3801F04DFDAFF27C519D48DC
:10951000163801F047FD9A48B838407900F002004B
:1095200068B39748B838C078012813D19448B83840
:1095300090F8700170B1012000909148203041698D
:10954000006902460B46CDE902018E49012001F077
:109550009BFC0DE0002000908948203041690069A3
:1095600002460B46CDE902018649012001F08CFC40
:10957000AFF61C218348A03001F014FD2CE0804898
:10958000B838C078012813D17D48B83890F87001F8
:1095900070B101207A4928310090D1E902010246D8
:1095A0000B46CDE902017749002001F06DFC0DE08A
:1095B0000020734928310090D1E9020102460B4690
:1095C000CDE902016F49002001F05EFCAFF6702189
:1095D0006C48A03001F0E6FC6948B838407900F0EA
:1095E000100068B36648B838C078A0B96448B83885
:1095F00090F8700178B10120614920310090D1E9E3
:10960000020102460B46CDE902015E4928310120E4
:1096100001F03AFC0EE00020594920310090D1E9D8
:10962000020102460B46CDE90201564928310120CC
:1096300001F02AFC54A15348AA3001F0B3FC2CE0FD
:109640004F48B838C078A0B94D48B83890F8700184
:1096500078B1012000904A482030C16880680246F5
:109660000B46CDE9020147492831002001F00CFCEE
:109670000EE00020009042482030C1688068024619
:109680000B46CDE902013F492831002001F0FCFBE7
:109690003EA13C48AA3001F085FC3948B8384079F1
:1096A00000F0040078B33648B838C078022814D1E6
:1096B0003348B83890F8700178B10120304928312A
:1096C0000090D1E9040102460B46CDE902012D4983
:1096D0005031012001F0D8FB0EE00020284928314C
:1096E0000090D1E9040102460B46CDE9020125496B
:1096F0005031012001F0C8FBAFF27C712148B43039
:1097000001F050FC2FE0FFE71D48B838C078022870
:1097100014D11B48B83890F8700178B1012000903E
:1097200017482030C169806902460B46CDE9020125
:1097300014495031012001F0A7FB0EE000200090F9
:109740000F482030C169806902460B46CDE902010D
:109750000C495031012001F097FBAFF2D871094854
:10976000B43001F01FFCAFF2D8710648783001F038
:1097700019FCAFF2E4710348BE3001F013FCF2E2D1
:1097800000010020FE0500206D4100007E41000028
:10979000AFF67441FE4801F005FCAFF67441FC4899
:1097A000103001F0FFFBAFF67841F948203001F0AE
:1097B000F9FBAFF67C41F648303001F0F3FBAFF631
:1097C0008041F348403001F0EDFBAFF68041F048B6
:1097D000563001F0E7FBAFF66C41ED486C3001F01C
:1097E000E1FBAFF65C01EA48823001F0DBFBE948BF
:1097F000407900F0020058B3E648C078012812D141
:10980000E44890F8700170B10120E3490090D1E97B
:10981000020102460B46CDE90201DD4998310120E3
:1098200001F032FB0EE000200090DB48083841696F
:10983000006902460B46CDE90201D5499831012065
:1098400001F022FBAFF6F041D44801F0ABFB29E078
:10985000D048C078012812D1CE4890F8700170B17C
:109860000120CD490090D1E9020102460B46CDE925
:109870000201C7499831002001F006FB0DE00020ED
:10988000C5490090D1E9020102460B46CDE902012B
:10989000BF499831002001F0F7FAAFF63C51BF48BC
:1098A00001F080FBBB48407900F0100060B3B9487C
:1098B000C07898B9B74890F8700178B1012000904D
:1098C000B5480838C168806802460B46CDE90201F8
:1098D000B2497839012001F0D7FA0EE00020AE49F4
:1098E00008390090D1E9020102460B46CDE9020198
:1098F000AA497839012001F0C7FAAFF27411A748DC
:109900000A3001F04FFB2BE0A248C07898B9A1487B
:1099100090F8700178B101209F4908390090D1E991
:10992000020102460B46CDE902019C49783900202C
:1099300001F0AAFA0EE00020974908390090D1E919
:10994000020102460B46CDE9020194497839002014
:1099500001F09AFAAFF2CC1190480A3001F022FBE4
:109960008C48407900F0040068B38A48C078022827
:1099700013D1884890F8700178B101200090864892
:109980000838C169806902460B46CDE90201834966
:109990005039012001F078FA0EE0002000907E4856
:1099A0000838C169806902460B46CDE902017B494E
:1099B0005039012001F068FAAFF63C2177481430A5
:1099C00001F0F0FA2BE07348C078022813D17148F7
:1099D00090F8700178B1012000906F480838C16993
:1099E000806902460B46CDE902016C4950390120DD
:1099F00001F04AFA0DE0002067490090D1E9040126
:109A000002460B46CDE9020164495039012001F0BC
:109A10003BFAAFF690216148143001F0C3FA5D487B
:109A2000407900F0080078B35A48C078032815D16F
:109A3000584890F8700188B1012057490090D1E949
:109A4000060102460B46CDE902015449283901209E
:109A500001E089E147E001F017FA0EE000200090F4
:109A60004D480838416A006A02460B46CDE90201BA
:109A70004A492839012001F007FAAFF6E8214748A2
:109A80001E3001F08FFA2DE0FFE74248C07803282E
:109A900013D1404890F8700178B1012000903E4801
:109AA0000838416A006A02460B46CDE902013B498B
:109AB0002839002001F0E8F90EE000200090364837
:109AC0000838416A006A02460B46CDE90201334973
:109AD0002839002001F0D8F9AFF684712F481E30E4
:109AE00001F060FA3FE1AFF6C871294801F05AFA77
:109AF000AFF6CC712648103001F054FAAFF6D071B1
:109B00002348203001F04EFAAFF6D47120483030AF
:109B100001F048FAAFF6CC711D48563001F042FA18
:109B2000AFF694311A486C3001F03CFAAFF6A03130
:109B30001748823001F036FA1948007818B11848F1
:109B40000078012813D100E00CE1AFF6BC311048D9
:109B5000403001F027FAAFF6C8310D48983001F0D7
:109B600021FAAFF6D4310D4801F01CFA83E00D491B
:109B70000748403001F016FA0648407900F002002C
:109B8000B0B30448C07801281FD102480CE000009F
:109B90006605002048000020500100209E0600209D
:109BA000C0010020408B000890F8700168B10120CE
:109BB0006E490090D1E9020102460B46CDE902014F
:109BC0006B49012001F060F90CE00020674900902A
:109BD000D1E9020102460B46CDE9020164490120A8
:109BE00001F052F963A16248A03001F0DBF929E0ED
:109BF000FFE76148C078012812D15F4890F87001F2
:109C000070B1012000905948083841690069024646
:109C10000B46CDE902015649002001F035F90CE070
:109C2000002052490090D1E9020102460B46CDE9DD
:109C300002014F49002001F027F950A14C48A03003
:109C400001F0B0F94E480168426848480838D0E948
:109C50000434594082EA040001430CD043480838D8
:109C6000D0E90410464A11605060162244490A396E
:109C7000E620F6F7B4FF4048407900F0100060B3EA
:109C80003D48C07898B93C4890F8700178B10120FF
:109C9000364908390090D1E9020102460B46CDE968
:109CA000020133492831012001F0EEF80EE00020D6
:109CB00000902E480838C168806802460B46CDE9FE
:109CC00002012B492831012001F0DEF8AFF24851A2
:109CD0002748AA3001F066F92BE02748C07898B9E8
:109CE000254890F8700178B1012000901F4808388D
:109CF000C168806802460B46CDE902011C49283143
:109D0000002001F0C1F80EE000200090174808384C
:109D1000C168806802460B46CDE90201144928312A
:109D2000002001F0B1F8AFF29C511148AA3001F0C7
:109D300039F9AFF6A4510E48503001F033F9AFF6BF
:109D4000B0510B48B43001F02DF9AFF6BC510848C2
:109D5000783001F027F9AFF6C8510548BE3001F060
:109D600021F900E000BF00BF1FBD00007801002006
:109D7000FE0500206D730000480000207E73000087
:109D80005203002008B542F20410F8F71DFA4FF410
:109D9000AD40D6239E22002100909420F8F7D0FAFF
:109DA00008BD000000B585B0FE4890F8BA01012852
:109DB00003D10220FB4981F8BA01FA490F31F94871
:109DC000F6F752FA20B9F74890F8BA0102281BD1E9
:109DD00046F2C330F4490880002048800846408895
:109DE0000988F04A1823CDE90132CDE903102A2071
:109DF0009E23E522002100900620FBF7AFFAE949F7
:109E000001F10F00F6F73EFAE6492D31A1F10F00FE
:109E1000F6F72AFA20B9E34890F8BA01022827D1C8
:109E2000E2488078012804D14FF44840DE49088098
:109E300003E04FF4AD40DC4908800020DA49488057
:109E4000084640880988D74A1E321823CDE90132D6
:109E5000CDE903102A209E23E522A42100900720AB
:109E6000FBF77CFACF491E3101F10F00F6F70AFA31
:109E7000CC494B31A1F10F00F6F7F6F920B9C948EA
:109E800090F8BA0102281ED14FF2E760C649088057
:109E900000204880084640880988C24A3C3218237E
:109EA000CDE90132CDE903102A209E23E5224FF4AB
:109EB000A47100900820FBF751FABA493C3101F136
:109EC0000F00F6F7DFF9B7496231A1F10800F6F7A4
:109ED000CBF920B9B34890F8BA01022853D1B4485D
:109EE000807828BB4FF4AD40AF49088000204880FF
:109EF000084641880088AB4A5A321823CDE901321E
:109F0000CDE903013420882300221146009001206E
:109F1000FBF724FA4FF4AD40A349088008460088B7
:109F200034239322002100908920F8F709FA24E0D5
:109F30004AF655509C4908800020488008464088D1
:109F40000988984A5A321823CDE90132CDE9031025
:109F5000342088230022114600900120FBF7FEF9EF
:109F600042F2041090490880084600883423932266
:109F7000002100908920F8F7E3F98A495A3101F16C
:109F80000800F6F77FF987497231A1F10800F6F76A
:109F90006BF920B9834890F8BA01022854D184485B
:109FA0008078012825D14FF4AD407F4908800020FA
:109FB00048800846418800887A4A6A321823CDE9E9
:109FC0000132CDE90301342088233622002100909C
:109FD0000120FBF7C3F94FF4AD40734908800846F0
:109FE00000886A239322362100908920F8F7A8F987
:109FF00024E04AF655506C49088000204880084605
:10A0000040880988674A6A321823CDE90132CDE9D0
:10A010000310342088233622002100900120FBF712
:10A020009DF942F2041060490880084600886A23BE
:10A030009322362100908920F8F782F959496A3134
:10A0400001F10800F6F71EF956498231A1F1080026
:10A05000F6F70AF920B9534890F8BA01022854D10A
:10A0600053488078022825D14FF4AD404E490880EE
:10A07000002048800846408809884A4A7A321823D6
:10A08000CDE90132CDE90310342088236C22002170
:10A0900000900120FBF762F94FF4AD40424908807F
:10A0A00008460088A02393226C2100908920F8F7AD
:10A0B00047F924E04AF655503B4908800020488083
:10A0C000084640880988374A7A321823CDE9013298
:10A0D000CDE90310342088236C2200210090012058
:10A0E000FBF73CF942F204102F490880084600882B
:10A0F000A02393226C2100908920F8F721F92949A7
:10A100007A3101F10800F6F7BDF826499231A1F144
:10A110000800F6F7A9F820B9224890F8BA010228F9
:10A120005CD123488078032825D14FF4AD401E49E7
:10A13000088000204880084641880088194A8A32F1
:10A140001823CDE90132CDE9030134208823A2226E
:10A15000002100900120FBF701F94FF4AD401249B6
:10A16000088008460088D6239322A22100908920E7
:10A17000F8F7E6F82DE04AF655500B490880002024
:10A180004880084640880988064A8A321823CDE963
:10A190000132CDE9031034208823A222002100904F
:10A1A000012007E00C050020C402002084020020EA
:10A1B00048000020FBF7D2F842F20410FB49088067
:10A1C00008460088D6239322A22100908920F8F720
:10A1D000B7F8F74901F10800F6F754F8F4491B31D4
:10A1E000A1F10B00F6F740F828B9F1488A3890F849
:10A1F000BA0102282AD1EF48C078012806D04AF6D1
:10A200005550EA4908800020488006E044F22820A2
:10A21000E64908804AF251604880E4484088E349B2
:10A220000988E34A10321023CDE90132CDE9031049
:10A2300034206F2336229E2100900220FBF78EF8F7
:10A24000DB49103101F10B00F6F71CF8D849313128
:10A25000A1F10B00F6F708F828B9D5488A3890F82C
:10A26000BA01022828D1D348C07830B14AF65550F7
:10A27000CE4908800020488006E044F22820CB49DF
:10A2800008804AF251604880C84841880088C84A1E
:10A2900026321023CDE90132CDE9030134206F23AA
:10A2A00000229E2100900220FBF758F8C049263179
:10A2B00001F10B00F5F7E6FFBD494731A1F10B00B5
:10A2C000F5F7D2FF28B9BA488A3890F8BA010228BF
:10A2D0002AD1B848C078022806D04AF65550B3496A
:10A2E00008800020488006E044F22820AF4908801A
:10A2F0004AF251604880AD484088AC490988AC4A70
:10A300003C321023CDE90132CDE9031034206F2314
:10A310006C229E2100900220FBF720F8A4493C31DA
:10A3200001F10B00F5F7AEFFA1495D31A1F10B0082
:10A33000F5F79AFF28B99E488A3890F8BA010228A2
:10A3400029D19C48C078032806D04AF65550974931
:10A3500008800020488006E044F2282093490880C5
:10A360004AF251604880914841880088904A5232B0
:10A370001023CDE90132CDE9030134206F23A2225D
:10A380009E2100900220FAF7E9FF8949523101F13C
:10A390000B00F5F777FF86497C31A1F11400F5F742
:10A3A00063FF28B982488A3890F8BA0102283DD163
:10A3B0008048C078012819D04AF655507B4908805A
:10A3C00000204880084640880988794A683210236E
:10A3D000CDE90132CDE903103420812336224FF438
:10A3E000877100900320FAF7B9FF19E042F20410D8
:10A3F0006E4908804AF251604880084641880088CA
:10A400006B4A68321023CDE90132CDE903013420D3
:10A41000812336224FF4877100900420FAF79EFFC3
:10A420006349683101F11400F5F72CFF6049A4314C
:10A43000A1F11400F5F718FF28B95D488A3890F8A3
:10A44000BA0102283CD15B48C078C8B14AF65550E1
:10A450005649088000204880084640880988544AA8
:10A4600090321023CDE90132CDE90310342081234D
:10A4700000224FF4877100900320FAF76FFF19E074
:10A4800042F20410494908804AF251604880084667
:10A4900041880088464A90321023CDE90132CDE947
:10A4A00003013420812300224FF48771009004209F
:10A4B000FAF754FF3E49903101F11400F5F7E2FE3E
:10A4C0003B49CC31A1F11400F5F7CEFE28B938484C
:10A4D0008A3890F8BA0102283DD13648C07802285F
:10A4E00019D04AF655503149088000204880084666
:10A4F000418800882E4AB8321023CDE90132CDE9D7
:10A500000301342081236C224FF4877100900320D3
:10A51000FAF724FF19E042F20410244908804AF2B5
:10A5200051604880084640880988214AB832102383
:10A53000CDE90132CDE90310342081236C224FF4A0
:10A54000877100900420FAF709FF1949B83101F129
:10A550001400F5F797FE1649F431A1F11400F5F750
:10A5600083FE28B912488A3890F8BA01022841D1EE
:10A570001048C07803281FD04AF655500B49088070
:10A5800000204880084640880988094AE0321023A4
:10A59000CDE90132CDE9031034208123A2224FF40A
:10A5A000877100900320FAF7D9FE1EE0C402002054
:10A5B000960500204800002042F204107D490880E2
:10A5C0004AF2516048800846418800887A4A102340
:10A5D000CDE90132CDE9030134208123A2224FF4D9
:10A5E000877100900420FAF7B9FE734901F1140055
:10A5F000F5F748FE70492D31481FF5F735FE20B9B3
:10A600006E4890F8BA01022829D16D48C078012817
:10A6100006D04AF65550674908800020488006E079
:10A6200044F22820634908804AF25160488061481A
:10A6300041880088604A28321023CDE90132CDE9F3
:10A64000030134204E2336224FF4C87100900520B8
:10A65000FAF784FE58492831481DF5F713FE56498C
:10A660003731481FF5F700FE20B9544890F8BA0179
:10A67000022829D15248C07830B14AF655504D4988
:10A6800008800020488006E044F2282049490880DC
:10A690004AF2516048804748408846490988464AFE
:10A6A00032321023CDE90132CDE9031034204E239C
:10A6B00000224FF4C87100900520FAF74FFE3E4982
:10A6C0003231481DF5F7DEFD3B494131481FF5F7B2
:10A6D000CBFD20B9394890F8BA01022829D1384871
:10A6E000C078022806D04AF655503249088000202A
:10A6F000488006E044F228202E4908804AF2516042
:10A7000048802C48418800882B4A3C321023CDE9F0
:10A710000132CDE9030134204E236C224FF4C8717D
:10A7200000900520FAF71AFE23493C31481DF5F741
:10A73000A9FD21494B31481FF5F796FD20B91F4867
:10A7400090F8BA01022829D11D48C078032806D004
:10A750004AF65550174908800020488006E044F228
:10A760002820144908804AF25160488011484188E5
:10A770000088114A46321023CDE90132CDE90301A8
:10A7800034204E23A2224FF4C87100900520FAF71E
:10A79000E5FD09494631481DF5F774FD074890F875
:10A7A000BA01022803D10020044981F8BA0105B09A
:10A7B00000BD0000C4020020760600200C05002029
:10A7C000480000201FB50446FDF740FDFFF7EAFAF8
:10A7D0002D48007828B96420F8F7D0F801202A49DC
:10A7E0000870012C4ED142F20410C1234FF4D772ED
:10A7F00034210090C820F7F7A3FD4FF4AD4042F29A
:10A80000041122A21823CDE90032CDE90210B023B1
:10A810004FF4B47242214FF48770F8F741FB4FF4C4
:10A82000AD4042F204111BA21023CDE90032CDE964
:10A830000210BE234FF4D7726E21DC20F8F730FBF4
:10A840004FF4AD4042F2041118A21023CDE90032BA
:10A85000CDE90210BE234FF4D7728A21DC20F8F72D
:10A860001FFB4FF4AD4042F2041115A21023CDE9B5
:10A870000032CDE90210BE234FF4D772A621DC20AE
:10A88000F8F70EFB1FBD0000C80200205761726E72
:10A89000696E670045786365656420746865207338
:10A8A0006166652076616C7565000000436F6E74AB
:10A8B000696E75653A50726573732052554E00008B
:10A8C00043616E63656C3A507265737320504155F5
:10A8D0005345000010B50446F5F763FC86488078C0
:10A8E00030B1012842D002287ED004287DD1BBE0BF
:10A8F000012C18D181494868FBF74CFA30B98048DF
:10A90000007840F002007E4908702EE07C48007814
:10A9100020F002007A49087008468078012824D087
:10A92000FBF754F921E0022C1FD17348407801282D
:10A9300005D17148006971494968086005E06E48B1
:10A94000D0F8B8006D49496808606C4840680068F4
:10A9500058B96B48007820F0020069490870084631
:10A960008078012801D0FBF731F990E0012C18D153
:10A9700062494868FBF764F930B96148007840F0F3
:10A9800002005F4908702EE05D48007820F0020068
:10A990005B49087008468078012824D0FBF716F937
:10A9A00021E0022C1FD154484078012805D152489B
:10A9B000806B52494968086005E04F48D0F8E000D4
:10A9C0004E49496808604D484068006858B94C488D
:10A9D000007820F002004A49087008468078012873
:10A9E00001D0FBF7F3F852E000E04FE0012C18D162
:10A9F00042494868FBF7E8FB30B94148007840F02D
:10AA000002003F4908702EE03D48007820F0020027
:10AA10003B49087008468078012824D0FBF7D6F817
:10AA200021E0022C1FD134484078012805D132485A
:10AA3000006E32494968086005E02F48D0F80801E7
:10AA40002E49496808602D484068006858B92C486C
:10AA5000007820F002002A49087008468078012812
:10AA600001D0FBF7B3F812E02648407806280AD256
:10AA7000DFE800F003040506070805E004E003E052
:10AA800002E001E000E000BF00BF00E000BF00BF47
:10AA9000012C2DD119484068C0681B49498901EB38
:10AAA000810100EB4100808818494968086013481B
:10AAB0004068C0681449498901EB810100EB4100FD
:10AAC000C0881349496808800C484068C0680E492E
:10AAD000498901EB810100EB410000890D4949687A
:10AAE000086000200849488100210748C1600161D1
:10AAF000F5F759FB10BD000048000020A00200201F
:10AB000084020020A02A00203C040020240200200F
:10AB1000440200206402002010B5064CD4E9001065
:10AB2000884202D14FF6FF7010BD4FF47A7000F0EA
:10AB300003F8F9E73042002010B502460B491346EE
:10AB400006E0581E80B2031E02D14FF6FF7010BD02
:10AB5000D1E90040A042F4D00C794868401C04F0D0
:10AB60003F04486001F10800005DF0E7304200203A
:10AB700070B51B4C40F225511A4800F05DF8F0B159
:10AB800040F22551174800F03CF8164800F00EF945
:10AB9000C5B2D4E90001401A402808D2207800F05C
:10ABA0003F0104F1080045542068401C20602078D3
:10ABB0002179401A00F03F000B4908800FE040F275
:10ABC0002441084800F038F848B106480088C6B269
:10ABD0000448001D0088C6B201200449087070BDF9
:10ABE00030420020001401401A0300201803002006
:10ABF00001F40072B2F5007F00D100BFCA430280A9
:10AC0000704710B50022002340F66A14A14200D11B
:10AC100000BF0A1201249440A3B2DC43048010BD9B
:10AC200021B1828942F40052828104E082894DF68A
:10AC3000FF731A408281704770B5024600240023DA
:10AC40000025002040F66A16B14200D100BFC1F3D2
:10AC5000421501F01F03012606FA03F3012D02D16C
:10AC60009689334006E0022D02D1168A334001E076
:10AC7000968A33400C12012606FA04F416883440F2
:10AC800013B10CB1012000E0002070BDF0B5034607
:10AC9000002400260025002040F66A17B94200D1A2
:10ACA00000BF1846C1F3421401F01F06012707FA3E
:10ACB00006F5012C01D10C3004E0022C01D110303A
:10ACC00000E014301AB107682F43076002E00768FC
:10ACD000AF430760F0BD00002DE9FF4705460E4673
:10ACE0000024A14600BFA046B08900B100BF2C8A55
:10ACF00024F44054F08804432C82AC8941F20C6067
:10AD00008443B08831890843718908430443AC8186
:10AD1000AC8A24F44074B0890443AC826846FBF7E3
:10AD2000B5FB2048854202D01F48854202D1DDF89C
:10AD30000C9001E0DDF80890A88900F4004040B1D3
:10AD400009EBC90000EB091031684900B0FBF1F7CD
:10AD500007E009EBC90000EB091031688900B0FB7E
:10AD6000F1F76420B7FBF0F004012009642101FB36
:10AD70001078A88900F4004040B1322000EBC800F0
:10AD8000B0FBF1F000F00700044308E0322000EBD4
:10AD900008106421B0FBF1F000F00F0004432C8197
:10ADA000BDE8FF870010014000140140014688887B
:10ADB000C0F30800704700BFFEE7000010B588B080
:10ADC000044601214020FBF7F7FA01212020FBF780
:10ADD00033FB082209212A48F6F7F2FA08220E214D
:10ADE0002748F6F7EDFA4FF48440069002208DF8DC
:10ADF0001C0003208DF81D0000208DF81E0001208E
:10AE00008DF81F0006A91E48F6F792FA029400205A
:10AE1000ADF80C00ADF80E00ADF81000ADF8140060
:10AE20000C20ADF8120002A91648FFF755FF40218B
:10AE30001448FFF7DDFE10211248FFF7D9FE01226A
:10AE400040F225510F48FFF721FF012240F2244133
:10AE50000C48FFF71BFF47208DF8040002208DF8F7
:10AE6000050003208DF8060001208DF8070001A8D9
:10AE7000FAF716F901210348FFF7D2FE08B010BD1A
:10AE800000180240001401402DE9FC4106460F461F
:10AE900014461D46DDF82080C6B3B8F1000F2AD055
:10AEA0002A48C0684FF47A71B0FBF1F201FB12003E
:10AEB000C82804D226A1384600F074F843E00A21DD
:10AEC000244890F8720122462B46CDE9000139460C
:10AED000304601F0C5FA1F4890F87001012832D1C0
:10AEE0000A20042122462B46CDE90010394630467F
:10AEF00001F0B6FA27E00A20042122462B46CDE9CC
:10AF000000103946304601F0ABFA1CE0FFE7B8F11B
:10AF1000000F0ED00D48C0684FF47A71B0FBF1F20B
:10AF200001FB1200C82804D209A1384600F03AF803
:10AF300009E00A20002122462B46CDE900103946BF
:10AF4000304601F08DFABDE8FC810000C806002003
:10AF5000000000004800002010B5F6F71BFD10BDF2
:10AF600070B505460C4645F25550F6F727FD2846C4
:10AF7000F6F718FDA0B2F6F71BFDF6F70BFDF6F796
:10AF800001FD70BD0FB4054B10B503A9044A02982A
:10AF900000F030F910BC5DF814FB0000DDBA0008C9
:10AFA0001C0300200FB4084B10B504A902AA039893
:10AFB00000F020F9044602A9002000F09EFC204683
:10AFC00010BC5DF814FB0000FBB8000800B52DEDC7
:10AFD000048BB0EE409AF0EE609A83B051EC190BFE
:10AFE000F5F75FFC41EC180B18EE100A18EE901AFA
:10AFF0008DED008B002818BF0120084320F0004091
:10B00000C0F17F6000F1E040C00F14D019EE101ABB
:10B0100019EE900A8DED009B002918BF012108430D
:10B0200020F00040C0F17F6000F1E040C00F04BF9D
:10B03000012000F017F8B0EE480A03B0F0EE680AFD
:10B04000BDEC048B00BD02E008C8121F08C1002A35
:10B05000FAD170477047002001E001C1121F002A99
:10B06000FBD170470149086070470000440300208D
:10B070002DE9FF5F82B00021DDE90430020DDDF82B
:10B0800040B0034318D044F61050A2F2FF324243BE
:10B090001514119801281FD0A5EB0B00401C5FEA86
:10B0A000000A4FF000064E4FDFF83891B046504688
:10B0B00015D5CAF1000413E0119801244AA3012810
:10B0C00001D16FEA0B010298119AC0E90031C0E981
:10B0D000024206B0BDE8F09FCBF10000DFE7044676
:10B0E0000021404A491842EB0450CDE9001012E01B
:10B0F000E00707D032463B4640464946F5F781F91E
:10B100008046894632463B4610461946F5F779F99E
:10B1100006460F466410002CEAD1DDE90401DDE9A2
:10B120000023BAF1000F06DAF5F76BF942464B46F9
:10B13000F5F767F905E0F5F7D6F942464B46F5F71E
:10B14000D2F904460E460022284BF5F713FC03D82B
:10B150004FF0FF30014607E00022254B20463146E4
:10B16000F5F7A8F8F5F7EEFB102409E0002C0ADB50
:10B170000A220023F5F72EF8039B30321A55641E7D
:10B1800050EA0102F2D1641C039AC4F11103144481
:10B19000119A012A03D0012208430DD10AE0084385
:10B1A00004D000204FF0110B119072E7A3EB0B05B8
:10B1B0006D1E0DE05B4504DD4FF0000205F1010559
:10B1C00004E003DA4FF00002A5F10105002AECD0FB
:10B1D00002981199C0E90231C0E9004579E7000001
:10B1E000000014400000F03F300000000000F04379
:10B1F0000000E03F2DE9FF4F95B09A46884606468D
:10B200000025EEE1252877D100242746F94A0121BF
:10B21000039400E0044316F8013F203B01FA03F0D9
:10B220001042F7D130782A2811D06FF02F033078F0
:10B23000A0F13002092A16D8039A44F0020402EB66
:10B24000820203EB42021044761C0390EFE758F8A9
:10B25000042B0392002A03DA504244F40054039072
:10B2600044F00204761C30782E2816D116F8010F0F
:10B2700044F004042A280DD06FF02F023078A0F19A
:10B280003003092B09D807EB870302EB4303C718E8
:10B29000761CF3E758F8047B761C30786C280FD0C6
:10B2A00006DC4C2817D068280DD06A2814D104E099
:10B2B000742810D07A280FD10DE044F400140AE06D
:10B2C00044F4801401E044F440147278824202D1C4
:10B2D00004F58014761C761C307866280BD013DCBD
:10B2E000582877D009DC002875D04528F6D04628A4
:10B2F000F4D047281AD193E118E0632835D06428A8
:10B3000079D0652812D18BE1702873D008DC6728CA
:10B31000F1D069286FD06E280DD06F2806D1ACE02F
:10B3200073282CD0752874D0782853D0524617999A
:10B3300090476D1C54E1C4F30250022809D0032841
:10B340000DD0D8F8001004280DD00D6008F10408C5
:10B3500046E1D8F80010EA17C1E90052F6E7D8F83C
:10B3600000100D80F2E70D70F0E718F8041B8DF85F
:10B37000001000208DF80100EB46012003E058F892
:10B3800004BB4FF0FF3061074FF0000102D40DE025
:10B3900009F101018946B9420FDA8145F8DB1BF852
:10B3A00009100029F4D108E009F101018946814220
:10B3B000FADB1BF809100029F6D103985346A0EBDD
:10B3C000090721463846179A00F080FA284400EB16
:10B3D000090507E044E008E10DE01BF8010B5246C7
:10B3E00017999047B9F10109F7D2534621463846DB
:10B3F000179AF2E039E00A21C4F302524FF0000B31
:10B400000091022A06D058F8040BC117032A09D06C
:10B410000AE023E008F1070020F00702F2E8020149
:10B42000904605E000B2C117042A01D140B2C1170D
:10B43000002906DA0A460021404261EB02012D2272
:10B4400002E0220504D52B228DF80420012203E01E
:10B45000E20701D02022F7E7914657E00A2100E0F9
:10B4600010214FF0000B00910BE010214FF0000B6A
:10B4700044F004040827009103E008204FF0000B7B
:10B480000090C4F30252022A05D058F8040B0021A0
:10B49000032A08D008E008F1070020F00702F2E8CC
:10B4A0000201904603E080B2042A00D1C0B24FF0FE
:10B4B000000922072AD53278702A07D0DDF800C0AB
:10B4C0008CF0100C5CEA0B0C05D00EE040228DF8DD
:10B4D0000420012208E050EA010306D030238DF851
:10B4E00004308DF8052002229146009B83F008036A
:10B4F00053EA0B030AD150EA010201D1620705D5D4
:10B5000030228DF804204FF001097F1E3278582A2E
:10B5100004D039A20C920CAA02920BE03BA2F9E7EC
:10B520005B46009AF4F756FE0C9B9B5C029A521EF7
:10B530000292137050EA0102F2D1029804A9081A8B
:10B5400000F1200B600702D524F4803400E00127CD
:10B550005F4502DDA7EB0B0000E0002000EB0B01D4
:10B56000009003984944401A0390E00306D45346E0
:10B570002146179A039800F0A9F90544002706E030
:10B5800001A85246C05D179990476D1C7F1C4F451E
:10B59000F6DBE0030CD553462146179A039800F0DA
:10B5A00095F9054404E030205246179990476D1CE8
:10B5B0000099481E00900029F5DC08E002980299E5
:10B5C00052460078491C0291179990476D1CBBF1B7
:10B5D0000001ABF1010BF1DC5BE100F065F9054422
:10B5E000761C307800287FF40DAE19B02846BDE8EF
:10B5F000F08F0000092801003031323334353637FE
:10B6000038396162636465660000000030313233AE
:10B61000343536373839414243444546000000004E
:10B62000600700D4062708F1070020F00700F0E8C3
:10B630000223804603F0004C5FEA0C0001D097A083
:10B6400009E0200501D596A005E0E00701D095A00E
:10B6500001E0AFF24C001390307823F000436528EE
:10B660000CD006DC452809D046281DD047287FD1BC
:10B670003BE0662818D067287AD136E00021112FE8
:10B6800001DB112000E0781CCDE9000104A90CA821
:10B69000FFF7EEFCDDE90D010C9A4FF0000B07F10E
:10B6A0000109109200914EE04FF000400097CDE963
:10B6B000011004A90CA8FFF7DBFCDDE90D020C9BCF
:10B6C0000F994FF0000B91461093009211B9791C1D
:10B6D00000EB0109B7EB090003D4C0F1FF3B07F110
:10B6E0000109A9EB0700019042E0012F00DA0127D0
:10B6F0000021112F01DD112000E03846CDE90001C5
:10B7000004A90CA8FFF7B4FCDDE90D010C9A009127
:10B710004FF0000BB946109221070FD4009A4A450A
:10B7200003DA914601E0A9F10109B9F1010F05DD44
:10B73000109AA9F10101515C3029F4D0B84202DA23
:10B7400010F1040F03DA0121CDE9011010E0002807
:10B7500003DC8344A9EB000102E0411C494500DD04
:10B760008946A0EB0B00401C01904FF00040029076
:10B77000200705D40198484502DB4FF0FF300190C7
:10B7800000208DF84B0002980DF14B07B0F1004FEF
:10B7900025D002200C902B200D90029800280CDA66
:10B7A000404202902D200D9007E00A210298F4F704
:10B7B0009DFF3031029007F8011D0C99481E0C9036
:10B7C0000029F2DC02980028EFD1791E0D9808704C
:10B7D000307800F0200040F0450007F8020D11A875
:10B7E000C01BC01D02901398007800B1012000EB2F
:10B7F0000901019801EBE071029801440398401A95
:10B80000401E0390E00306D453462146179A03983E
:10B8100000F05CF805441398007818B15246179967
:10B8200090476D1CE00323D553462146179A039891
:10B8300000F04CF805441BE0BBF1000F07DB00985B
:10B84000584504DD1098179910F80B0001E017997E
:10B8500030205246904701980BF1010B401E05F134
:10B860000105019004D12E205246179990476D1C76
:10B87000B9F10001A9F10109DEDC05E017F8010BBF
:10B880005246179990476D1C0299481E0290002954
:10B89000F4DC53462146179A03989EE62D000000DB
:10B8A0002B000000200000002DE9F0410446002597
:10B8B0001E461746880404D405E039462020B047C8
:10B8C0006D1C641EF9D52846BDE8F0812DE9F041D4
:10B8D000044600251E469046C80301D5302700E0E7
:10B8E0002027880404D505E041463846B0476D1C42
:10B8F000641EF9D52846BDE8F0810A68531C0B6028
:10B900001070704770B5054605EB8500304901EBB6
:10B9100040042846F6F7C0FAA8423ED12078052810
:10B9200002DA0520207052E020780A2803DA207815
:10B93000401C20704BE0A07938B90120A07105EBC4
:10B940004501491CC8B200F0A1F8A08800283EDDDE
:10B950006088A18888420DDA6088401C80B26080CF
:10B96000A188884233D105EB4501C91CC8B200F05B
:10B970008DF82CE0E079002829DD207A401CC0B247
:10B980002072E179884222DB0020207205EB45011C
:10B99000491CC8B200F07AF819E02078052802DDC9
:10B9A0000520207010E0207818B12078401E20700B
:10B9B0000AE0A079012807D10020A07105EB45011C
:10B9C000891CC8B200F062F800206080207270BD4F
:10B9D000E40600200E4890F832000D4A92F8332019
:10B9E000904201D100207047094890F83200084A7F
:10B9F000115C104690F83200401CC0B282F8320050
:10BA0000322802DB002082F832000846EBE7000013
:10BA10004C08002000200021144A82F8321082F8DD
:10BA2000331082F8341000BF1DE0642100EB800267
:10BA30000F4B03EB42029180052100EB800203F8DB
:10BA40001210002100EB800203EB4202917100EB27
:10BA5000800203EB4202D17100EB800203EB420251
:10BA60001172411CC8B22428DFDB70474C0800204B
:10BA7000E406002010B5002404E02046FFF742FF52
:10BA8000601CC4B2242CF8DB10BD0000084991F8FA
:10BA90003310074A5054114691F83310491CC9B26B
:10BAA00082F83310322902DB002182F8331070470C
:10BAB0004C0800204FF0E02252694FF47A73B2FB39
:10BAC000F3F250434FF0E022916900BF4FF0E022C3
:10BAD00092698A1A8242F9D37047000000BF054A72
:10BAE000128802F04002002AF9D0C2B2014B1B1D9D
:10BAF0001A8070470014014010B586B0044600203B
:10BB00000390049005900090019002901248006804
:10BB1000C0F30B00039011A00399FFF733FA144808
:10BB200050F8240000680390114850F82400406841
:10BB300004900F4850F82400806805900DA00099EB
:10BB4000FFF720FA10A00199FFF71CFA13A0029941
:10BB5000FFF718FA06B010BD002004E04D43552051
:10BB600069645B305D3A307825780D0A000000008A
:10BB7000140000204D4355206964315B305D3A303C
:10BB80007825780D0A0000004D4355206964315B2B
:10BB9000315D3A307825780D0A0000004D4355207C
:10BBA0006964315B325D3A307825780D0A00000017
:10BBB00000B52DED048B85B001A8FAF767FC02985B
:10BBC000F4F71FFD41EC190B9FED230B53EC102BE9
:10BBD000F4F789FC41EC180B53EC182B20A0FFF76D
:10BBE000D1F90398F4F70DFD41EC190B9FED1A0BF9
:10BBF00053EC102BF4F777FC41EC180B53EC182B9B
:10BC00001EA0FFF7BFF90498F4F7FBFC41EC190BF9
:10BC10009FED110B53EC102BF4F765FC41EC180B66
:10BC200053EC182B1CA0FFF7ADF90198F4F7E9FCD1
:10BC300041EC190B9FED080B53EC102BF4F753FC60
:10BC400041EC180B53EC182B1AA0FFF79BF905B029
:10BC5000BDEC048B00BD00000000000080842E417C
:10BC600048434C4B5F4672657175656E63793A2542
:10BC70002E33664D487A0D0A0000000050434C4BAD
:10BC8000315F4672657175656E63793A252E33664C
:10BC90004D487A0D0A00000050434C4B325F46720B
:10BCA000657175656E63793A252E33664D487A0D58
:10BCB0000A000000535953434C4B5F46726571753F
:10BCC000656E63793A252E33664D487A0D0A000079
:10BCD00010B5122204494FF40070F4F745FF0249F1
:10BCE00002A0FFF74FF910BDF0010020446576690E
:10BCF00063655F534E3A25730D0A000070B500244A
:10BD000000250026FFF766FE04468CB1601E032165
:10BD100090FBF1F0C5B2601E90FBF1F201FB120046
:10BD2000C6B21EB9242D01DA284670BD0020FCE7FA
:10BD30000020FAE710B52DED048B9FED0C0AB0EE54
:10BD4000408A9020F5F764FBB0EE408A18EE100AA6
:10BD5000F4F79DFC41EC190B53EC192B04A0FFF7F1
:10BD600011F9B0EE480ABDEC048B10BD00000000D4
:10BD70006765745F74656D703A25302E32660D0A02
:10BD80000000000010B580200949088000F012F87A
:10BD900040200749891E088000F00CF84020044923
:10BDA000088000F007F880200149891E088010BD36
:10BDB0001A140240002001E0411C88B22628FBDB57
:10BDC000704700001CB501212020FAF7F5FA012187
:10BDD0002020FAF7F1FA4020009001208DF80400AD
:10BDE0008DF8060003208DF8050001208DF807006E
:10BDF00069460B48F5F79CFA8020009001208DF8E9
:10BE000004008DF8060003208DF8050001208DF850
:10BE1000070069460248F5F78BFA00F07DF81CBD73
:10BE20000014024010B5802007490880FFF7C2FFC8
:10BE3000402005490880FFF7BDFF40200249891CCA
:10BE40000880FFF7B7FF10BD1814024070B5002539
:10BE5000002400BF16E040200C490880FFF7AAFF2D
:10BE60006006040E09480838006800F0800008B138
:10BE7000601CC4B240200549891C0880FFF79AFF66
:10BE8000681CC5B2082DE6DB204670BD18140240C0
:10BE900070B5044640201349088000251BE004F0DB
:10BEA000800020B180200F49891E088002E0802098
:10BEB0000C4908806006040EFFF77CFF402009490A
:10BEC000891E0880FFF776FF402006490880FFF7AB
:10BED00071FF681CC5B2082DE1DB80200149891E75
:10BEE000088070BD1A14024010B5802009490880EE
:10BEF00040200880FFF75EFF80200649891C0880EB
:10BF0000FFF758FF40200349891C0880FFF752FFC4
:10BF100010BD00001814024010B5802005490880AB
:10BF20004020891E0880FFF745FF80200149891EB7
:10BF3000088010BD1A14024070B50024002580202E
:10BF40000C490880FFF736FF40200A490880FFF7B8
:10BF500031FF08480838006800F0800008B101246B
:10BF600000E0002440200349891C0880FFF722FFDD
:10BF7000204670BD181402402DED028B92B09FED4B
:10BF8000680AB0EE408AF5F71FFDFEF7E5FF9FED6A
:10BF9000650AFCF737F84FF4C870F4F721FFFEF795
:10BFA000DBFFBBE06048006830BBFFF7C3FEB0EECC
:10BFB000408A9FED5E0AB4EEC08AF1EE10FA04DD0D
:10BFC0009FED5B0AFCF71EF827E09FED5A0AB4EEDE
:10BFD000C08AF1EE10FA04DD9FED570AFCF712F863
:10BFE0001BE09FED560AB4EEC08AF1EE10FA04DDB4
:10BFF0009FED4C0AFCF706F80FE09FED510AB4EEF6
:10C00000C08AF1EE10FA04DD9FED4E0AFBF7FAFF4D
:10C0100003E09FED4B0AFBF7F5FFF7F7E3F8FEF7B8
:10C020009BFFF8F7AFFDFEF797FF4748007830B168
:10C03000002045490870FEF7C5FBFEF78DFFF7F7B6
:10C0400005F8FEF789FF41480078002864D0404891
:10C0500000881C2860D100240025402102A8F4F7A4
:10C06000F1F83CA000680190FF22402102A8F4F7FB
:10C07000E2F800BF05E0FEF74FFD02A90855601C7D
:10C0800084B2334800888442F5DB31480088801E42
:10C09000C1B202A8F4F726FE05462D480088801E8E
:10C0A00002A9095C2A480088401E02AA105C41EAE5
:10C0B0000020A84211D026480088401E02A9085C32
:10C0C0009DF8041088421BD121480088801E02A9D7
:10C0D000085C9DF80510884212D1082202A91E486A
:10C0E000F4F7D9F860B904AB02AA194801881BA07B
:10C0F000FEF748FF122204A94FF40070F4F76FFD19
:10C1000000201249087012490880122221494FF478
:10C110000070F4F729FD00BFFEF71EFF42E70000A4
:10C12000000000000000A042040000200000704257
:10C130000000C84200005C420000B44200004842D7
:10C140000000344200008C42100000201803002040
:10C150001A03002041410000E8CA000855736172CB
:10C160007436466C61673D312C5573617274365F6D
:10C1700072785F6C656E3A25642C756172745F62CB
:10C1800075663A252D3238732C534E3A252D3138A9
:10C19000730D0A00F00100202DE9F04104460E461F
:10C1A0001548005D38B9144818380168204688479A
:10C1B0000120BDE8F081114850F82400B04219D99F
:10C1C0000F4850F82400B6FBF0F10B48083850F83F
:10C1D000240030F81120002508E000230648083824
:10C1E00050F824004F1920F817306D1C9542F4DBED
:10C1F0000020DEE70220DCE70003002000CB00087F
:10C20000F8CA00082DE9F04704460F460025A94664
:10C210002348005D20B92248183801682046884725
:10C220001FB94FF0FF30BDE8F0871E4850F82400DA
:10C23000B7FBF0F61B4850F82400B7FBF0F100FB09
:10C24000117000B1761C184850F82400451E22E0F9
:10C250001348083850F8240030F8150010B909F1D7
:10C26000010901E04FF00009B14513D14FF000087A
:10C2700009E00B48083850F8240005EB080220F8C4
:10C28000126008F10108B045F3D3064850F82400C5
:10C290006843C8E76D1E002DDADA4FF0FF30C2E7C1
:10C2A00000030020F8CA0008F0CA000810B50146D3
:10C2B0000023002207E00B4850F8210030F812005C
:10C2C00000B15B1C521C084850F821009042F2D883
:10C2D00064205843044C54F82140B0FBF4F0C0B241
:10C2E00010BD0000F8020020F0CA000870B5054635
:10C2F0000C4604B970BD054850F82500261A314691
:10C300002846FFF749FF00BFF4E70000F0020020D5
:10C3100070B504460E4631462046FFF773FF0546CA
:10C32000681C08B9002070BD024850F82400284459
:10C33000F9E70000F002002030B5034601E003F801
:10C34000011B141EA2F10102F9D130BD10B53F4806
:10C35000C07801283CD13E48007818B13C480078AC
:10C3600001281BD13B48D0E9043042F210729A1ADE
:10C3700070F1000005D242F2107200213548C0E988
:10C3800004213449D1E90401304AD2F85421083259
:10C390002E4BDB7802EBC30203C219E02D48D0E933
:10C3A000042044F62063D21A70F1000004D21A4629
:10C3B00000212848C0E904212649D1E90401234A83
:10C3C000D2F854210832214BDB7802EBC30203C2BE
:10C3D0001E48C078022819D11E491F4AD1E90440DD
:10C3E000A21A70F1000004D21B4A00211948C0E9CA
:10C3F00004211848D0E904211448D0F85401083029
:10C40000124BDB7800EBC300C0E900210F48C07875
:10C41000032819D10F48D0E90420104BD21A70F12B
:10C42000000004D21A4600200A49C1E90420094844
:10C43000D0E90410054AD2F854210832034BDB78C6
:10C4400002EBC302C2E9001010BD0000480000204A
:10C45000C001002098010020400D0300A0860100CB
:10C460002DE9FF5F82B08A4616461F46DDF844B0CC
:10C470004FF00008C14600BF029800287DD0FE4A58
:10C48000002330463946F3F7A5FE04460D461098C2
:10C49000052873D2DFE800F00356B2FCFB000BE086
:10C4A0000A22002320462946F3F794FE04460D464F
:10C4B00008F1010000F0FF08002184EA0100694052
:10C4C0000843EDD1B8F1000F01D14FF001084FF052
:10C4D000000906E020200AF8090009F1010000F037
:10C4E000FF095846A0EB08004845F3DCE24A002368
:10C4F00030463946F3F76EFE04460D46002009EB40
:10C5000008010AF8010019E0A8F1010000F0FF0895
:10C510000A22002320462946F3F75CFE302010183B
:10C5200009EB08010AF801004FF00A024FF000037E
:10C5300020462946F3F74EFE04460D46B8F1000F9B
:10C54000E2D1FCE10BE00A22002320462946F3F762
:10C5500041FE04460D4608F1010000F0FF080021ED
:10C5600084EA010069400843EDD1B8F1000F01D120
:10C570004FF001084FF0000908E0E1E1DEE1202082
:10C580000AF8090009F1010000F0FF09ABF1010010
:10C59000A0EB08004845F2DCB74A00233046394694
:10C5A000F3F718FE04460D462E2009EB08010AF8A1
:10C5B0000100002109EB0800401C0AF8001019E0F6
:10C5C000A8F1010000F0FF080A22002320462946B6
:10C5D000F3F700FE3020101809EB08010AF80100FB
:10C5E0004FF00A024FF0000320462946F3F7F2FD10
:10C5F00004460D46B8F1000FE2D1A0E10BE00A229B
:10C60000002320462946F3F7E5FD04460D4608F1D0
:10C61000010000F0FF08002184EA0100694008439E
:10C62000EDD1B8F1000F01D14FF001084FF0000932
:10C6300006E020200AF8090009F1010000F0FF09D6
:10C64000ABF10200A0EB08004845F2DC8A4A002367
:10C6500030463946F3F7BEFD04460D462E2009EB61
:10C6600008010AF80100854A002330463946F3F7ED
:10C67000B1FD0A220023CDE90001F3F7ABFD302024
:10C680001018C1B209EB080000F1010001E0B1E0AF
:10C6900028E00AF800104FF0000109EB080000F153
:10C6A00002000AF8001019E0A8F1010000F0FF08EC
:10C6B0000A22002320462946F3F78CFD302010186B
:10C6C00009EB08010AF801004FF00A024FF00003DD
:10C6D00020462946F3F77EFD04460D46B8F1000FCB
:10C6E000E2D12CE10BE00A22002320462946F3F791
:10C6F00071FD04460D4608F1010000F0FF0800211D
:10C7000084EA010069400843EDD1B8F1000F01D17E
:10C710004FF001084FF0000906E020200AF8090058
:10C7200009F1010000F0FF09ABF10300A0EB0800E4
:10C730004845F2DC504A002330463946F3F74AFDBB
:10C7400004460D462E2009EB08010AF801004B4A69
:10C75000002330463946F3F73DFD0A220023CDE998
:10C760000001F3F737FD30201018C1B209EB0800C3
:10C7700000F101000AF8001042F210724FF00003BD
:10C7800030463946F3F726FD0A220023CDE90001A1
:10C79000F3F720FD30201018C1B209EB080000F1BA
:10C7A00002000AF800104FF0000109EB080000F148
:10C7B00003000AF8001019E0A8F1010000F0FF08DA
:10C7C0000A22002320462946F3F704FD30201018E2
:10C7D00009EB08010AF801004FF00A024FF00003CC
:10C7E00020462946F3F7F6FC04460D46B8F1000F43
:10C7F000E2D1A4E00BE00A22002320462946F3F709
:10C80000E9FC04460D4608F1010000F0FF08002194
:10C8100084EA010069400843EDD1B8F1000F01D16D
:10C820004FF001084FF0000906E020200AF8090047
:10C8300009F1010000F0FF09ABF10400A0EB0800D2
:10C840004845F2DC0C4A002330463946F3F7C2FC77
:10C8500004460D462E2009EB08010AF80100074A9C
:10C86000002330463946F3F7B5FC0A220023CDE910
:10C870000001F3F7AFFC03E040420F00A086010087
:10C8800030201018C1B209EB080000F101000AF8CD
:10C89000001042F210724FF0000330463946F3F7B1
:10C8A00099FC0A220023CDE90001F3F793FC302024
:10C8B0001018C1B209EB080000F102000AF80010DC
:10C8C0004FF47A724FF0000330463946F3F782FC9A
:10C8D0000A220023CDE90001F3F77CFC3020101878
:10C8E000C1B209EB080000F103000AF800104FF094
:10C8F000000109EB080000F104000AF8001019E03B
:10C90000A8F1010000F0FF080A2200232046294672
:10C91000F3F760FC3020101809EB08010AF8010059
:10C920004FF00A024FF0000320462946F3F752FC6D
:10C9300004460D46B8F1000FE2D100E000BF60E010
:10C940004FF47A72002330463946F3F743FC04462D
:10C950000D461098A0BB0BE00A2200232046294672
:10C96000F3F738FC04460D4608F1010000F0FF081B
:10C97000002184EA010069400843EDD1B8F1000FBD
:10C9800001D14FF001084FF0000906E020200AF81D
:10C99000090009F1010000F0FF09ABEB0800484570
:10C9A000F4DC4FF47A72002330463946F3F712FC78
:10C9B00004460D46002009EB08010AF801001AE0C0
:10C9C0001DE0A8F1010000F0FF080A220023204624
:10C9D0002946F3F7FFFB3020101809EB08010AF88D
:10C9E00001004FF00A024FF0000320462946F3F7FA
:10C9F000F1FB04460D46B8F1000FE2D100E000BFA4
:10CA000000BF06B0BDE8F09FF0B5B9B00027E02147
:10CA100001A8F3F717FC0024DE24224601A94FF4F5
:10CA20000070F4F7A1F809A0FEF7ACFA9DF8BC106D
:10CA30000AA0FEF7A7FADDF8BD50DDF8C1302A469E
:10CA400011A0FEF79FFA39B0F0BD00007465737451
:10CA50005F656570726F6D0D0A000000734D656D46
:10CA6000446174615F74742E435F4D6F64654578F3
:10CA700074426E635F506172616D4E41445F414D1F
:10CA8000504C3A25640D0A00734D656D4461746124
:10CA90005F74742E435F4D6F6465457874426E63B6
:10CAA0005F506172616D5F414D504C3A256C6C6412
:10CAB0000D0A0000002105E00A2100BF0A1EA1F1B5
:10CAC0000101FBD1021EA0F10100F5D17047002148
:10CAD00005E00A2100BF0A1EA1F10101FBD1021EDF
:10CAE000A0F10100F5D170477367737A68646773CA
:10CAF00000010000200000002000000020000000D5
:10CB00000020000000040000000000000000000001
:10CB100000000000000000003F4000000000000096
:10CB200000003000400030004000000009000BC051
:10CB30003D000BC03D00090018C024407FE02240AA
:10CB400031800000180024C01B000D80324001809D
:10CB500003801C4027401C800740004010006000FC
:10CB600000000000000000000000000000001F8026
:10CB7000204040200000402020401F800000000096
:10CB8000090006001F8006000900000004000400E0
:10CB90003F8004000400000000100060000000005E
:10CBA0000000000004000400040004000400000071
:10CBB000000000400000000000000000002001C054
:10CBC00006003800400000001F8020402040204028
:10CBD0001F800000000010403FC000400000000027
:10CBE00018C02140224024401840000010802040FE
:10CBF000244024401B80000002000D0011003FC0B3
:10CC0000014000003C802440244024402380000058
:10CC10001F80244024403440038000003000200066
:10CC200027C03800200000001B80244024402440FE
:10CC30001B8000001C0022C0224022401F800000F8
:10CC4000000000000840000000000000000000009C
:10CC50000460000000000000000004000A00110051
:10CC60002080404009000900090009000900000077
:10CC700000004040208011000A000400180020003D
:10CC800023402400180000001F8020402740294036
:10CC90001F400000004007C039000F0001C00040E5
:10CCA00020403FC0244024401B8000001F802040C3
:10CCB000204020403080000020403FC020402040E5
:10CCC0001F80000020403FC024402E4030C00000A4
:10CCD00020403FC024402E00300000000F00108094
:10CCE000204022403380020020403FC00400040066
:10CCF0003FC02040204020403FC020402040000056
:10CD00000060202020203FC02000200020403FC0A5
:10CD100024400B0030C0204020403FC02040004055
:10CD2000004000C03FC03C0003C03C003FC00000CA
:10CD300020403FC00C4023003FC020001F80204007
:10CD4000204020401F80000020403FC0244024009D
:10CD5000180000001F802140214020E01FA000009B
:10CD600020403FC02440260019C0004018C0244085
:10CD70002440224031800000300020403FC020404D
:10CD80003000000020003F80004000403F80200035
:10CD900020003E0001C0070038002000380007C016
:10CDA0003C0007C038000000204039C0060039C0F0
:10CDB000204000002000384007C03840200000001C
:10CDC000304021C02640384020C000000000000054
:10CDD0007FE0402040200000000070000C00038035
:10CDE000004000000000402040207FE000000000E4
:10CDF0000000200040002000000000000010001093
:10CE000000100010001000100000000040000000A2
:10CE100000000000000002800540054003C0004003
:10CE200020003FC004400440038000000000038055
:10CE300004400440064000000000038004402440F9
:10CE40003FC0004000000380054005400340000053
:10CE5000000004401FC0244024402000000002E0E5
:10CE6000055005500650042020403FC004400400F7
:10CE700003C000400000044027C000400000000044
:10CE800000100010041027E00000000020403FC008
:10CE90000140070004C00440204020403FC0004043
:10CEA0000040000007C0040007C0040003C00000E9
:10CEB000044007C00440040003C000400000038099
:10CEC0000440044003800000041007F004500440B4
:10CED00003800000000003800440045007F00010AD
:10CEE000044007C0024004000400000000000640A7
:10CEF0000540054004C00000000004001F800440FD
:10CF000000400000040007800040044007C00040CB
:10CF10000400070004C0018006000400060001C0F0
:10CF2000070001C006000000044006C0010006C062
:10CF3000044000000410071004E001800600040013
:10CF40000000044005C0064004400000000000004E
:10CF500004007BE040200000000000000000FFF023
:10CF600000000000000040207BE004000000000002
:10CF70004000800040002000200040000000000031
:10CF800000000000000000000000000000000000A1
:10CF900000001FCC000C0000000000000000080092
:10CFA000300060000800300060000000022003FC38
:10CFB0001E20022003FC1E200220000000000E188C
:10CFC00011043FFF10840C78000000000F00108453
:10CFD0000F3800C0077818840078000000780F84AC
:10CFE00010C411240E9800E40084000808006800B2
:10CFF00070000000000000000000000000000000C1
:10D00000000007E018182004400200000000400261
:10D010002004181807E00000000000000240024051
:10D0200001800FF00180024002400000008000807B
:10D0300000800FF800800080008000000001000DDB
:10D04000000E000000000000000000000000008052
:10D050000080008000800080008000800000000CC4
:10D06000000C0000000000000000000000000006AE
:10D07000001800600180060018002000000007F082
:10D08000080810041004080807F000000000080455
:10D0900008041FFC000400040000000000000E0C47
:10D0A00010141024104411840E0C000000000C1801
:10D0B00010041104110412880C700000000000E03C
:10D0C0000320042408241FFC0024000000001F98F3
:10D0D000108411041104108810700000000007F083
:10D0E00008881104110418880070000000001C005A
:10D0F000100010FC13001C001000000000000E388F
:10D1000011441084108411440E3800000000070000
:10D11000088C10441044088807F00000000000004C
:10D120000000030C030C00000000000000000000E1
:10D130000001010600000000000000000000008067
:10D140000140022004100808100400000220022000
:10D150000220022002200220022000000000100411
:10D1600008080410022001400080000000000E00AA
:10D170001200100C106C10800F00000003E00C185F
:10D1800013E4142417C4082807D000000004003C4E
:10D1900003C41C40074000E4001C000410041FFCF2
:10D1A0001104110411040E880070000003E00C1833
:10D1B00010041004100410081C10000010041FFCC0
:10D1C000100410041004080807F0000010041FFCED
:10D1D0001104110417C410040818000010041FFCE7
:10D1E0001104110017C010000800000003E00C1823
:10D1F0001004100410441C780040000010041FFCB0
:10D2000010840080008010841FFC100400001004B3
:10D2100010041FFC100410040000000000030001B3
:10D22000100110011FFE10001000000010041FFC70
:10D23000110403801464181C1004000010041FFC67
:10D240001004000400040004000C000010041FFC83
:10D250001F0000FC1F001FFC1004000010041FFC36
:10D260000C04030000E010181FFC100007F0080871
:10D27000100410041004080807F0000010041FFC3C
:10D2800010841080108010800F00000007F0081834
:10D2900010241024101C080A07F2000010041FFCC0
:10D2A0001104110011C011300E0C000400000E1CFE
:10D2B00011041084108410441C3800001800100061
:10D2C00010041FFC100410001800000010001FF8CC
:10D2D00010040004000410041FF8100010001E00C9
:10D2E00011E0001C007013801C0010001FC0103CD7
:10D2F00000E01F0000E0103C1FC000001004180CEC
:10D30000163401C001C01634180C100410001C00A3
:10D31000130400FC13041C00100000000804101C7F
:10D320001064108413041C04101800000000000096
:10D3300000007FFE4002400240020000000030007A
:10D340000C0003800060001C00030000000040028D
:10D35000400240027FFE00000000000000000000CC
:10D3600020004000400040002000000000010001BB
:10D370000001000100010001000100010000400067
:10D3800040002000000000000000000000000098A5
:10D39000012401440144014400FC000410001FFC6E
:10D3A0000088010401040088007000000000007083
:10D3B00000880104010401040088000000000070DE
:10D3C00000880104010411081FFC0004000000F89B
:10D3D000014401440144014400C80000000001046C
:10D3E00001040FFC1104110411001800000000D604
:10D3F00001290129012901C90106000010041FFCAF
:10D40000008401000100010400FC0004000001048C
:10D41000190419FC000400040000000000000003CF
:10D4200000010101190119FE0000000010041FFC99
:10D430000024004001B4010C0104000000001004AD
:10D4400010041FFC0004000400000000010401FCA3
:10D450000104010001FC0104010000FC010401FCC5
:10D46000008401000100010400FC0004000000F839
:10D47000010401040104010400F80000010101FF9E
:10D4800000850104010400880070000000000070A5
:10D49000008801040104010501FF000101040104E9
:10D4A00001FC00840104010001800000000000CCA8
:10D4B000012401240124012401980000000001003E
:10D4C000010007F80104010400000000010001F858
:10D4D000000400040004010801FC000401000180B4
:10D4E0000170000C001001600180010001F0010CCE
:10D4F000003001C00030010C01F001000000010407
:10D50000018C00740170018C010400000101018193
:10D510000171000E0018016001800100000001840B
:10D52000010C013401440184010C000000000000E2
:10D530000000000001003EFC40024002000000002C
:10D5400000000000FFFF000000000000000040029B
:10D5500040023EFC0100000000000000008000FFCF
:10D56000000400040004008800FC00040000000027
:10D5700000000000000000000000000000000000AB
:10D58000000000000000000000000000000000009B
:10D590000000000000000000000000000000000F7C
:10D5A00080380FFE380F80380000000000000000B7
:10D5B0000000000000000000000001000006000064
:10D5C0000C00003800003100000600000C0000389C
:10D5D00000003000000000000000000061800067D3
:10D5E000F807F9800061800061800061800061803F
:10D5F0000067F807F980006180000000000000006B
:10D60000000001C0E003E0F00630080418081FFF26
:10D61000FE040E080787F00381E000000000000010
:10D6200001F000060C00040408060C7001F9C000AB
:10D630000E00003BE000EC18070808040C1800037B
:10D64000E00000000001E00007F003F818041C08E7
:10D6500004170807E1D003C0E00023B0003C080035
:10D660002008000010000000000000010000310050
:10D67000003200001C00000000000000000000005C
:10D68000000000000000000000000000000000009A
:10D690000000000000000000000000007F0001FF0B
:10D6A000C00780F00C0018100004200002000000E9
:10D6B0000000002000021000040C00180780F00198
:10D6C000FFC0007F0000000000000000000000001C
:10D6D000000000000000000042000066000066003C
:10D6E000003C0000180003FFC0001800003C0000D0
:10D6F000660000660000420000000000080000080C
:10D700000000080000080000080001FFC000080039
:10D7100000080000080000080000080000000000E9
:10D72000000100003100003200001C000000000079
:10D7300000000000000000000000000000000000E9
:10D7400000000000080000080000080000080000B9
:10D750000800000800000800000800000800000899
:10D760000000000000000000000000003800003849
:10D770000000380000000000000000000000000071
:10D780000000000000000000000000000006000093
:10D790001C000070000180000E0000380000C00076
:10D7A0000700001C00003000000000000000000026
:10D7B0007F8001FFE0038070060018040008040069
:10D7C0000806001803807001FFE0007F8000000061
:10D7D000000000000000010008010008010008032B
:10D7E000FFF807FFF800000800000800000800002C
:10D7F0000000000000000001C03802C0580400987A
:10D80000040118040218040418061C1803F818016F
:10D81000E0F800000000000000000001C0E003C0CC
:10D82000F004000804080804080806180803F4189F
:10D8300001E7F00001E0000000000000000000002F
:10D840000300000D000011000061000081080301C9
:10D850000807FFF80FFFF8000108000108000000AA
:10D860000000000000E007FCD006080806100806CB
:10D870001008061008061838060FF00607C000004A
:10D8800000000000000000003F8001FFE003843042
:10D8900002081804100804100804100807181003E0
:10D8A0000FF00007C000000000000000000003C0EF
:10D8B000000700000600000600F80607F80618003A
:10D8C00006E0000700000600000000000000000164
:10D8D000E1E003F7F0063410041808041808040CFB
:10D8E00008040C0806161803F3F001C1E00000005C
:10D8F00000000000F80003FC3003063804020804AE
:10D9000002080402080404100308F001FFC0007FAD
:10D910000000000000000000000000000000000007
:10D9200000000000703800703800703800000000FF
:10D9300000000000000000000000000000000000E7
:10D940000000000000000000301A00301C00000041
:10D9500000000000000000000000000000000000C7
:10D9600000000008000014000022000041000080B8
:10D9700080010040020020040010080008000000A0
:10D980000000000021000021000021000021000013
:10D9900021000021000021000021000021000021C1
:10D9A0000000000000000000000008000804001053
:10D9B00002002001004000808000410000220000A1
:10D9C000140000080000000000000003C00004C0B4
:10D9D00000040000080038080F3808083808100054
:10D9E0000C300007E00003C0000000000000000051
:10D9F0003F8000FFE0038070020F1006708804C0B3
:10DA000088048308047F8802C09003012000FE4040
:10DA10000000080000180001F8003E0801C20007DD
:10DA2000020007E20000FE00001FC80001F800002D
:10DA30003800000804000807FFF807FFF80408088A
:10DA400004080804080804080806180803F4180164
:10DA5000E7F00001E0000000000000003F8001FF4F
:10DA6000E0038070020018040008040008040008A5
:10DA70000400100600200780C00000000400080712
:10DA8000FFF807FFF8040008040008040008040079
:10DA90001802001003807001FFE0007F800000008A
:10DAA00004000807FFF807FFF80408080408080442
:10DAB0000808040808043E080400080600180100CD
:10DAC0006000000004000807FFF807FFF8040808DA
:10DAD000040800040800040800043E0006000006D4
:10DAE0000000018000000000000000003F8001FFF6
:10DAF000E00380700600180400080402080402080D
:10DB00000203F00783F0000200000200040008078F
:10DB1000FFF807FFF80408080008000008000008E4
:10DB20000000080004080807FFF807FFF8040008D1
:10DB300000000000000004000804000804000807BA
:10DB4000FFF807FFF80400080400080400080000BC
:10DB500000000000000000000006000007000001B7
:10DB600004000104000104000307FFFE07FFFC049A
:10DB7000000004000004000004000807FFF807FF8D
:10DB8000F8040C08001800003E0004C7800503C814
:10DB90000600F80400380400180000080400080714
:10DBA000FFF807FFF8040008000008000008000064
:10DBB00008000008000008000018000060000000D5
:10DBC00004000807FFF807800807FC00007FC0007A
:10DBD00003F80007C000780007800807FFF807FF78
:10DBE000F804000804000807FFF807000803C00055
:10DBF00000E000003800001E000007000001C00423
:10DC000000F007FFF8040000000000007F8001FF23
:10DC1000E0038070060018040008040008060018DD
:10DC200003003001FFE0007F8000000004000807CF
:10DC3000FFF807FFF80404080404000404000404C7
:10DC400000040400060C0003F80001F000000000CE
:10DC5000000000007F8001FFE00380700600880460
:10DC600000880400C806003C03003E01FFE6007F78
:10DC70008400000004000807FFF807FFF804080804
:10DC8000040800040C00040F00040BC00610F0038D
:10DC9000F03801E00800000800000001E0F803F09F
:10DCA00030063010041808041808040C08040C0886
:10DCB0000206180207F00781E0000000018000065C
:10DCC000000004000004000004000807FFF807FF3C
:10DCD000F8040008040000040000060000018000B1
:10DCE00004000007FFE007FFF00400180000080030
:10DCF000000800000800000800000804001007FFEA
:10DD0000E004000004000006000007E00007FE0039
:10DD1000041FE00001F80000380001E0043E0007A5
:10DD2000C00006000004000004000007E00007FF38
:10DD3000C0041FF80007C007F80007FF80043FF881
:10DD40000007C004F8000700000400000000000401
:10DD5000000806001807C07805F1C8003E00001F43
:10DD6000800463E80780F80600180400080000003B
:10DD700004000006000007800007E008047C08009B
:10DD80001FF80007F800180804E008070000060064
:10DD9000000400000000000100080600380400F83C
:10DDA0000403E8040F08047C0805F00807C008070E
:10DDB00000180400600000000000000000000000E7
:10DDC000000000000000003FFFFE200002200002D3
:10DDD00020000220000220000200000000000000DD
:10DDE000000008000007000000C000003800000626
:10DDF000000001C000003000000E00000100000023
:10DE0000000000000000200002200002200002208C
:10DE100000022000023FFFFE0000000000000000A2
:10DE200000000000000000000000000000080000EA
:10DE3000100000300000200000300000100000083A
:10DE400000000000000000000000010000010000D0
:10DE500001000001000001000001000001000001BC
:10DE600000000100000100000100000100000000AE
:10DE70000000000000200000200000100000100042
:10DE80000000000000000000000000000000000092
:10DE90000000000000F00019F8001B180022080024
:10DEA0002608002408002410003FF8001FF8000096
:10DEB0000800001800000004000007FFF80FFFF042
:10DEC0000018180010080020080020080030180072
:10DED0001FF0000FC00000000000000007C0001F7E
:10DEE000F0001830002008002008002008003C083E
:10DEF000001C100000600000000000000000000096
:10DF000007C0001FF000381800200800200800207B
:10DF10000804101007FFF80FFFF0000010000000C9
:10DF20000000000000000007C0001FF000123000D9
:10DF30002218002208002208003208001E10000EDD
:10DF40002000000000000000200000200800200841
:10DF500001FFF803FFF80620080420080420080742
:10DF6000200003000000000000000000000E000E72
:10DF70006E001FF30031B10020B10020B1003191DB
:10DF8000001F13002E1E00200E00300000000004B1
:10DF9000000807FFF80FFFF800100800200000201D
:10DFA00000002008003FF8001FF8000008000000F3
:10DFB00000000000000000200800200800200806E3
:10DFC0003FF8063FF80000080000080000080000C5
:10DFD000000000000000000000000000030000033B
:10DFE000002001002001002003063FFE063FFC0048
:10DFF000000000000000000000000004000807FF0F
:10E00000F80FFFF8000188000300002FC00038F867
:10E010000020380020080000080000000000000078
:10E02000000004000804000804000807FFF80FFFC0
:10E03000F8000008000008000008000000000000D0
:10E04000002008003FF8003FF80010080020000002
:10E050003FF8003FF8001008002000003FF8003FA4
:10E06000F8000008000000002008003FF8003FF81A
:10E07000001008001000002000002008003FF800F9
:10E080001FF80000080000000000000007C0000F9B
:10E09000F000183000300800200800200800300888
:10E0A000001830000FF00007C00000000000000062
:10E0B0002001003FFF003FFF001011002009002059
:10E0C00008002008003038001FF0000FC0000000DA
:10E0D0000000000007C0001FF000381800200800F2
:10E0E0002008002009001011001FFF003FFF000062
:10E0F00001000000002008002008002008003FF870
:10E10000003FF80008080010080020080020000068
:10E110003000003000000000000000000000000C93
:10E1200078001E1800330800230800210800218809
:10E130000021980030F0003860000000000000006E
:10E14000200000200000200000FFF003FFF8002066
:10E150000800200800200800003000000000000037
:10E16000000000002000003FF0007FF800001800D1
:10E170000008000008002010003FF8007FF00000B9
:10E1800010000000000000002000003000003C00F3
:10E19000003F800023F00000780000700023800022
:10E1A0003C00003000002000002000003C00003F48
:10E1B000E00023F80000E0002700003E00003FE000
:10E1C0000021F80001E0003E0000200000000000F7
:10E1D0002008002008003838003E6800278000032F
:10E1E000C8002CF800383800201800200800000073
:10E1F000000000002000003003003C01003F8300CD
:10E2000023EC000070002380003C00002000002070
:10E210000000000000000000000000380800203866
:10E220000020F80023E8002F88003E08003808008E
:10E230002018000070000000000000000000000036
:10E24000000000000000000008000014001FF7FCA0
:10E250003000062000020000000000000000000066
:10E260000000000000000000000000000000FFFFB0
:10E27000FF0000000000000000000000000000009F
:10E280000000000000002000023000061FF7FC0024
:10E290001400000800000000000000000000000062
:10E2A00000000000000000002000003FFC007FFC98
:10E2B000000018000008000008002010003FF800CF
:10E2C0007FF00000100000002A2A2A2A2A2A2A2A7F
:10E2D0002A2A2A2A2A2A2A2A2A2A2A2A2A2A2A2A9E
:10E2E0002A2A2A2A2A2A2A2A2A2A2A2A2A2A2A2A8E
:10E2F0002A2A2A2A2A2A2A2A2A2A2A2A2A2A2A2A7E
:10E300002A2A2A2A2A2A2A2A0D0A00002CE300088F
:10E310000000002048030000C809000824E40008A9
:10E32000480300204043000056B0000801141EAC12
:10E33000F7FF1FE8042D107AFF1F0C29081620F4A0
:10E34000F01F503AF8044B907510C1120114FFFFF2
:10E35000FF02A1FF09A0A2013655C095A90545B845
:10E3600064D94545902F5009B598D05802680A7471
:10E370006573743030313130012231172448014047
:10E3800024081C402404041A400C21190C290843B9
:10E3900001401A2C201A2C201A2C201A2C201A2C5E
:10E3A000201A2C205A2C201A28201A28201A28201B
:10E3B0001A28201A28201A28205A28201A34201A0D
:10E3C0003C201A34201A34201A3C201A34205A4097
:10E3D00020115A010101111201138C041B209C040D
:10E3E0001AAC041ABC041ACC041ADC041AEC041A81
:10E3F000FC04410520042104211359501408ADC226
:10E400003C08A008341C68A0280812040224682DC7
:10E4100001020304041506070809AC7A030A183937
:04E4200014310000B3
:040000050800018965
:00000001FF
