:020000040800F2
:1000000088460020B1010008D950000811150008E9
:10001000C53F0008E10C0008DFAD0008000000004B
:10002000000000000000000000000000516900080E
:10003000DD0D000800000000E155000831770008E0
:10004000CB010008CB010008CB010008CB01000860
:10005000CB010008CB010008210E0008CB010008ED
:10006000CB010008CB010008CB010008CB01000840
:10007000CB010008CB010008CB010008CB01000830
:10008000CB010008CB010008CB010008CB01000820
:10009000CB010008CB010008CB010008CB01000810
:1000A000CB010008CB010008CB010008CB01000800
:1000B0001178000869780008CB010008CB0100081E
:1000C000CB010008CB010008CB010008CB010008E0
:1000D000CB010008CB010008CB010008CB010008D0
:1000E000FD0F0008CB010008CB010008CB01000880
:1000F000CB010008CB010008CB010008CB010008B0
:10010000CB010008CB010008B9780008CB0100083A
:10011000CB010008CB010008A57A0008CB0100083C
:10012000CB010008CB010008CB010008CB0100087F
:10013000CB010008CB010008CB010008CB0100086F
:10014000CB010008CB010008CB010008CB0100085F
:10015000CB010008CB010008CB01000899AB0008D7
:10016000CB010008CB010008CB010008CB0100083F
:10017000CB010008CB010008CB010008CB0100082F
:10018000CB010008CB010008DFF810D000F00AFC1A
:1001900000480047A1BF0008AFF300808846002058
:1001A00030BF72B6704762B6704780F308887047F8
:1001B0000648804706480047FEE7FEE7FEE7FEE701
:1001C000FEE7FEE7FEE7FEE7FEE7FEE7A9770008A9
:1001D000890100082DE9F05F0546002092469B4604
:1001E00088460646814640241BE02846414647464D
:1001F000224600F0A0FA53465A46C01A914110D345
:1002000011461846224600F087FA2D1A67EB0108BE
:100210004F4622460120002100F07EFA17EB00092C
:100220004E41201EA4F10104DFDC484631462A4637
:100230004346BDE8F09FD2B201E000F8012B491E11
:10024000FBD270470022F6E710B513460A46044673
:100250001946FFF7F0FF204610BD421C10F8011BA5
:100260000029FBD1801A704710B5002200E0521C13
:10027000835C8C5CA34201D1002BF8D1D8B2E1B2EF
:10028000401A10BD034611F8012B00F8012B002A7B
:10029000F9D11846704730B505460020034600E006
:1002A0005B1C934205D2EC5CC85C201A01D1002C87
:1002B000F6D130BD2DE9FE4F804681EA0300C00F24
:1002C0000C46009021F0004123F00045B8EB0200FD
:1002D000A94105D24046214690461C460B4602469F
:1002E00023F00040104347D0270DC7F30A00C3F3A3
:1002F0000A510290401A019040286BDAC3F31300B0
:1003000040F4801B0098924620B10023D2EB030AF0
:1003100063EB0B0B01985946C0F14002504600F0C8
:10032000FBF906460D4650465946019A00F013FA6D
:1003300010EB08006141002487EA115284EAE77358
:100340001A4340D0009A62B3019A012A4FEA075239
:1003500015DC001B61EB02014FF0004202EA07527C
:10036000CDE90042001C41F5801132462B4600F0D9
:100370004AFA03B0BDE8F08F40462146F9E7001B7A
:1003800061EB0201001C41F5801300185B4120184D
:10039000A2F5001747EB030140EAD570B6196D418D
:1003A00011E06D084FEA360645EAC0754FEA07527C
:1003B000001B61EB0201001C41F5801149084FEA66
:1003C00030000019514132462B4603B0BDE8F04FD2
:1003D00000F00ABA0098012240000023D0EB02028C
:1003E00063EBE073009821464FEAE074B8EB00003D
:1003F00061EB0401E9E783F000435BE781F0004132
:1004000058E72DE9FE4F81EA030404F0004421F08F
:10041000004100944FF0000B23F0004350EA010428
:100420005ED052EA03045BD0C3F30A54C1F30A5509
:100430002C44A4F2F3340194A0FB0254C1F3130141
:1004400041F48011C3F3130343F4801301FB02440E
:1004500000FB034E840A970A44EA815447EA835713
:10046000A4FB076802958D0A05FB07854FEA932CCC
:1004700004FB0C542705029D4FEA065847EA16373D
:10048000B5EB08056EEB070C870E920E47EA811755
:1004900042EA8312A7FB0201B6EB0B0164EB0004F6
:1004A0002B0D43EA0C335E1844EB1C50DA465146E0
:1004B000E7FB0201C5F313044FEA0B3343EA14537D
:1004C0004FEA0432019C43EA0603A4F10C040294AF
:1004D000009CCDE900B400F096F903B0BDE8F08FC0
:1004E00000200146F9E72DE9F04D81EA030404F00C
:1004F000004B21F0004514464FF0000A23F0004164
:1005000050EA050220D054EA01021DD0C5F30A5773
:100510000246C5F31303C1F31300C1F30A5640F4B6
:10052000801543F48013A7EB0608101BD64608F28B
:10053000FD3873EB050002D308F1010801E09218C1
:100540005B41B8F1000F03DA00200146BDE8F08DF1
:1005500000204FF48011064684460EE0171B73EB13
:10056000050705D3121B63EB050306434CEA010C98
:1005700049084FEA300092185B4150EA0107EDD17B
:1005800052EA030012D082EA040083EA050108431C
:1005900005D0101BAB4106D20122002306E0002249
:1005A0004FF0004302E06FF0010253101AEB060017
:1005B0004CEB085110EB0A0041EB0B01BDE8F04D8C
:1005C00000F012B930B4044696230800214604D046
:1005D000B62330BC002200F0D9B820460021F8E74D
:1005E0000EB5C10F80EAE0700844CA07002140F24E
:1005F00033438DE80E000A460B4600F004F903B0C1
:1006000000BD0EB540F2334102910021CDE9001149
:100610000A460B4600F0F7F803B000BD3EB5CA1716
:10062000CB0F002450405140C0186141DA0740F21E
:1006300033430094CDE901232246234600F0E3F83A
:1006400003B030BD0EB540F2334202920022CDE934
:100650000022134600F0D7F803B000BDC1F30A52E0
:1006600010B5C1F3130140F2FF3341F480119A42F7
:1006700001DA002010BD40F233439A42A2F2334225
:1006800003DC524200F057F810BD904010BD00F05E
:10069000004230F000400AD0C10D01F56071C0F396
:1006A000160042EA0151C20840071143704700207A
:1006B0000146704701F0004330B421F0004150EA98
:1006C000010206D00A0DA2F56072C1F31301002ADF
:1006D00002DC30BC00207047440F44EAC104C10072
:1006E000E01830BC00EBC25000F047B830B50B4604
:1006F000014600202022012409E021FA02F59D4252
:1007000005D303FA02F5491B04FA02F52844151E25
:10071000A2F10102F1DC30BD202A04DB203A00FA0C
:1007200002F1002070479140C2F1200320FA03F348
:10073000194390407047202A04DB203A21FA02F046
:100740000021704721FA02F3D040C2F1200291400B
:10075000084319467047202A06DBCB17203A41FA96
:1007600002F043EAE07306E041FA02F3D040C2F13E
:10077000200291400843194670470029A8BF7047DE
:10078000401C490008BF20F00100704710B4B0FAC7
:1007900080FC00FA0CF050EA010404BF10BC704762
:1007A00049B1CCF1200421FA04F411FA0CF118BF7C
:1007B000012121430843A3EB0C01CB1D4FEA00614B
:1007C0004FEA102042BF002010BC704700EBC3501E
:1007D00010440029A4BF10BC7047401C490008BF4A
:1007E00020F0010010BC704710B5141E73F1000416
:1007F00008DA401C41F1000192185B411A4301D113
:1008000020F0010010BD2DE9F04D92469B4611B13C
:10081000B1FA81F202E0B0FA80F220329046FFF79E
:100820007BFF04460F4640EA0A0041EA0B015346AB
:100830005A46084313D0114653EA010019D0C8F1B3
:1008400040025046FFF777FF05460E465046594690
:100850004246FFF761FF084305D0012004E020462F
:100860003946BDE8F08D0020054346EAE0762C438A
:1008700037430A986305E40AA0EB08000022FD0A4A
:1008800044EA47540A3002D500200146E9E7010551
:1008900010196941DDE9084500196941BDE8F04DCD
:1008A000A2E72DE9F04D00231A461B1A8A4103DB0B
:1008B00000200146BDE8F08DC1F30A52C1F31301D7
:1008C00041F480154FF0000BD10702D100186D41A3
:1008D000521E0027044640F2FF11384601EB620A1F
:1008E0003E468046024600204FF48011FFF723FF6A
:1008F000C2197141BB1846EB0100B4EB030C75EB58
:10090000000C04D3E41A65EB000517460E462419C3
:1009100008F101006D4180463428E3DDF91946EB0A
:100920000600091BA84103D24FF0FF32134601E035
:10093000002213461BEB070046EB0A51BDE8F04DC1
:10094000FFF752BFC1F30A52C1F3130140F2FF3364
:1009500041F480119A4202DA00200146704740F2C9
:1009600033439A42A2F2334202DC5242FFF7E3BE23
:10097000FFF7D2BE30B5041E71F1000404DB4FF066
:100980000044404264EB0101141E73F1000405DBD6
:100990001C464FF00043524263EB0403994208BFE8
:1009A000904230BD064C074D06E0E06840F0010380
:1009B00094E8070098471034AC42F6D3FFF7E8FB01
:1009C00034E3000854E3000870B58C1810F8015B9C
:1009D00015F0070301D110F8013B2A1106D110F8D8
:1009E000012B03E010F8016B01F8016B5B1EF9D1DC
:1009F0002B0705D40023521E0DD401F8013BFAE762
:100A000010F8013BCB1A921C03E013F8015B01F8CC
:100A1000015B521EF9D5A142D8D3002070BD70B53C
:100A200005460C46012D04D12046E11700F014F8CC
:100A300010E0022D04D12046E11700F04FF809E044
:100A4000032D07D12046E11700F006F82046E117F4
:100A500000F044F870BD000070B52DED088B054620
:100A60000E4628463146FFF7D9FD9FED150B53EC96
:100A7000102BFFF7C6FC9FED140B53EC102BFFF768
:100A800019FC9FED130B53EC102BFFF713FCFFF732
:100A9000E5FD84B210201049088304204883201209
:100AA00005F04EFEE0B205F04BFE10200A494883E7
:100AB0000420088308200883BDEC088B70BD00006B
:100AC0000000000000002040000000000000E03FA7
:100AD00000000000C0FFDF400000024070B52DEDB7
:100AE000088B05460E4628463146FFF797FD9FEDD9
:100AF000150B53EC102BFFF784FC9FED140B53ECFC
:100B0000102BFFF7D7FB9FED130B53EC102BFFF7C8
:100B1000D1FBFFF7A3FD84B2102010490883082001
:100B20004883201205F00CFEE0B205F009FE10200B
:100B30000A4948830420088308200883BDEC088BF9
:100B400070BD000000000000000020400000000018
:100B50000000E03F00000000C0FFDF400000024056
:100B600010B500F0FFFC10BD70B506460C461546EA
:100B700008E03046721C96B200F007F804F8010B4A
:100B8000681E85B2002DF4D170BD70B504460026F4
:100B900000F09AFDA02000F063FD00F0E1FD2012BE
:100BA00000F05EFD00F0DCFD2546E11704EB11616D
:100BB0000912A4EB0121C8B200F052FD00F0D0FDF3
:100BC00000F082FDA12000F04BFD00F0C9FD0020E7
:100BD00000F014FD064600F09DFD304670BD70B576
:100BE00005460C46164606E02178284600F009F82E
:100BF000681C85B2641C301EA6F101018EB2F3D1CF
:100C000070BD70B504460E4600F05EFDA02000F0F9
:100C100027FD00F0A5FD201200F022FD00F0A0FD50
:100C20002546E11704EB11610912A4EB0121C8B2BA
:100C300000F016FD00F094FD304600F011FD00F0CC
:100C40008FFD00F067FD0A2000F0CAF870BD0000BB
:100C50001CB50121202005F0D1FB0121402005F029
:100C6000CDFB01208DF8040000208DF80600032044
:100C70008DF8050001208DF80700202000906946BE
:100C8000014800F075FB1CBD001802401CB50AF0BD
:100C9000D5FE0121042005F0B1FB3F20009000208B
:100CA0008DF8040001208DF8070069460B4800F01C
:100CB0005FFB4FF47C60009001208DF80400002061
:100CC0008DF8060003208DF8050001208DF807003F
:100CD0006946024800F04CFB1CBD000000080240C1
:100CE00000BFFEE770B502464FF6FF70002313E029
:100CF00012F8015B684000240AE000F0010525B10C
:100D00004AF2010585EA600000E04010651CECB283
:100D1000082CF2DB5D1CEBB28B42E9DB70BD0000FE
:100D200000B585B00121022005F068FB0121880390
:100D300005F0A4FB4FF46040039000208DF81000F4
:100D400001208DF8130003A9234800F011FB0D21A9
:100D5000012005F0FFFD0F21012005F0FBFD4FF400
:100D60000050009000208DF8040010208DF8050040
:100D700001208DF80600684600F096F928208DF8CD
:100D8000080003208DF809008DF80A0001208DF875
:100D90000B0002A804F0A2F94FF4004000900020DC
:100DA0008DF8040010208DF8050001208DF8060054
:100DB000684600F079F928208DF8080003208DF8A6
:100DC00009008DF80A0001208DF80B0002A804F03C
:100DD00085F905B000BD0000000402407047000026
:100DE00001B504490098086000BF02480068002867
:100DF000FBD108BD0C00002010B50021074806F00B
:100E000080FE002005492431086004492C31086027
:100E10004FF6FE7001491031088010BD000C0040F3
:100E200070B5012000F034F9002877D06848807848
:100E3000032875D16748007818B166480078012802
:100E40006ED163484078012806D16148D0F8880007
:100E500061494968086008E05D48407828B95C4805
:100E6000D0F830015C494968086002200BF043FE6D
:100E70005A480068012835D10020594908600120EE
:100E80005849C1F880020021574881700120574914
:100E9000087000205649086055482438008840F002
:100EA00001005349243908804A48007840B94A4A29
:100EB00052681168464A5078012204F069F908E046
:100EC000454A526812685142414A5078012204F062
:100ED0005FF93F484078002876D14FF400404549FB
:100EE000088071E03D48006800286DD1384840789E
:100EF00020B94FF400403F49891C088034494878A4
:100F00000122002104F044F9012035490860002045
:100F10003449C1F880023549087055E057E0FFE7D1
:100F20002B48807803284FD12A480078022803D024
:100F300028480078032847D105200BF0DCFD27481E
:100F40000068012840D1002400252148407801286C
:100F500009D11F48D0F888001F49496808601C481B
:100F6000D0F890500BE01A48407840B91848D0F8B3
:100F700030011949496808601548D0F8385115B34F
:100F800001201D490860FA20B5FBF0F0441E483CE2
:100F900000201349086001201249C1F88002002195
:100FA0001148817001201149087000201049086023
:100FB0000F482438008840F001000D49243908808A
:100FC000204600F0BBF800BF012000F05BF870BDC8
:100FD00048000020C0010020A00200200082404202
:100FE000800240420000424284020020DC020020D5
:100FF0002404004018140240EC01002010B51B48E6
:10100000006800F4005080B364200AF067FD1848BF
:1010100000681849D1F8381288420DD01648007877
:10102000401C154908701548007890B113480078A5
:10103000401E124908700CE010480078401C0F490F
:1010400008700D48007820B10B480078401E0A490E
:1010500008700B48408910B90120094948810348AC
:10106000006840F400500149086010BD143C014084
:101070003482404200804042E4020020E502002029
:10108000C80600200149086070470000143C014078
:1010900001460020034A12680A400AB1012000E01C
:1010A00000207047143C0140002123498279002A26
:1010B0003AD00A46126803689A430B461A600A1D22
:1010C000126803689A430B1D1A60027911440A687A
:1010D00003681A430A60184A0832126803689A4380
:1010E000154B08331A601A1D126803689A43124B95
:1010F0000C331A604279102A0ED11A1F1268036845
:101100001A430D4B08331A601A1D126803681A43FC
:10111000094B0C331A600DE00749427911440A6803
:1011200003681A430A6005E0027911440A680368FB
:101130009A430A6070470000003C014070B50446C5
:1011400000252E48007840B92D4A526811682D4A72
:101150005078012204F01CF823E028480078012888
:1011600009D1274A526812685142264A5078012212
:1011700004F00EF815E021480078022808D1204A32
:10118000526811681F4A5078012204F001F808E003
:101190001B4A5268126851421A4A5078012203F0E1
:1011A000F7FF1848407838B916488078032803D1EB
:1011B0004FF400401449088010480078012801DCF1
:1011C000651C01E0601C45081048056000200F49BF
:1011D000083908604FF6FE700C491C3908800B482E
:1011E0002C38008840F0010008492C390880012083
:1011F000074908600749086070BD0000C001002071
:10120000A002002048000020181402402C0C0040CE
:1012100084824042D002002051B18200A2F1C0423B
:10122000126842F001038200A2F1C042136009E09B
:101230008200A2F1C0421268034B1A408300A3F15E
:10124000C0431A6070470000FEFF0F0030B5002158
:10125000002200230468A400A4F1C0442168424C89
:101260002140D0E901452C43C5682C4305692C4336
:1012700045692C4385692C43C5692C43056A2C4379
:10128000456A2C43856A2C43C56A2C43056B2C4365
:1012900021430468A400A4F1C04421608468082CA0
:1012A0000BD10468A400A4F1C044246844F04005B4
:1012B0000468A400A4F1C04425600468641CA40070
:1012C000A4F1C044226802F04042446B2468456B9C
:1012D0006D6844EA0514456BAD6844EA0524456B26
:1012E000AD8944EA0544456B2D8A44EA0554456BB3
:1012F0002D7D44EA0564456BAD692C4322430468A7
:10130000641CA400A4F1C0442260C46AB4F5804FF8
:1013100020D10468A400A4F1C044D4F80431134CD3
:101320002340846B2468856B6D6844EA0514856BE3
:10133000AD6844EA0524856BAD8944EA0544856BB4
:10134000AD692C4323430468A400A4F1C044C4F84D
:10135000043107E06FF070450468A400A4F1C044B4
:10136000C4F8045130BD00008000F7FF0000F0CF4A
:10137000F0B50A4600210023002400BF3DE001250E
:1013800005FA01F3156805EA03049C4234D10568A7
:101390004F000326BE40B543056015794E00B540A9
:1013A0000668354305601579012D02D01579022DA7
:1013B00016D185684F000326BE40B5438560557938
:1013C0004E00B540866835438560456801268E40ED
:1013D000B5434560456896798E40B6B23543456061
:1013E000C5684F000326BE40B543C560D5794E00A1
:1013F000B540C6683543C560491C1029BFD3F0BD50
:10140000F0B5002300244D07ED0E02FA05F3CE10CF
:1014100000F1200555F826504E07F70E0F26BE4066
:10142000B543CF1000F1200646F82750CE1000F14A
:10143000200555F8265045EA0304CE1000F120059A
:1014400045F82640F0BD4183704701837047000096
:1014500070B52DED088B054600249FED1E0AB0EEF9
:10146000408A0021284605F0CFF80446B4F5004F25
:1014700011DA2046FFF7C5F841EC1A0B9FED160B69
:1014800053EC102BFEF7BDFF41EC190BFFF712F9DF
:1014900008EE100A19E0E043401CFFF7A1F841EC08
:1014A0001B0B9FED0D0B53EC102BFEF7AAFF41EC2D
:1014B0001A0B9FED0B0B53EC102BFEF79FFF41EC2B
:1014C000190BFFF7F7F808EE100AB0EE480ABDEC6A
:1014D000088B70BD00000000000000000000803F8D
:1014E000000000000000000010B516220749E620A9
:1014F000FFF73AFB0548D0F81200401C0349C1F839
:1015000012001622E620FFF76AFB10BD48030020F8
:1015100000BFFEE710B500200F4908600F480068C3
:1015200020F440000D4908600846006840F480003F
:10153000086000200A49C1F8AC0204200AF0CEFA83
:1015400001200549086004200AF0C8FA0020044977
:10155000C1F8A80210BD0000A88240420004024069
:10156000008040421CB50121022004F047FF4FF4E7
:101570004060009001208DF804008DF806000320E3
:101580008DF8050001208DF8070069460448FFF733
:10159000EFFE0120034908600349C1F8A8021CBD01
:1015A00000040240AC8240420080404210B500205E
:1015B0000F4908600F48006820F440000D4908609A
:1015C0000846006840F48000086001200A49C1F81C
:1015D000AC0204200AF082FA0120054908600420C8
:1015E0000AF07CFA00200449C1F8A80210BD0000EE
:1015F000A8824042000402400080404270B5054687
:1016000000241448006820F44000124908600026B5
:1016100016E000201049086004200AF05FFA01205B
:101620000E49C1F8A8026006040E0B487C38006819
:1016300008B1601CC4B202200AF050FA701CC6B295
:10164000082EE6DB15B9FFF7B1FF01E0FFF762FFF7
:10165000204670BD00040240A88240420080404203
:1016600070B504461548006820F44000134908602E
:101670000846006840F480000860002010490860B7
:10168000002517E0E0090E49091D08606006040EF8
:1016900004200AF023FA01200A49C1F8A802042014
:1016A0000AF01CFA00200649086004200AF016FA25
:1016B000681CC5B2082DE5DB70BD000000040240C7
:1016C000A88240420080404210B50F48006820F4D4
:1016D00040000D4908600846006840F4800008603A
:1016E00001200A4908600A49C1F8A80208200AF046
:1016F000F5F900200549086008200AF0EFF90020FC
:101700000349C1F8A80210BD00040240AC82404267
:101710000080404210B50F48006820F440000D4999
:1017200008600846006840F48000086000200A490C
:1017300008600A49C1F8AC0208200AF0CFF901207C
:101740000549086008200AF0C9F901200349C1F8D9
:10175000AC0210BD00040240A8824042008040421A
:1017600010B500241248006820F4400010490860B9
:1017700001201049086002200AF0B0F901200E494A
:10178000C1F8A80202200AF0A9F907E0601CC4B25F
:10179000FA2C03DDFFF7BEFF012010BD054880389D
:1017A00000680028F2D10349091F086000BFF4E770
:1017B00000040240AC824042008040421CB501213E
:1017C000084604F01BFE0121022004F017FE01214F
:1017D000022004F013FE0121082004F00FFE012175
:1017E000102004F00BFE0121202004F007FE01214F
:1017F000402004F003FE4FF400406649088048F2A0
:101800004000009001208DF8040000208DF80600B3
:1018100003208DF8050001208DF8070069465E4819
:10182000FFF7A6FD4020009001208DF80400002065
:101830008DF8060003208DF8050001208DF80700C3
:1018400069465648FFF794FD0820009069465148C4
:101850001A38FFF78DFD4FF40C4000906946504850
:10186000FFF786FD0C214C48FFF7EFFD4FF40041D8
:101870004948FFF7E8FD41F60110009001208DF87E
:10188000040000208DF8060003208DF805000120DB
:101890008DF8070069464048FFF76AFD4FF4307045
:1018A000009001208DF8040000208DF80600032030
:1018B0008DF8050001208DF8070069463948FFF7CB
:1018C00057FD43F24C00009001208DF804000020E9
:1018D0008DF8060003208DF8050001208DF8070023
:1018E00069463148FFF744FD4F20009001208DF8F4
:1018F000040000208DF8060003208DF8050001206B
:101900008DF8070069462548FFF732FD48F20100CF
:10191000009001208DF8040000208DF806000320BF
:101920008DF8050001208DF80700694619481A381E
:10193000FFF71EFD00201D4908601D49C1F8800207
:101940001A49091D086001201A490860091D08602C
:10195000091D0860091D08601749086017490860DB
:10196000164910310860091F086010490C310860E1
:1019700011492C390860091D08600F491C3908609D
:101980000D49091F08600E490860C003014908801D
:101990001CBD00001A14024000000240001002406A
:1019A0000018024000040240000C024098824042AD
:1019B0000000404280024242B4824142A0024042C2
:1019C000808242424CF6CC400149086070470000DA
:1019D000003000404AF6AA20014908607047000024
:1019E000003000400149486070470000003000406E
:1019F00001498860704700000030004001490860DC
:101A000070470000003000402DE9FC47002700200F
:101A10000090019080468146002400254FF4A0608C
:101A200003F098FB00F034FA4FF47A61052009F0D6
:101A3000ABFAFFF7C3FE4FF4E13009F0D3F987A00A
:101A400009F0B4FA864809F0B1FA86A009F0AEFAB6
:101A500009F096FA04200AF063F80AF0BDF801F0E4
:101A600065FB4FF4E13183A009F0A0FA0520FFF7F0
:101A7000B7F909F085FA08208949088089A009F09A
:101A800095FA8FA009F092FA9620FFF7A9F909F0CC
:101A900077FA01F07BFA95A009F088FAFFF7D8F8F9
:101AA00096A009F083FAFFF71FFD9848D0F81210AE
:101AB00097A009F07BFA0AF01FF909F061FAFFF725
:101AC000E5F898A009F072FA04F0CAFD002103209D
:101AD000FEF7A5FF97A009F069FAFFF721F9A0A08A
:101AE00009F064FA09F04CFA06F02CFB06F0A2FBB0
:101AF000A0A009F05BFA002003F0CCFA05F0F0FD9D
:101B000009F03EFA0AF072F99FEDA10A06F0B0F969
:101B100006F062FA00F03CFB09F032FA9DA009F0F1
:101B200045FA4FF4FA70FFF75BF909F029FA00F073
:101B300055FC9C4881889CA009F038FA4FF4FA7053
:101B4000FFF74EF909F01CFAFFF70AF89DA009F01B
:101B50002DFA0AF06DFF09F013FA3220FFF740F971
:101B600002F032FA9CA009F021FA09F009FA08F013
:101B70001DF909F005FA40F2E734532529462046BD
:101B800006F048F998A009F011FA2A4621469BA0D0
:101B900009F00CFA601C691C10FB01F090FBF1F6D7
:101BA00031469CA009F002FA09F0EAF9142142F248
:101BB0000F7006F001F942F2CF01204606F0CEF890
:101BC0003220FFF70DF909F0DBF900209849086091
:101BD0009848007818B197480078012802D106F09B
:101BE000B1FA01E006F0EAFA09F0CAF900209249D8
:101BF000086001209149C1F880028F49091D0860E1
:101C000000208F490860091D0860091D0860091D32
:101C100008608C4908608C4908608B491031086065
:101C2000091F086084490C31086086492C39086016
:101C3000091D086083491C3908608249091F086032
:101C40007B49303908600223032211467FA009F046
:101C5000ADF985A009F0AAF9BDE8FC870D0A0000DE
:101C6000F0E200084D4355205374617274210D0A4F
:101C70000000000044656267755F556172742069F9
:101C80006E6974204F4B212062617564207261740B
:101C9000653D2564206269742F730D0A0D0A0000EA
:101CA00018140240416E676C6F6720706F77657221
:101CB00020686173206F70656E210D0A00000000BE
:101CC0005761697420666F7220616E616C6F672066
:101CD000706F77657220746F2073746162696C69CC
:101CE0007A652E2E2E2E2E2E210D0A004C45445F95
:101CF000496E6974204F4B210D0A000042656570E2
:101D00005F496E6974204F4B210D0A004803002083
:101D10004D43555F504F525F54696D65733A25646A
:101D20000D0A000042746E5F496E6974204F4B21AA
:101D30000D0A00004144353534325F496E69742024
:101D40004F4B2C53657420414435353432204F7548
:101D50007470757420746F207A65726F210D0A009B
:101D6000436F6465635F496E6974204F4B210D0AB0
:101D700000000000547269676765724578494E310A
:101D8000325F496E6974204F4B210D0A000000003C
:101D9000000000005265736574204C4344210D0A15
:101DA00000000000204200204C4344204F4B2120E3
:101DB0004C43444445565F49443D307825780D0AEC
:101DC00000000000415432344358585F496E697432
:101DD000204F4B210D0A000047657420506172208E
:101DE0004F4B0D0A00000000496E69742054696D64
:101DF000657236204F4B210D0A00000054696D6555
:101E00007236204152523D25642C5053433D256487
:101E10000D0A000054696D657236204F7665726652
:101E20006C6F775F74696D653D256475730D0A008D
:101E3000B0824242C00100209882404200004042ED
:101E400080024242B4824142A0024042736F6674F3
:101E5000776172655F76657273696F6E3A25642E7D
:101E600025642E25640D0A004861726477617265ED
:101E700020696E6974204F4B21205379732072754D
:101E80006E6E696E672E2E2E2E2E2E0D0A0D0A00F6
:101E900010B5104800684FF47A71B0FBF1F4601E81
:101EA000B0F1807F00D30FE0601E4FF0E021486169
:101EB0000F214FF0FF3003F057F900204FF0E021E1
:101EC00088610720086100BF0021481E03F04CF91B
:101ED00010BD0000300300200146062935DA00203D
:101EE000A94A10600120A94AC2F89C02A64A0832F9
:101EF0001060121D1060121D1060A44AC2F8AC02DE
:101F0000A1489838006808B9002070479E48943866
:101F1000006808B90120F8E79B489038006808B9C4
:101F20000220F2E798488C38006808B90320ECE7F3
:101F300095488838006808B90420E6E79248843854
:101F40000068002873D10520DFE70C2936DA01206C
:101F50008D4A106000208D4AC2F89C0201208A4AF6
:101F600008321060121D1060121D1060874AC2F8FE
:101F7000AC0285489838006808B90620C5E7824851
:101F80009438006808B90720BFE77F489038006898
:101F900008B90820B9E77C488C38006808B90920DE
:101FA000B3E779488838006808B90A20ADE7764871
:101FB000843800680028C5D10B20A6E7122937DA3B
:101FC0000120714A1060714AC2F89C0200206E4ADA
:101FD000083210600120121D1060121D10606B4A43
:101FE000C2F8AC0268489838006808B90C208CE741
:101FF00065489438006808B90D2086E76248903833
:10200000006808B90E2080E75F488C38006808B97E
:102010000F207AE75C488838006808B9102074E718
:1020200059488438006800288CD111206DE7A1E060
:10203000182936DA0120544A1060544AC2F89C022A
:10204000514A083210600020121D10600120121D3C
:1020500010604E4AC2F8AC024B489838006808B984
:10206000122052E748489438006808B913204CE71A
:1020700045489038006808B9142046E742488C3833
:10208000006808B9152040E73F488838006808B95B
:1020900016203AE73C4884380068002871D11720A0
:1020A00033E71E2935DA0120374A1060374AC2F873
:1020B0009C02354A08321060121D10600020121D6B
:1020C00010600120314AC2F8AC022F4898380068ED
:1020D00008B9182019E72C489438006808B9192065
:1020E00013E729489038006808B91A200DE72648F8
:1020F0008C38006808B91B2007E723488838006837
:1021000008B91C2001E720488438006890BB1D20D6
:10211000FBE6242935DA01201B4A10601B4AC2F86D
:102120009C02194A08321060121D1060121D1060C6
:102130000020164AC2F8AC0213489838006808B963
:102140001E20E2E610489438006808B91F20DCE63B
:102150000D489038006808B92020D6E60A488C3827
:10216000006808B92120D0E607488838006810B90F
:102170002220CAE605E004488438006808B9232014
:10218000C3E6FF20C1E60000980241420000414240
:102190001CB50121402004F031F9082000900120F5
:1021A0008DF8040000208DF8060003208DF805004E
:1021B00001208DF8070069461248FFF7D9F808F0AA
:1021C000DFFE08200F491A310880C820FEF708FEFC
:1021D00008200C491831088008F0D2FE4FF4167020
:1021E000FEF7FEFD08F0CCFE082006491A310880F3
:1021F000C820FEF7F5FD082002491831088008F0D4
:10220000BFFE1CBD0018024070B5044600261948E8
:10221000058808F0B5FE1748408845431548808872
:1022200046F60401884216D112488079012812D15D
:102230000020104988712A2048812B2088810021A4
:10224000084600F067FD01200A4988712B2048816B
:102250002A20888103E00021084600F05BFD00F0A1
:1022600083FE002602E004480480761CAE42FAD3C6
:1022700070BD0000204200200000026010B504463E
:1022800008F07EFEDCB900201C498871F02008802F
:102290004FF4A07048800846808841F66311884258
:1022A00028D12C20154908812B2048812A2088819B
:1022B0004FF4F07008804FF4487048801AE0012015
:1022C0000E4988714FF4A0700880F02048800846BD
:1022D000808841F6631188420CD12C20074908817F
:1022E0002A2048812B2088814FF4F07008804FF419
:1022F00088704880002000F093FB10BD2042002031
:1023000070B504460D46164608F03AFE1A48808815
:1023100041F66311884227D11748807920B91648C1
:102320000088401E001B84B21349488900F016FE45
:10233000201200F00DFEE0B200F00AFE201200F0C4
:1023400007FEE0B200F004FE0B49888900F006FEAB
:10235000281200F0FDFDE8B200F0FAFD281200F0AE
:10236000F7FDE8B200F0F4FD034800890349088056
:10237000881C068070BD000020420020FEFF016026
:102380002DE9F05F05460E4617469846DDF828A071
:102390004FF0000B08F0F4FD781B401C1FFA80FB87
:1023A000344615E02146284600F0B4FC00F0DCFD80
:1023B0004FF0000906E00848A0F800A009F101006C
:1023C0001FFA80F9D945F6DB08F0DAFD601C84B20B
:1023D0004445E7DDBDE8F09F000002602DE9F043D1
:1023E000A1B000260027B046B1460121182004F014
:1023F00005F80121084604F011F84CF6B3701F905F
:1024000002208DF8800000208DF8820003208DF8D6
:10241000810001208DF883001FA9FE48FEF7A8FF68
:102420004FF680701F9002208DF8800000208DF8FC
:10243000820003208DF8810001208DF883001FA900
:10244000F548FEF795FF0C220021F248FEF7D8FF71
:102450000C220121EF48FEF7D3FF0C220421ED48A6
:10246000FEF7CEFF0C220521EA48FEF7C9FF0C2239
:102470000821E848FEF7C4FF0C220921E548FEF7D1
:10248000BFFF0C220A21E348FEF7BAFF0C220E21FF
:10249000E048FEF7B5FF0C220F21DE48FEF7B0FF43
:1024A0000C220721DC48FEF7ABFF0C220821DA489A
:1024B000FEF7A6FF0C220921D748FEF7A1FF0C2248
:1024C0000A21D548FEF79CFF0C220B21D248FEF7CB
:1024D00097FF0C221146D048FEF792FF0C220D21E7
:1024E000CD48FEF78DFF0C220E21CB48FEF788FF6A
:1024F0000C220F21C848FEF783FF0C220721C54894
:10250000FEF77EFF0C220B21C248FEF779FF102058
:10251000099000200A903C200B9000200C90022093
:102520000D9000200E900F9012200290002003903A
:1025300010200490002005900690079008901090BD
:102540001190129010201390002014901690159066
:10255000179018904FF48050199000201A904FF463
:1025600080401B9000201C9009A81D9002A81E907E
:1025700010A8FEF76BFE01210020FEF74DFE08F0CB
:10258000FFFC4FF44870FEF72BFC08F0F9FC00202C
:1025900000F008FAA149888008468188A0A008F0C8
:1025A00005FD0020009001900024A12000F0D6FC41
:1025B000052009F093FA00F0EBF9C0B28DF80000A5
:1025C00000F0E6F9C0B28DF8010000F0E1F9C0B208
:1025D0008DF8020000F0DCF9C0B28DF8030000F0C5
:1025E000D7F9C0B28DF8040092A008F0DFFC00BF5C
:1025F00006E01DF8041093A008F0D8FC601CC4B2DB
:10260000052CF6DB91A008F0D1FCA12000F0A6FC7F
:1026100000F0BEF98149888000F0BAF97F498880CE
:10262000084680884FF6FF7101EA00207B498880C8
:1026300000F0AEF9794989880843784988800846CE
:10264000818877A008F0B2FC0A20FEF7C9FB08F0E9
:1026500097FC41F66310714988800846808841F6EE
:10266000631188427ED108F08BFCE22000F076FCFA
:102670001D2000F06DFC022000F06AFC042000F038
:1026800067FC642009F02AFAE02000F067FC0120D2
:1026900000F05EFC0A20FEF7A3FBE02000F05EFCE9
:1026A000032000F055FC0C20FEF79AFB012000F0FF
:1026B00055FC0A20FEF794FB4FF44870FEF790FBA0
:1026C000E62000F04BFC2F2000F042FCFF2000F041
:1026D0003FFCFF2000F03CFCB02000F03FFC10204D
:1026E00000F036FC002000F033FC08F049FC01202B
:1026F00000F02EFC40F2DF1000F02AFC012000F078
:1027000027FC40F20F1000F023FC002000F020FC1A
:10271000B42000F023FC022000F01AFC40F2DF207D
:1027200000F016FC002000F013FC2E2000F010FC3E
:10273000002000F00DFC002000F00AFC002000F05A
:1027400007FC002000F004FC08F01AFCB62000F0A2
:1027500005FC012000F0FCFB4FF49E7000F0F8FB3C
:10276000002000E04BE000F0F3FB172000F0F0FB4E
:10277000152000F0EDFB002000F0EAFB002000F047
:10278000E7FBF02000F0EAFB032000F0E1FB29204A
:1027900000F0E4FBD02000F0E1FB002000F0D8FBCB
:1027A000BE2000F0DBFB052000F0D2FBFE2000F095
:1027B000CFFB012000F0CCFB002000F0C9FB002083
:1027C00000F0C6FB002000F0C3FB08F0D9FBB820E6
:1027D00000F0C4FB032000F0BBFB012000F0B8FBBD
:1027E000BA2000F0BBFB012000F0B2FB002000F09B
:1027F000E5F8C820FEF7F4FA002000F0DFF8012029
:10280000FFF73CFD42F20410FFF7FEFC002400201D
:1028100000901DE0000C0240001002402042002009
:102820006C63646465762E69643D307825780D0AA2
:10283000000000006765745F6C63645F6D6F6465C2
:102840003A00000020307825780000000D0A0000D2
:102850000190002500F0A6F8044621463AA008F0B1
:10286000A5FBA12000F07AFB052009F037F900F064
:102870008FF8C0B28DF8000000F08AF8C0B28DF871
:10288000010000F085F8C0B28DF8020000F080F879
:10289000C0B28DF8030000F07BF8C0B28DF80400E0
:1028A000AFF2700008F082FB00BF07E01DF80510D2
:1028B000AFF2700008F07AFB681CC5B2052DF5DB9D
:1028C000AFF2780008F072FBA12000F047FB00F0A7
:1028D0005FF8044600F05CF804464FF6FF7000EA2B
:1028E000042400F055F80443214617A008F05EFBCD
:1028F00045F26170844223D017A008F057FB642092
:10290000FEF76EFA00BF00BF00BF00BF00BFBFF3FD
:102910004F8F00BF00BF00BF1B48006800F4E0609D
:102920001A490843001D1849086000BF00BF00BFD6
:10293000BFF34F8F00BF00BF00BF00E000BFFDE747
:1029400021B0BDE8F08300006C63645F69643D30D2
:102950007825780D0A0000004C434420696E6974A4
:10296000206661696C2C5468652073797374656D99
:102970002077696C6C206265207265737461727473
:102980006564210D0A0000000CED00E00000FA056E
:1029900008B5034800880090BDF8000008BD00009D
:1029A0000000026010B50446204600F0D7FA05206A
:1029B00009F094F8FFF7ECFF10BD000070B52DEDA5
:1029C000048B044608F0DCFABE2000F0C7FA0520AC
:1029D00000F0BEFA2046FDF714FE41EC190B9FED06
:1029E0000E0B53EC102BFDF70CFD41EC180BFDF713
:1029F00035FE85B2284600F0ABFA012000F0A8FAB7
:102A0000FF2000F0A5FA002000F0A2FA002000F05C
:102A10009FFABDEC048B70BD666666666666044010
:102A20002DE9F04105460024002708F0A9FAB8482E
:102A3000807901280BD1B648808846F60401884287
:102A400005D0B348808841F66311884208D1B04868
:102A50008079F0B9AE48808841F66311884218D178
:102A6000082D15D2DFE805F00406080A0C0E101236
:102A700006250DE007250BE0042509E0052507E004
:102A8000012505E0002503E0032501E0022500BF44
:102A900000BF9F48808849F24131884217D09C4846
:102AA000808846F60401884211D09948808845F212
:102AB000103188420BD09648808845F210518842E8
:102AC00005D09348808841F6631188427ED1082D55
:102AD0001CD2DFE805F00406090C0F12151800BF20
:102AE00014E044F0800411E044F040040EE044F0AF
:102AF000C0040BE044F0200408E044F0600405E06A
:102B000044F0A00402E044F0E00400BF00BF8048AD
:102B1000808845F21051884202D14FF4585700E0A6
:102B200036277B48808845F2103188420DD078489E
:102B3000808845F21051884207D07548808841F658
:102B40006311884201D044F008047148808846F639
:102B50000401884201D144F002042146384600F0C5
:102B60000DFA6B48808841F6631188421DD004F04D
:102B7000200068B16648008865494988884214DAAF
:102B800063480688408862490880084646800CE011
:102B90005F4800885E494988884206DD5C480688AF
:102BA00040885B490880084646805948808845F23D
:102BB0001051884254D15649488900F0CFF900207D
:102BC00000F0C6F952494989491C00E077E088B213
:102BD00000F0C4F9002000F0BBF94D494989891C77
:102BE00088B200F0BBF94A490988491EC1F30F2099
:102BF00000F0AEF946494989C91C88B200F0AEF927
:102C000043490978491EC8B200F0A2F940498889B1
:102C100000F0A4F9002000F09BF93D498989491C86
:102C200088B200F09BF9002000F092F938498989B8
:102C3000891C88B200F092F935494988491EC1F3D0
:102C40000F2000F085F932498989C91C88B200F04B
:102C500085F92F498978491EC8B200F079F955E005
:102C60002B49488900F07AF9002000F071F9002022
:102C700000F06EF926490988491EC1F30F2000F0C3
:102C800067F923490978491EC8B200F061F9204963
:102C9000888900F063F9002000F05AF9002000F064
:102CA00057F91B494988491EC1F30F2000F050F91C
:102CB00017498978491EC8B200F04AF926E0082D64
:102CC0001CD2DFE805F004070A0D0F12151844F0B6
:102CD000300413E044F0100410E044F020040DE050
:102CE00000BF0BE044F0380408E044F0280405E09D
:102CF00044F0180402E044F0080400BF00BF0327BA
:102D000044F480542146384600F038F9BDE8F0819B
:102D10002042002070B504460D462848808841F6C0
:102D20006311884248D108F02BF924488079A8B96A
:102D300022480088401E001B84B22049488900F0C8
:102D40000DF9201200F004F9E0B200F001F92012B0
:102D500000F0FEF8E0B200F0FBF816E017494889F1
:102D600000F0FCF8201200F0F3F8E0B200F0F0F808
:102D700012490988491EC1F30F2000F0E9F80F49F4
:102D80000978491EC8B200F0E3F80C49888900F0C0
:102D9000E5F8281200F0DCF8E8B200F0D9F80749AD
:102DA0004988491EC1F30F2000F0D2F80349897801
:102DB000491EC8B200F0CCF870BD000020420020CF
:102DC0002DE9F84F80460E4617461C46B34620466E
:102DD000E31704EB5373DB1021464FEAE47C04EB6A
:102DE0005C7C4FEAEC0CA4EBCC0CBCF1000F02D0E5
:102DF0004FF0010C01E04FF0000C6344224604EB5D
:102E0000D27C4FEA6C0C03FB0CF3DBB2009308F0AE
:102E1000B7F8A7F12000C7B2002554E00C2C07D169
:102E200007EB47002A4901EB800010F8059013E0FA
:102E3000102C05D1274800EB071010F805900BE087
:102E4000182C07D107EBC700234901EB800010F8CD
:102E5000059001E0BDE8F88F4FF0000A2DE009F081
:102E6000800028B1314640460C9AFFF749FA06E047
:102E70000A9820B9314640460B9AFFF741FA4FEACB
:102E800049604FEA1069701C86B214484088B0420D
:102E900000DCDFE7A6EB0B00A0420AD15E4608F19A
:102EA00001001FFA80F80D480088404500DCD1E79A
:102EB00006E00AF1010000F0FF0ABAF1080FCEDBCC
:102EC00000BF681CC5B200988542A7DB00BFC1E700
:102ED00030CB0008A4CF000894D500082042002081
:102EE0002DE9FF5F04460D46904699460EAE96E8E2
:102EF000C00CE0B2039008F043F808EB04001FFA9E
:102F000080F809EB05001FFA80F917E0444502DB61
:102F1000039CA81985B24D4500DB15E000208DE823
:102F2000010C3A78334629462046FFF749FF3046E0
:102F300006EBD07104EB61018CB27F1C38787E28DF
:102F400002DC38782028E1DA00BFBDE8FF9F0000EE
:102F500001490880704700000000026001490880B4
:102F600070470000FEFF01600248008902490880A6
:102F70007047000020420020FEFF0160024A1080DE
:102F8000921C118070470000FEFF01601CB50121FA
:102F9000084603F033FA0121022003F02FFA012141
:102FA000082003F02BFA0121102003F027FA41F644
:102FB0000110009001208DF8040000208DF806001B
:102FC00003208DF8050001208DF807006946174899
:102FD000FEF7CEF94FF43070009069461448FEF7C2
:102FE000C7F943F24C00009069461248FEF7C0F959
:102FF0001F20009069461048FEF7BAF941F601110A
:103000000A48FEF722FA4FF430710948FEF71DFA1C
:1030100043F24C010748FEF718FA1F210648FEF755
:1030200014FA0020054908601CBD000000000240A1
:1030300000040240000C024000100240988240420E
:103040000020064908600649C1F8B00203490C3166
:1030500008600449C1F8A40270470000A002404281
:1030600000004042008040420020064908600649B6
:10307000C1F88C020349103108600349C1F8B0025D
:103080007047000088824142008041422448007815
:10309000022809D10120234908604FF4FA70204921
:1030A0004880012008700BE01D480078012807D1F6
:1030B0001B48408820B900201A4908601849087048
:1030C00017480079022806D14FF4FA701449C880D5
:1030D0000120087109E012480079012805D1104843
:1030E000C08810B900200E4908710D48007A0228E6
:1030F00009D101200C4908604FF4FA700849488151
:10310000012008720BE00648007A012807D1044824
:10311000408920B9002004490860014908727047BD
:10312000D80600208C024242B482414210B57B2076
:1031300003F042FA10B118A007F038FF7A2003F02C
:103140003BFA10B119A007F031FF7C2003F034FAEC
:1031500010B11BA007F02AFF7D2003F02DFA10B15B
:103160001CA007F023FF7E2003F026FA10B11EA05A
:1031700007F01CFF7F2003F01FFA10B11FA007F01B
:1031800015FF792003F018FA10B121A007F00EFF07
:1031900003F094F910BD00005243435F464C414791
:1031A0005F504F525253540D0A0000005243435F88
:1031B000464C41475F50494E5253540D0A0000009F
:1031C0005243435F464C41475F5346545253540D5C
:1031D0000A0000005243435F464C41475F49574451
:1031E000475253540D0A00005243435F464C414737
:1031F0005F575744475253540D0A00005243435FF0
:10320000464C41475F4C5057525253540D0A0000F0
:103210005243435F464C41475F424F525253540D15
:103220000A0000002DE9F04100250024002708F0E5
:10323000E5FB0546002D77D0681E032190FBF1F0D9
:10324000C4B2681E90FBF1F201FB1200C7B2002F5E
:103250006AD1242C68DA0B2C67D1FC48807838B905
:10326000FB488078012801D002F0CEFCBDE8F08157
:10327000F6488078032810D1F5488078012805D0D9
:10328000F24948780022114601F082FF0020F149FE
:1032900008600121EE488170E8E7FF20EB49C87023
:1032A00001F0D2FFFFF7E0FEE948807801286BD1FA
:1032B000E948008918B149F64040E74908810120F2
:1032C00007F01CFB0220E14981F8730108464078B1
:1032D000012816D1E14840680168E1A007F066FEC8
:1032E000DE4840680068E949884206D90120E8497B
:1032F0000870E8A007F05AFE1BE00020E4490870BF
:1033000017E0D64840680168E9A007F04FFED348AF
:1033100040680068F149884208D90120DC490870FA
:10332000EFA007F043FE04E06FE23DE00020D84943
:103330000870D748007810B902F074F965E20026E9
:103340000020EE4908701CE007F01AFE08F0EAFCC5
:1033500006460B2E06D10120E94981F8BA0102F098
:1033600061F90FE00A2E04D10120E54981F8BA0184
:1033700008E0E248007820B90120E049087007F031
:1033800035FAE1E700BFD9E7B14880780128D5D008
:10339000AE4948780022114601F0FAFE0020AD49FE
:1033A000086002F031FCC9E70A2C2AD1A7488078CE
:1033B0000028C3D0FF20A549C87001F045FFFFF7E2
:1033C00053FEA348807858B902F01CF99F49487809
:1033D0000022114601F0DCFE01209E490860ADE7A5
:1033E0009B48807802280BD1C648006840F0010055
:1033F000C449086002F0F6F80020964908609DE78D
:103400009CE7092C15D191480078012803D10220AE
:103410008E49087002E001208C490870FF208B491A
:10342000C87001F011FFFFF71FFE01208A490881D3
:1034300084E7182C1AD1FF208449C87001F004FFDA
:10344000FFF712FE8148807800289CD18048807860
:10345000012898D107F052FA02207C4981F87301C3
:1034600002F0E0F80220A849087067E7042C70D148
:10347000774880780128FAD17548007800F002007A
:1034800028B17348007820F0020071490870704834
:103490008078012801D002F0B7FB6C48407808B969
:1034A000012000E000206949487002209649087117
:1034B000FF206649C870FFF7C3FDFFF7D5FD002068
:1034C000624981F870010021604880F872114078EB
:1034D000012854D18D48407820F001008B49487074
:1034E0000846407840F001004870584890F8A8001D
:1034F00056498871084680798870854800788549E2
:1035000008708348801C0268416850488030C0E9D8
:1035100004214FF40040804908804C48807830B145
:1035200001280CD0022815D0032826D11CE04748DA
:10353000007A464948710120784908601EE04348F6
:1035400090F83000414948710120744910310860F9
:1035500014E0E9E03D4890F858003C4948710120EA
:103560006E490C31086009E0384890F8800037490E
:10357000487101206A49086000E000BF51E06348DB
:10358000407820F0010061494870002048702F48C1
:1035900080792E4981F8A800084690F8A800887024
:1035A0005B4840785B49087059480A3002684168B6
:1035B0005C48C0E904214FF4004057490880234883
:1035C000807830B101280DD0022815D0032826D1EB
:1035D0001CE01E4890F8B0001C49487101204F497A
:1035E00008601DE0194890F8D8001849487101207A
:1035F0004A491031086013E0144890F8000113495B
:103600004871012045490C31086009E00F4890F8E5
:1036100028010E49487101204149086000E000BFBF
:1036200000BF3A48407800F001003849097801F0BD
:103630000101884202D0012003F056FF01203049E9
:1036400081F8BA010449088178E6000048000020AA
:103650008402002084024242C8060020A00200200A
:1036600042544E5F53494E474C4554524947474593
:1036700052204D6F646520566F6C746167652C41F4
:103680006D706C3D25640D0A00000000005125029C
:1036900040000020457863656564696E672073614A
:1036A000666520766F6C746167650D0A0000000026
:1036B00042544E5F53494E474C4554524947474543
:1036C00052204D6F64652043757272656E742C4193
:1036D0006D706C3D25640D0A000000008096980016
:1036E000457863656564696E67207361666520630C
:1036F000757272656E740D0A0000000041000020B2
:103700000C050020003C0140D8060020E801002004
:1037100048030020C00100201A140240A0024042C9
:10372000A4824042700100201F2C70D1FE48807896
:1037300001286CD1FD490860FD480078401CFC4917
:10374000087008460078042801DB00200870F8485B
:103750000178F8A007F02AFCF548007818B1F44881
:103760000078012802D104F0EDFC01E004F026FD10
:10377000F4484078012804D1ED480078F2490870F7
:1037800003E0EB480078F04948701622EE49E62045
:10379000FDF725FAE6480078022803D0E4480078CF
:1037A000032829D10120E749C87001F5A870D0E9A4
:1037B000043044F620629A1A70F1000019D244F6DF
:1037C00020610020E14AC2E904101146D1E9040158
:1037D000DC4AD2F854210832DA4BDB7802EBC30220
:1037E00003C2FF20D749C87001F02EFD012007F069
:1037F00085F8FF20D349C870D34842780178D4A017
:1038000007F0D4FB0020C9490860C9E3FFE7A4BB67
:10381000C5488078012803D0CA48807803284AD157
:1038200002F0F2F9D64800884FF6FE710840D449FC
:1038300008800020D249243108600120D149086065
:103840000020D149C1F88002FFF70EFCBD48807806
:1038500008B3FFF7F5FB0120CA49203108600020BA
:10386000B849887008464078012807D10846807812
:1038700088710846007A487109E01CE0B1488078F8
:10388000B04981F8A800084690F8B00048710120BE
:10389000BE4981F8BA010020BD4908600120BD4938
:1038A000C1F88002FF20A749C87001F0CDFC0120BB
:1038B000B949088174E3022C5AD19B4880780128C9
:1038C00003D0A0488078032852D102F09DF901214D
:1038D000954881700020AD4981F8BA01A848008858
:1038E0004FF6FE710840A64908800020A449243103
:1038F00008600120A34908600020A349C1F88002A4
:10390000FFF7B2FB8F488078022821D0FFF798FBA1
:1039100001209C492C31086002208A4988700846A1
:103920004078012807D1084680788871084690F8C9
:103930005800487108E083488078824981F8A800DF
:10394000084690F8000148710120904981F8BA01B9
:1039500000208F49086001208E49C1F88002FF20B5
:103960007849C87001F070FC01208B49088117E389
:10397000012C59D16C488078012803D07148807897
:10398000032851D102F040F90121674881700020DD
:103990007E4981F8BA017A4800884FF6FE710840E6
:1039A0007749088000207649243108600120754954
:1039B000086000207449C1F88002FFF755FB614898
:1039C0008078012820D0FFF73BFB01206D49303182
:1039D00008605C49887008464078012807D108468D
:1039E00080788871084690F83000487108E05548A2
:1039F0008078544981F8A800084690F8D8004871AA
:103A00000120624981F8BA01002061490860012063
:103A10006049C1F88002FF204A49C87001F014FCD7
:103A200001205D490881BBE2032C49D13E488078E2
:103A3000012845D1FFF718FB4FF400405749088093
:103A400040488078032820D0FFF7FAFA0120544933
:103A5000086003203B49887008464078012807D158
:103A6000084680788871084690F88000487108E020
:103A700034488078334981F8A800084690F8280136
:103A800048710120414981F8BA012948007818B1EC
:103A900027480078012802D104F054FB01E004F02B
:103AA0008DFB01203A4908600A20FDF799F9FF20B3
:103AB0002449C87001F0C8FB0120374908816FE232
:103AC000222C30D11848807801282CD108F052FCE3
:103AD0001C48807858B11B488078012807D01948C5
:103AE0008078022803D01748807803289BD1FFF7FD
:103AF000BBFA1448C07801285DD001200B49283951
:103B00000860104890F87301022803D101200D4984
:103B100081F8730101200B49C870002102F0B4FF45
:103B2000012008493EE0A4E084020020B482414222
:103B3000C0010020576176655F747970653D25642A
:103B40000D0A0000480000204803002098010020D2
:103B5000734164646974696F6E616C446174612E51
:103B6000565F576176655F747970653A25642C43BA
:103B70005F576176655F747970653A25640D0A0058
:103B80000004004080024042000042420C05002038
:103B9000B082424200004042C80600201A1402408F
:103BA000A482404281F870010021FE4880F8711122
:103BB00080F872115AE0FB48C07801283CD1FA48DD
:103BC000007818B1F848007801281BD1F748D0E9EF
:103BD000042042F21073D21A70F1000004D21A4687
:103BE0000020F249C1E90420F048D0E90410ED4A70
:103BF000D2F854210832EB4BDB7802EBC302C2E966
:103C0000001019E0E948D0E9042044F62063D21AF4
:103C100070F1000004D21A460021E448C0E90421F2
:103C2000E249D1E90401DF4AD2F854210832DD4BE0
:103C3000DB7802EBC30203C2DA4890F87301012873
:103C40000AD10020D74981F87301012006F056FE01
:103C50000220D44981F87301FF20D249C8700020A6
:103C600081F870010021CF4880F8721101F0ECFA60
:103C700096E1232C45D1CE488078012841D108F027
:103C800079FBFFF7F1F9C748C078E8B10120C949CD
:103C90000860C44890F87301022803D10120C1498B
:103CA00081F873010020BF49C8700021012002F093
:103CB000EBFE0120BB4981F870010021B94880F872
:103CC000711180F8721119E0B64890F8730101285B
:103CD0000AD10020B34981F87301012006F00EFEDD
:103CE0000220B04981F87301FF20AE49C87000205E
:103CF00081F870010021AB4880F8721101F0A4FA3C
:103D00004EE1212C6CD1AA488078012868D108F0B6
:103D100031FBA4488078012803D0A248807802288B
:103D2000A6D1FFF7A1F99F48C07802281ED0012034
:103D3000A049103108609B4890F87301022803D114
:103D40000120984981F8730102209649C87000212A
:103D5000012002F099FE0120924981F870010021B2
:103D6000904880F8711180F8721136E08D48C07863
:103D7000022818D18D48D0E904308F4A9A1A70F180
:103D8000000004D28C4A00208849C1E904208749F8
:103D9000D1E90401834AD2F854210832814BDB78FF
:103DA00002EBC30203C27F4890F8730101280AD1D5
:103DB00000207C4981F87301012006F09FFD02205C
:103DC000784981F87301FF207649C870002081F896
:103DD00070010021734880F8721101F035FADFE0BC
:103DE000202C68D172488078012864D108F0C2FA8A
:103DF0006C48807802285DD1FFF736F96948C078B1
:103E000003281ED001206B4928310860654890F8CE
:103E10007301022803D10120624981F87301032054
:103E20006049C8700021012002F02EFE01205D498A
:103E300081F8700100215B4880F8711180F87211DF
:103E400036E05848C078032818D15848D0E9041003
:103E50005A4A891A70F1000004D2114600225348D0
:103E6000C0E904125149D1E904014E4AD2F8542163
:103E700008324C4BDB7802EBC30203C2494890F88E
:103E8000730101280AD10020464981F873010120FD
:103E900006F034FD0220434981F87301FF204149B7
:103EA000C870002081F8700100213E4880F872112E
:103EB00001F0CAF974E0132C03D1002002F076FE61
:103EC0006EE01D2C03D1012002F070FE68E0172C7B
:103ED00003D1022002F06AFE62E0112C03D103201C
:103EE00002F064FE5CE01C2C03D1042002F05EFEB4
:103EF00056E0162C03D1052002F058FE50E0102C9D
:103F000003D1062002F052FE4AE01B2C03D1072009
:103F100002F04CFE44E0152C03D1082002F046FECE
:103F20003EE00F2C03D1092002F040FE38E0072CC0
:103F300003D10B2002F03AFE32E01E2C03D10C20FC
:103F400002F034FE2CE0192C08D1164890F87201CA
:103F500030BB0121134880F8721121E00D2C1FD1D4
:103F6000FFF782F808F006FAFF200E49C87001F04A
:103F70006BF900200B4981F870010021094880F895
:103F8000721190F8730101280AD10020054981F8C7
:103F90007301012006F0B2FC0220024981F873018E
:103FA00000BF0DE048000020C00100209801002063
:103FB0008402002088824142400D0300A086010057
:103FC000FFF754B900BFFEE770B5DE22FC494FF49D
:103FD0000070FCF7C9FDFA4800787E2804D1F84843
:103FE00090F8DD0045287DD0F6A006F0DFFF002028
:103FF000FE4908700120487003F076FA012007F0AE
:1040000059FDFB48007A40F00B00F9490872084658
:1040100090F8300040F00B0081F83000084690F82E
:10402000580040F00B0081F85800084690F88000D6
:1040300040F00B0081F88000084690F8B00040F096
:104040001A0081F8B000084690F8D80040F01A0035
:1040500081F8D800084690F8000140F01A0081F875
:104060000001084690F8280140F01A0081F8280164
:10407000FF2088700846007A48717E20D049087079
:1040800001204870D948407800F001008870002075
:10409000C8700871D648007A487100208871C871CC
:1040A000D449C74A9160D060D34800211061516162
:1040B000CF4890F830001146087600204876887680
:1040C000C876CC49D1611062CB4800215062916220
:1040D000CA48D0621163C64890F85800114681F86A
:1040E000340000E008E2002081F8350081F8360055
:1040F00081F8370081F83800BE480021393210605D
:104100005160BD48083210605160BC4808321060F0
:104110005160BB490020083211605060B44890F8EB
:104120008000A74981F85900002081F85A00B24860
:1041300000210A3210605160AD4890F8B000A049EB
:1041400081F86300002081F8640081F86500A948C7
:1041500000210B32106051604110002008321160C4
:104160005060A34890F8D800954981F87600002067
:1041700081F8770081F8780081F879009D490C3248
:1041800011605060491008321160506008321160AF
:104190005060974890F80001894981F8920000200A
:1041A00081F8930081F8940081F8950081F89600D9
:1041B00090490D32116050604810002108321060A3
:1041C00051600832106051608D48083210605160B3
:1041D000874890F828017A4981F8B700002081F8D3
:1041E000B80086490A3211605060754981F8C100F3
:1041F00081F8C20081F8C30081F8C40081F8C500CD
:1042000081F8C60081F8C70081F8C800002110328B
:10421000116051600832106050606949C1F8D900DE
:10422000452081F8DD00DE224FF40070FCF7D7FC5A
:1042300002207449087048706E490020714A921C2F
:104240001160506008321160506016226D49E620FE
:10425000FCF7C5FC5A48407965490872584881798D
:10426000634881725648C1796148417254488168F7
:10427000C2685F48C0E906125149086949695C4A49
:10428000C2E904014E48007E114681F830004C48D6
:10429000417E104680F832104948817E104680F8F1
:1042A00031104748C17E104680F833104448C26937
:1042B000016A4F48C0E910214148426A806A4C496E
:1042C000C1E90E203E48C26A016B4948C0E912218B
:1042D0003B4890F83400464981F85800384890F837
:1042E0003510434880F85A10354890F83610404849
:1042F00080F85910324890F837103D4880F85B102C
:104300002F4890F838103A4880F85C102C48393023
:10431000016842683648C0E91A12294941310868E3
:104320004968334AC2E918012548493001684268A2
:104330002F48C0E91C1222485130016842682C48BD
:10434000C0E91E121E4890F85900294981F88000E2
:104350001B4890F85A10264880F8811018495B31A4
:1043600008684968224A8032C2E90201144890F87C
:1043700063001F4981F8B000114890F864101C4890
:1043800080F8B2100E4890F86510194880F8B11006
:104390000B486630026841681548B030C0E9042116
:1043A00007486E30026841681148B030C0E9022108
:1043B000034890F876000E4981F8D800004823E0C1
:1043C0005E0300204C6F6164207061722065727220
:1043D0006F722C73657420746F2064656661756CF0
:1043E000742076616C7565210D0A0000E8010020DB
:1043F0004800002080841E00C0E1E40040420F001D
:1044000080C3C9014803002090F87710FE4880F867
:10441000DA10FE4890F87810FB4880F8D910FB4875
:1044200090F87910F84880F8DB10F8487A30026884
:104430004168F548D830C0E90421F4488230016869
:104440004068F14AD832C2E90210F0488A30016867
:104450004268ED48D830C0E90612EC4890F8920066
:10446000E94981F80001E94890F89310E64880F89E
:104470000211E64890F89410E34880F80111E348EF
:1044800090F89510E04880F80311E04890F89610F5
:10449000DD4880F80411DD48973001684268DC4847
:1044A000C0E90412D9489F3001684068D84AC2E97F
:1044B0000210D648A73002684168D548C0E90621F5
:1044C000D248AF3001684268D148C0E90812CF48ED
:1044D00090F8B700CC4981F82801CC4890F8B81082
:1044E000C94880F82911C948B93001684068C84AEC
:1044F0002832C2E90210DCE2C4484078C2490870A0
:10450000C24880784870C148C0788871BF48007937
:1045100081F8A800BD4840790872BC488179BA4842
:104520008172BA48C179B8484172B8488168C26896
:10453000B548C0E90612B54802694169B248C0E908
:104540000421B248007EB04981F83000AF48417E76
:10455000AD4880F83210AD48817EAB4880F831100C
:10456000AA48C17EA84880F83310A848C169026AE9
:10457000A548C0E91012A549486A896AA24AC2E959
:104580000E01A248C26A016B9F48C0E912219F48F0
:1045900090F834009C4981F858009C4890F83510F8
:1045A000994880F85A10994890F83610964880F843
:1045B0005910964890F83710934880F85B1093484C
:1045C00090F83810904880F85C10904839300168B5
:1045D00042688D48C0E91A128C494131086849681F
:1045E000894AC2E918018948493001684268864809
:1045F000C0E91C1285485130016842688248C0E910
:104600001E12824890F859007F4981F880007F4847
:1046100090F85A107C4880F881107C485B30026822
:10462000406879498031C1E90220784890F86300F8
:10463000803981F8B000754890F86410724880F8AD
:10464000B210724890F865106F4880F8B1106F484A
:104650006630016842686E485038C0E904126B4801
:104660006E30026840686A495039C1E902206748E3
:1046700090F87600B03981F8D800644890F8771047
:10468000614880F8DA10614890F878105E4880F848
:10469000D9105E4890F879105B4880F8DB105B48D1
:1046A0007A30026841685A482838C0E904215748DE
:1046B00082300268406856492839C1E902205348CF
:1046C0008A300168426852482838C0E906124F48CB
:1046D00090F892004C4981F800014C4890F89310F2
:1046E000494880F80211494890F89410464880F8EB
:1046F0000111464890F89510434880F8031143484B
:1047000090F89610404880F80411404897300268AD
:1047100041683F48C0E904213C489F300168426835
:104720003B48C0E902123948A7300168426838485E
:10473000C0E906123548AF30016842683448C0E924
:104740000812324890F8B7002F4981F828012F4805
:1047500090F8B8102C4880F829112C49B931086814
:1047600049682B4A2832C2E902012748D0E91A4396
:10477000224628A006F01AFC2348D0E91843224616
:1047800032A006F013FC2048D0E91C4322463DA08D
:1047900006F00CFC1C48D0E91E43224647A006F058
:1047A00005FC554A45231848183000F0FDF9534AD6
:1047B00000231548103000F0F7F94F4A45231248FE
:1047C000403000F0F1F94D4A00230F48383000F036
:1047D000EBF94B4A09230C48483000F0E5F9464A0A
:1047E00045230948683000F0DFF9444A00230648B1
:1047F000603000F0D9F9424A09230348703000F0D4
:10480000D3F9404A02237FE0480000205E030020E5
:1048100048010020557365724F7065726174696F4D
:104820006E2E565F4D6F6465547261696E2E5061D5
:1048300072616D5B554F5F504152414D5F50554C19
:1048400053455D3A256C6C640D0A00005573657222
:104850004F7065726174696F6E2E565F4D6F64653F
:10486000547261696E2E506172616D5B554F5F507D
:104870004152414D5F414D504C5D3A256C6C640D89
:104880000A000000557365724F7065726174696F3C
:104890006E2E565F4D6F6465547261696E2E506165
:1048A00072616D5B554F5F504152414D5F465245BD
:1048B000515D3A256C6C640D0A00000055736572F9
:1048C0004F7065726174696F6E2E565F4D6F6465CF
:1048D000547261696E2E506172616D5B554F5F500D
:1048E0004152414D5F4455524154494F4E5D3A2526
:1048F0006C6C640D0A00000000B864D9804A5D0544
:1049000000902F500098D058864800F04DF9864A04
:1049100000238448103000F047F9844A4523814839
:10492000483000F041F9824A00237E48403000F0D0
:104930003BF97E4A45237B48703000F035F97C4ACC
:1049400000237848683000F02FF97A4A0923754827
:10495000783000F029F9754A45237248983000F004
:1049600023F9734A00236F48903000F01DF9714A13
:1049700009236C48A03000F017F96F4A02236948F8
:10498000A83000F011F96A4A00236648B83000F0F8
:104990000BF96448B030D0E90243224667A006F024
:1049A00005FB0020754908705E48783840784870EB
:1049B000012002F099FDFF205A4978398870084695
:1049C0004078B0B3012873D10846807930B101280E
:1049D0000ED0022817D003282CD11FE05148783878
:1049E000007A504978394871012007F063F822E0D5
:1049F0004C48783890F830004A497839487104209A
:104A000007F058F817E04748783890F858004549BB
:104A100078394871072007F04DF80CE041487838A4
:104A200090F880003F49783948710A2007F042F831
:104A300001E002E000BF00BF3AE03A48783890F861
:104A4000A80030B101280FD0022818D003282CD19B
:104A500020E03448783890F8B0003249783948710D
:104A6000012007F027F821E02E48783890F8D80088
:104A70002C4978394871042007F01CF816E02948C1
:104A8000783890F80001274978394871072007F0F5
:104A900011F80BE02348783890F82801214978393B
:104AA00048710A2007F006F800E000BF00BF00BF11
:104AB00000BF16223249E620FCF756F8304800784D
:104AC000032802DD00202E4908702D484078032875
:104AD00002DD00202A49487029484278017829A03F
:104AE00006F064FA0F487838407801280CD1244841
:104AF00000782C4908702248801C026841680948E7
:104B00000830C0E904210BE01D48407825490870B1
:104B10001B480A30016842680248B030C0E90412FC
:104B200070BD0000C0000020804A5D0500B864D957
:104B30000048E80100902F500098D05852656164F9
:104B40003120557365724F7065726174696F6E2E96
:104B5000435F4D6F6465457874426E632E50617299
:104B6000616D5B554F5F504152414D5F414D504C1F
:104B70005D3A256C6C640D0A00000000E80100201D
:104B800048030020565F576176655F747970653A17
:104B900025642C435F576176655F747970653A25AB
:104BA000640D0A00C001002010B5D0E90041141BBB
:104BB00073EB010102D200240460446010BD0000C8
:104BC00070B5BE4800894EF6602188427EDB7E20AB
:104BD000BB490870BB4800784870BA484078887074
:104BE000B8488079C870B74890F8A8000871B548EF
:104BF000007A4871B348807A8871B248407AC871A7
:104C0000B048D0E90610AE4A9160D060AD49D1E914
:104C1000040110615161AB4890F8300011460876EC
:104C2000A84890F832004876A64890F83100887677
:104C3000A44890F83300C876A248D0E91010D1619A
:104C40001062A048D0E90E10516290629D48D0E9F0
:104C50001210D16210639B4890F85800114681F8F9
:104C60003400984890F85A0081F83500954890F83B
:104C7000590081F83600934890F85B0081F83700BE
:104C8000904890F85C0081F838008E48D0E91A10FE
:104C90003932116050608B49D1E918010832106037
:104CA00051608848D0E91C10083211605060854975
:104CB0006031D1E90601083210605160814890F8F6
:104CC00080007F4981F859007E4800E0F4E090F8C8
:104CD000810081F85A007B498031D1E902010A3212
:104CE00010605160774890F8B000754981F8630012
:104CF000744890F8B20081F86400724890F8B100EE
:104D000081F865006F48B030D0E904100B321160B3
:104D100050606C48B030D0E9021008321160506029
:104D2000684890F8D800664981F87600654890F8A0
:104D3000DA0081F87700634890F8D90081F87800AC
:104D4000604890F8DB0081F879005E49E031D1E9F4
:104D500002010C32106051605A48D830D0E902107C
:104D60000832116050605749E031D1E9040108323E
:104D700010605160534890F80001514981F8920049
:104D8000504890F8020181F893004E4890F80101D4
:104D900081F894004B4890F8030181F89500494848
:104DA00090F8040181F896004749D1E902010D32DB
:104DB0001060516044480838D0E902100832116090
:104DC000506041480838D0E9061008321160506040
:104DD0003D49D1E90601083210605160394890F828
:104DE0002801374981F8B700364890F8290181F841
:104DF000B80035492031D1E902010A321060516012
:104E000000202F4981F8C10081F8C20081F8C30059
:104E100081F8C40081F8C50081F8C60081F8C70098
:104E200081F8C800C1F8D900452081F8DD00254986
:104E30006031D1E90243224624A006F0B7F82149A7
:104E4000D1E9184322462FA006F0B0F81D49603181
:104E5000D1E90443224639A006F0A8F81949603187
:104E6000D1E90643224643A006F0A0F81649D1E94D
:104E7000024322464EA006F099F813480838D0E9BC
:104E80000243224658A006F091F80F49D1E90443A5
:104E9000224663A006F08AF80B49D1E90643224670
:104EA0006DA006F083F8DE2205494FF40070FBF791
:104EB00096FE00200149088170BD0000C806002050
:104EC0005E030020480000205001002055736572E9
:104ED0004F7065726174696F6E2E565F4D6F6465B9
:104EE000547261696E2E506172616D5B554F5F50F7
:104EF0004152414D5F50554C53455D3A256C6C64B1
:104F00000D0A0000557365724F7065726174696FA8
:104F10006E2E565F4D6F6465547261696E2E5061DE
:104F200072616D5B554F5F504152414D5F414D5035
:104F30004C5D3A256C6C640D0A0000005573657277
:104F40004F7065726174696F6E2E565F4D6F646548
:104F5000547261696E2E506172616D5B554F5F5086
:104F60004152414D5F465245515D3A256C6C640D8E
:104F70000A000000557365724F7065726174696F45
:104F80006E2E565F4D6F6465547261696E2E50616E
:104F900072616D5B554F5F504152414D5F445552B8
:104FA0004154494F4E5D3A256C6C640D0A00000077
:104FB000557365724F7065726174696F6E2E435FD1
:104FC0004D6F6465547261696E2E506172616D5BE4
:104FD000554F5F504152414D5F50554C53455D3ADE
:104FE000256C6C640D0A0000557365724F70657214
:104FF0006174696F6E2E435F4D6F646554726169B1
:105000006E2E506172616D5B554F5F504152414D44
:105010005F414D504C5D3A256C6C640D0A000000F8
:10502000557365724F7065726174696F6E2E435F60
:105030004D6F6465547261696E2E506172616D5B73
:10504000554F5F504152414D5F465245515D3A25A3
:105050006C6C640D0A000000557365724F706572C8
:105060006174696F6E2E435F4D6F64655472616940
:105070006E2E506172616D5B554F5F504152414DD4
:105080005F4455524154494F4E5D3A256C6C640D56
:105090000A00000010B504460C4951F824104A00DB
:1050A0000B4951F82400002107F05AF9094951F839
:1050B00024200749083951F82400002107F050F94D
:1050C000012103480830015510BD000018CB00082D
:1050D000F802002028CB00087047000070B50021BE
:1050E00000230F22C4781CB3174C246804F4E06436
:1050F000C4F5E064C4F30721C1F10404E3B20A413A
:1051000044789C40E1B28478144021430C07210E7E
:105110000E4C05786155047804F01F050124AC405D
:1051200005786D11AD0005F1E025C5F8004109E0F5
:10513000047804F01F050124AC40054D0678761173
:1051400045F8264070BD00000CED00E000E400E0F2
:1051500080E100E002490143024A1160704700000B
:105160000000FA050CED00E010B5002807DA0A0788
:10517000140E054A00F00F031B1FD45403E00A0766
:10518000130E024A135410BD18ED00E000E400E0D5
:105190002DE9F04104460D461646012E38D1012C6A
:1051A00016D126480078012808D146F2905095FB88
:1051B000F0F739460120FBF732FC3DE046F2905013
:1051C00095FBF0F0474239460120FBF728FC33E01D
:1051D00094BB1A48007801280BD14FF47A7095FBE4
:1051E000F0F7F81707EB5070C1100220FBF717FC1F
:1051F00022E04FF47A7095FBF0F7F81707EB507048
:10520000C010C0F1000841460220FBF708FC13E083
:1052100096B9012C04D100210120FBF700FC04E029
:105220001CB900210220FBF7FAFB012004490860A9
:1052300000200449C1F89402BDE8F0814800002034
:10524000800240420000434210B5504800794F4967
:10525000C97888424ED04D48007930B1012813D02A
:10526000022821D003283FD12EE049A1494805F06A
:10527000ADFE47A14748733005F0A8FE44A145485C
:10528000E63005F0A3FE30E041A14248163805F0B3
:105290009DFE3FA13F484B3005F098FE3CA13D48A4
:1052A000DC3005F093FE20E039A13A48163005F0D5
:1052B0008DFE37A137489B3005F088FE34A1354874
:1052C000F03005F083FE10E031A132482C3005F0BB
:1052D0007DFE2FA12F48C33005F078FE2CA12D486C
:1052E000FA3005F073FE00E000BF00BF2748C07829
:1052F000264908712548C07830B1012813D002280A
:1053000021D003283FD12EE021A1224805F05EFEE6
:105310001FA12048733005F059FE1DA11D48E6303D
:1053200005F054FE30E01AA11A48163805F04EFE7A
:1053300017A118484B3005F049FE15A11548DC307F
:1053400005F044FE20E012A11248163005F03EFEA2
:105350000FA110489B3005F039FE0DA10D48F0302B
:1053600005F034FE10E00AA10A482C3005F02EFEAC
:1053700007A10848C33005F029FE05A10548FA3009
:1053800005F024FE00E000BF00BF10BD4800002073
:1053900000000000C70500202DE9FF4F87B00D4633
:1053A00014461F46DDE9176BDDE9158ADDF85090DC
:1053B000079809287ED2DFE800F07D052E475E873A
:1053C0009EC7EB0004EB090083B2E81982B22146C4
:1053D00028460096FCF7D4FF5046FAF73EFF08EB4C
:1053E000D871491000FB117005EB500080B2CDE977
:1053F0000408A9EB0800CDE9026BCDE9008A06900C
:1054000000EBD07004EB600081B24B463A46049842
:10541000FDF766FDD7E004EB090083B2E81982B21C
:10542000214628460096FCF7ABFF04F1140291B226
:1054300005F1140290B24B463A46CDE9026BCDE934
:10544000008AFDF74DFDBEE004EB090083B2E819C8
:1054500082B2214628460096FCF792FF04F1140020
:1054600081B24B463A462846CDE9026BCDE9008A27
:10547000FDF736FDA7E044F22820009004EB090078
:1054800083B2E81982B221462846FCF779FF04EB83
:1054900009000A3883B2E819283882B204F10A00F8
:1054A00081B228460096FCF76BFF04F1140081B22C
:1054B0004B4600E086E03A462846CDE9026BCDE94E
:1054C000008AFDF70DFD7EE004EB090083B2E819C8
:1054D00082B2214628460096FCF752FF04F11400E0
:1054E00081B24B463A462846CDE9026BCDE9008AA7
:1054F000FDF7F6FC67E004EB090083B2E81982B21D
:10550000214628460096FCF73BFF002030A11022E0
:10551000CDE901160092039004F1120291B26A1DC6
:1055200090B24B463A46FDF7DBFC04F10A0291B219
:1055300005F13C0290B24B463A46CDE9026BCDE90B
:10554000008AFDF7CDFC3EE004EB090083B2E819C8
:1055500082B2214628460096FCF712FF5046FAF721
:105560007CFE08EBD871491000FB117005EB500070
:1055700080B2CDE9050804F10A0081B24B463A46F3
:10558000CDE9026BCDE9008A0598FDF7A9FC1AE088
:1055900004EB090083B2E81982B22146284600963E
:1055A000FCF7EEFE0CA0102104F11202CDE9026B13
:1055B000CDE9001091B26A1D90B24B463A46FDF714
:1055C0008FFC00E000BF00BF0BB0BDE8F08F000013
:1055D00054595045207C0000545950453A00000071
:1055E0007047000010B500200449086001218807B9
:1055F00002F087FA00210248817010BD800240420B
:105600008402002010B501200449086000218007B1
:1056100002F077FA02210248817010BD80024042F8
:10562000840200202DE9F04F2DED068B87B0FE4857
:10563000807800287ED104460546FB484078012842
:105640000AD1F948D0E90645F849611A75F1000018
:1056500010D2F74804600DE0F348407850B9F248A2
:10566000B030D0E90445F149611A75F1000001D26A
:10567000EF480460EF48007818B1EE480078012840
:105680000BD142F21071611A75F1000005D20120B0
:1056900007B0BDEC068BBDE8F08FE6480078022825
:1056A00003D0E4480078032807D144F62061611A4A
:1056B00075F1000001D20120EAE7DE48007818B158
:1056C000DC48007801280ED1FA2200232046294622
:1056D000FAF780FD401ED849086008460068A0F12E
:1056E0001C0008600DE0FA22002320462946FAF744
:1056F00071FD401ED049086008460068A0F14800CE
:1057000008604FF00100CD4908604FF00000CC491F
:10571000C1F880024FF00A00FBF762FBC2484078F4
:1057200030B94FF40040C74908800A20FBF758FB06
:10573000002100E006E0C4488170BF480068FBF724
:10574000FDFC3FE2B8488078012877D1002004466C
:10575000054606460746B448407801280CD1B248B1
:10576000D0E91045D0E91267B049611A75F100001F
:1057700012D2AF4804600FE0AB48407860B9AA4845
:10578000D830D0E90445D0E90667A849611A75F117
:10579000000001D2A6480460A648007818B1A548C8
:1057A0000078012807D142F21071611A75F10000EA
:1057B00001D201206CE79F480078022803D09D4861
:1057C0000078032807D144F62061611A75F10000C2
:1057D00001D201205CE79549711A77F1000001D2EE
:1057E000012055E79348007818B1924800780128C5
:1057F0000ED1FA22002320462946FAF7EBFC401E80
:105800008D49086008460068A0F11C0008600DE0A2
:10581000FA22002320462946FAF7DCFC401E86497E
:10582000086008460068A0F14800086082480068E7
:1058300022462B46CDE90067029000E060E083A09D
:1058400005F0B4FB00BF00BF00BF4FF014094FF4D8
:105850007A72002330463946FAF7BCFC06460F46FA
:1058600030463946FAF7EEFE41EC190B53EC192B92
:105870009FED800B51EC100BFAF735FE41EC180B45
:105880009FED7E0B53EC102B51EC180BFAF72BFE0F
:105890009FED7C0B53EC102BFAF7ADFDFAF7DEFE13
:1058A000804653EC182B79A0CDF8008005F07EFBE4
:1058B00061480068404502D95F48C0F80080012077
:1058C0005E49086000205E49C1F880020A20FBF7AB
:1058D00087FA5548407830B94FF40040594908805C
:1058E0000A20FBF77DFA1FFA89F1404602F00DFA13
:1058F0000021554881700121880702F002F961E119
:10590000494880780228FAD100210C460D460E46FF
:105910000F460020804681464348407801280ED13A
:105920004148D0E91A45D0E91C67D0E91E893F49B2
:10593000611A75F1000016D23D48046013E03A4840
:10594000407880B95648D0E90445D0E90667364822
:10595000D0F82491D0F820813449611A75F1000003
:1059600001D2334804603348007818B131480078D8
:10597000012807D142F21071611A75F1000001D2BD
:10598000012085E62B480078022803D029480078BA
:10599000032807D144F62061611A75F1000001D295
:1059A000012075E62149711A77F1000001D201202A
:1059B0006EE63C49B8EB010179F1000001D201200B
:1059C00066E61C48007818B11A48007801280ED104
:1059D000FA22002320462946FAF7FCFB401E16490E
:1059E000086008460068A0F11C0008600DE0FA227B
:1059F000002320462946FAF7EDFB401E0E490860B9
:105A000008460068A0F1480008600B48CDE9048909
:105A1000006822462B46CDE90067029022A005F0DF
:105A2000C5FA00BF00BF5BE048000020400D030046
:105A300014030020C001002008030020B08242426D
:105A400000004042181402408402002070756C73FC
:105A5000653D256C6C646E732C667265713D256CBA
:105A60006C646D687A2C74696D355F6172723D2566
:105A7000640D0A00000000A2941A6D4200000000AC
:105A800000406F40000000000000F03F543D256CD6
:105A9000662C74696D325F6172723D25640D0A0077
:105AA00048010020A086010070756C73653D256C6F
:105AB0006C646E732C667265713D256C6C646D68E8
:105AC0007A2C74696D355F6172723D25642C647542
:105AD000726174696F6E3D256C6C640D0A00000084
:105AE00000BF142006904FF47A72002330463946E6
:105AF000FAF770FB06460F4630463946FAF7A2FD24
:105B000041EC190B53EC192B1FED260B51EC100B2C
:105B1000FAF7E9FC41EC180B1FED280B53EC102BA6
:105B200051EC180BFAF7DFFC1FED2A0B53EC102B8E
:105B3000FAF761FCFAF792FD824623480068504567
:105B400002D92148C0F800A04FF47A700021A8FBC8
:105B5000002B09FB00B001FB08011046FAF772FDAB
:105B600053EC182BFAF7BFFCFAF778FD17490860D9
:105B70000846006853EC182BCDE900A014A005F0EE
:105B800015FA01201B49086000201B49C1F880025A
:105B90000A20FBF725F91948407830B94FF4004046
:105BA000174908800A20FBF71BF9069881B2504676
:105BB00002F0ABF80021134881700121880701F041
:105BC000A0FF00BF002063E50803002010030020B1
:105BD000543D256C662C74696D325F6172723D258F
:105BE000642C747261696E5F61636F756E743D25BC
:105BF000640D0A00B082424200004042480000208A
:105C0000181402408402002010B5FBF7F5F80021BB
:105C10004FF0804001F075FF00204FF08041486256
:105C20000F48407810B9C8130E49088000200E496B
:105C300008600E49086001210D4881700021032091
:105C4000FAF7EDFE00200B4908600B49C1F8840209
:105C500001200A49086000200949086010BD0000C1
:105C6000480000201A140240100300200C030020FA
:105C700084020020B08242420080404280024042C2
:105C8000D00200202DE9F0472DED028B04464FF0A5
:105C900000099FED4C0AB0EE408AE06818B1E16857
:105CA000002006F037FB48480078401C00EB8000DD
:105CB0004100002006F040FBE060E06820B90520CC
:105CC000BDEC028BBDE8F0873F484078012829D120
:105CD0003D48806B20603C493831D1E904714FF474
:105CE0007A7200233846FAF775FA0546FAF76AFC25
:105CF00008EE100A34493831D1E902211046FAF78A
:105D000061FC00EE100A20EE080ADFED300A20EEFA
:105D1000200ADFED2F0A80EE201ABCEEC10A10EE39
:105D2000109A29E02848D0F8E00020602649E031A8
:105D3000D1E904514FF47A7200232846FAF74AFA5F
:105D40000746FAF73FFC08EE100A1F49E031D1E997
:105D500002211046FAF736FC00EE100A20EE080A7F
:105D6000DFED1A0A20EE200ADFED190A80EE201A74
:105D7000BCEEC10A10EE109A206808B901209FE716
:105D8000B5EEC08AF1EE10FA01D1022098E7B9F120
:105D9000000F01D1032093E7E068DFED0E0A68EE03
:105DA000200AB0EE600A00EE909AF8EE600A00F069
:105DB000D1F84FF6FF70E16808600120A0606060D4
:105DC00000207DE70000000048000020005043470D
:105DD000286B6E4E0000C8422DE9F0412DED028B7C
:105DE0000446002008EE100A9FED540AF0EE408AA7
:105DF000E06818B1E168002006F08CFA504800789D
:105E000000EB80004100002006F096FAE060E068B8
:105E100020B90520BDEC028BBDE8F08148484078F0
:105E2000012803D146480069206003E04448D0F8C7
:105E3000B8002060206808B90120EBE79FED410A17
:105E4000F0EE408A4CF2503008EE100AE068F8EEAE
:105E5000480AB0EE680A00F07DF839484078012819
:105E600020D137491031D1E902514FF47A72002321
:105E70002846FAF7AFF90746FAF7A4FB00EE100A36
:105E80009FED311AC8EE810A9FED301AC0EE811ADB
:105E900020EE210ADFED2C0A80EE201A2C4880ED3E
:105EA000001A1FE02649B831D1E902514FF47A7245
:105EB00000232846FAF78EF90746FAF783FB00EE2F
:105EC000100A9FED211AC8EE810A9FED201AC0EE3C
:105ED000811A20EE210ADFED1C0A80EE201A1C48F0
:105EE00080ED001A1A4890ED000ABCEEC00A10EED0
:105EF000100AE168086012480078022812D1E168AF
:105F000001F10A00F8EE480AB0EE680A00F022F843
:105F10000F4890ED000ABCEEC00A10EE100AE168CE
:105F2000C1F80A00E068006808B9042072E7044874
:105F30000078A0600120606000206BE70000000096
:105F4000480000208096984A00007A440000C84229
:105F5000C00200202DE9F0412DED088BB0EE409AF3
:105F6000F0EE608A0446002600279FED950AB0EE09
:105F7000408A0025A846DFED930A89EE200ADFED6E
:105F8000920A80EE801AB0EE418A9FED900AB4EE3C
:105F9000C08AF1EE10FA05D8BCEEC80A10EE105A0D
:105FA000012686E018EE100AFAF771FB41EC1B0B94
:105FB000B0EE4B0AF0EE6B0A05F01CF8B0EE40AA0A
:105FC000F0EE60AA51EC1A0BFAF748FB054600EE1A
:105FD000105AB8EE400AC8EE000ABCEEE00A10EE15
:105FE000100A86B29FED7A0AB4EEC08AF1EE10FA7A
:105FF0000ADD9FED780AC8EE000ABCEEE00A10EE5A
:10600000108A4EF660273DE09FED730AB4EEC08A19
:10601000F1EE10FA0ADD9FED710AC8EE000ABCEE3F
:10602000E00A10EE108A42F210772BE09FED6C0A26
:10603000B4EEC08AF1EE10FA0ADD9FED6A0AC8EEEE
:10604000000ABCEEE00A10EE108A4FF47A7719E0ED
:106050009FED650AB4EEC08AF1EE10FA09DD9FEDFE
:10606000590AC8EE000ABCEEE00A10EE108A642756
:1060700008E0B2EE040AC8EE000ABCEEE00A10EE38
:10608000108A0A2705FB06F000EE100AB8EE400A57
:1060900078EE400A08FB07F000EE100AB8EE400A5E
:1060A00038EE400AF4EEC00AF1EE10FA01DD454682
:1060B0003E46681EA080701EE0809FED4C0AF4EE04
:1060C000C08AF1EE10FA03DBA088401C20816DE04D
:1060D000F5EEC08AF1EE10FA02D10020208165E0D1
:1060E0009FED420AC0EE280AA088401C00EE100A6C
:1060F000B8EEC00AF4EEC00AF1EE10FA37DDA0885F
:1061000000EE100AB8EE400AB0EE408ADFED370A22
:1061100080EEA80AF7EE000A30EE600ABCEEC00A74
:1061200010EE100AA080E08800EE100AB8EE400AD7
:1061300060EE080AA08800EE100AB8EE400A80EE71
:10614000801AB0EE418AB7EE000AB4EEC08AF1EED2
:1061500010FA03D2B7EE000AB0EE408AB7EE000A9A
:1061600038EE400ABCEEC00A10EE100AE080A088AB
:10617000401C00EE100AB8EEC00A20EE280ADFED3F
:106180001B0A80EE201AB0EE418A18EE100AFAF7C8
:106190007EFA41EC1B0B9FED160B53EC102BFAF71C
:1061A00089F841EC1A0BFAF759FA2081E288A188A4
:1061B00011A004F0FBFE0020BDEC088BBDE8F081CF
:1061C000000000000000C842A037A04C00FF7F473D
:1061D000643F1C4E00606A4706FF794C00401C4635
:1061E00038FFC74A00007A4460FF1F490050434708
:1061F000000000000000E03F617272313D25642C18
:10620000707363313D25640D0A0000002DE9F047ED
:106210002DED028B04464FF000099FED710AB0EEA0
:10622000408AE06818B1E168002006F073F86D4814
:106230000078401C00EB80004100002006F07CF854
:10624000E060E06820B90520BDEC028BBDE8F08776
:1062500064484078012803D16248006E206003E062
:106260006048D0F808012060206808B90120EBE7F9
:106270005C484078012827D15A48006E2060594870
:106280004FF47A720023D0E91C512846F9F7A2FF97
:106290000746FAF797F908EE100A5248D0E91A2192
:1062A0001046FAF78FF900EE100A20EE080ADFED2B
:1062B0004E0A20EE200ADFED4D0A80EE201ABCEED9
:1062C000C10A10EE109A27E04648D0F80801206075
:1062D0004749D1E904514FF47A7200232846F9F76F
:1062E00079FF0746FAF76EF908EE100A4049D1E93E
:1062F00002211046FAF766F900EE100A20EE080AAD
:10630000DFED390A20EE200ADFED380A80EE201A90
:10631000BCEEC10A10EE109A206808B9012093E77C
:10632000B5EEC08AF1EE10FA01D102208CE7B9F186
:10633000000F01D1032087E7E068DFED2E0A68EE49
:10634000200AB0EE600A00EE909AF8EE600AFFF7BD
:1063500001FE2448806FE1680860224840780128E7
:106360001AD120484FF47A720023D0E91E512846F2
:10637000F9F730FF0746FAF725F900EE100A20EE8C
:10638000080ADFED1D0A80EE201ABCEEC10A10EEED
:10639000100AE168086019E01549D1E906714FF467
:1063A0007A7200233846F9F715FF0546FAF70AF91D
:1063B00000EE100A20EE080ADFED0F0A80EE201A28
:1063C000BCEEC10A10EE100AE1680860E0680068DF
:1063D00008B9042038E70120A0606060002033E79E
:1063E000000000004800002000504347286B6E4E1C
:1063F000500100200000C84200007A4429B1064A3A
:1064000012680243044B1A6004E0034A1268824394
:10641000014B1A60704700003038024029B1064A2B
:1064200012680243044B1A6004E0034A1268824374
:10643000014B1A60704700003838024029B1064A03
:1064400012680243044B1A6004E0034A1268824354
:10645000014B1A60704700004038024029B1064ADB
:1064600012680243044B1A6004E0034A1268824334
:10647000014B1A60704700002038024029B1064ADB
:1064800012680243044B1A6004E0034A1268824314
:10649000014B1A60704700004438024029B1064A97
:1064A00012680243044B1A6004E0034A12688243F4
:1064B000014B1A607047000024380240034800680E
:1064C00040F0807001490860704700007438024055
:1064D000F0B5002100220024022500260223324FBD
:1064E0003F6807F00C0121B1042905D0082937D1F4
:1064F00005E02E4F076036E02D4F076033E02A4F4E
:106500003F1F3F68C7F38056274F3F1F3F6807F084
:106510003F036EB1264FB7FBF3F7DFF88CC0ACF149
:10652000040CDCF800C0CCF3881C07FB0CF40CE076
:106530001E4FB7FBF3F7DFF870C0ACF1040CDCF8CA
:1065400000C0CCF3881C07FB0CF4174F3F1F3F68BB
:10655000C7F301477F1C7D00B4FBF5F7076002E03D
:10656000124F076000BF00BF0F4F3F6807F0F001F8
:106570000909104F7A5C0768D74047600A4F3F68A7
:1065800007F4E051890A0B4F7A5C4768D74087606F
:10659000054F3F6807F46041490B064F7A5C476836
:1065A000D740C760F0BD0000083802400024F40066
:1065B00040787D012003002010B501460022002311
:1065C00000204A11012A02D10A4C236808E0022A5D
:1065D00003D1084C7034236802E0064C74342368FD
:1065E00001F01F02012494401C400CB1012000E086
:1065F000002010BD003802400021024A11701146EF
:1066000008707047023802402DE9F04104460D46FB
:1066100000260027B04605F07BFC204605F04CFC28
:1066200005F09EFC284605F047FC05F099FC05F0B6
:106630006FFC44F0010005F03FFC05F091FC05F013
:1066400019FC064605F0B2FB05F014FC074605F000
:10665000FDFB05F075FC47EA06284046BDE8F081E1
:1066600000B587B001210803FFF708FF01210846A4
:10667000FFF7C4FE052211462F48FAF7C1FE052296
:1066800007212D48FAF7BCFE04202B490883082077
:10669000088310200883A020009002208DF80400B9
:1066A00000208DF8060002208DF8070003208DF8E9
:1066B000050069462048FAF75BFE1C200090012087
:1066C0008DF8040000208DF8060001208DF80700E9
:1066D00003208DF8050069461748FAF749FE0021A6
:1066E000164800F051F8154800F05AF80020ADF8AF
:1066F00008004FF48270ADF80A000020ADF80C00DD
:10670000ADF80E00ADF810004FF40070ADF81200B7
:106710000820ADF814000020ADF816000720ADF8F1
:10672000180002A9054800F093F80121034800F081
:106730002BF807B000BD000000000240003001400F
:106740004FF6FF7100BF0F4A128902F002021AB918
:106750000A1EA1F10101F6D10A4A9081128902F0C4
:106760000102084B1A814FF6FF7100BF054A1289DA
:1067700002F08002802A03D10A1EA1F10101F5D1A5
:10678000704700000030014021B1028842F0400211
:10679000028004E002884FF6BF731A4002807047FF
:1067A00010B504462448844208D101218014FFF723
:1067B00075FE0021A014FFF771FE3CE01F488442E3
:1067C00008D101210014FFF749FE00212014FFF732
:1067D00045FE30E01A48844208D10121C013FFF77A
:1067E0003DFE0021E013FFF739FE24E01548844206
:1067F00008D101214014FFF751FE00216014FFF77A
:106800004DFE18E01048844209D101210805FFF728
:1068100045FE00214FF48010FFF740FE0BE00B48CF
:10682000844208D101214805FFF738FE00214FF4CA
:106830000010FFF733FE10BD00300140003800406B
:10684000003C004000340140005001400054014031
:1068500010B50022028802F441520B884C88234371
:106860008C882343CC8823430C8923434C892343BE
:106870008C892343CC8923431A430280838B4FF2B4
:10688000FF74234083830B8A038210BD30B5F0B1BF
:106890002C4BD3F854315B1C2A4CE4781C44294B14
:1068A000C3F85841D3F854310833264CE47803EB4D
:1068B000C40330CB244BC3E90445224BDB78234C83
:1068C00004EBC303D3E900541F4BC3E9065419B3C7
:1068D0001C4B5C79012393401C403CB9194B5B79FC
:1068E000012494402343174C637106E0154B5C79F7
:1068F000012393409C43134B5C71124B5C79D3F89A
:1069000054311C700F4B93F871310BB9012400E026
:1069100000240C4B83F871410A4B5B7901249440AD
:106920002340002B01DD012300E00023054C84F807
:1069300050312346DB78022B02D1012384F85031F9
:1069400030BD00004800002098010020C801002050
:106950007047000030B500228B071C0F0F2303FA8D
:1069600004F20B4B8C1053F824309343084C8D10D9
:1069700044F8253023468C1053F824308C07240F1C
:1069800000FA04F42343024C8D1044F8253030BD46
:10699000083801401CB5002001900090364800687E
:1069A00040F48020344908600520FFF725FE00BF31
:1069B0003148006800F4003000900198401C0190BC
:1069C000009818B90198B0F5A04FF1D12A48006895
:1069D00000F4003010B10120009001E00020009090
:1069E0000098012846D124484030006840F080508B
:1069F0002149403108602148006840F440401F4967
:106A000008601D48083000681B49083108600846C6
:106A1000006840F4004008600846006840F4A05058
:106A200008601748091F0860081F006840F0807060
:106A3000091F086000BF1048006800F000700028BF
:106A4000F9D040F205700F4908600B480830006823
:106A500020F003000849083108600846006840F04B
:106A60000200086000BF04480830006800F00C0015
:106A70000828F8D11CBD000000380240007000401A
:106A800019544007003C024070B504460D460026EC
:106A90000CB905B970BD4048C678407801283BD193
:106AA0003E4800213E4A03C23B48807830B101286D
:106AB0000FD0022818D003282CD120E03648083007
:106AC0003549C1F85401324629462046FFF7DEFE1B
:106AD00021E0314830303049C1F85401324629466E
:106AE0002046FFF7D3FE16E02B4858302A49C1F85C
:106AF0005401324629462046FFF7C8FE0BE02648DF
:106B000080302549C1F85401324629462046FFF716
:106B1000BDFE00E000BF3CE022480021204A03C245
:106B200006B904261C48807830B101280FD002280D
:106B300018D003282BD11FE01748B0301649C1F8F0
:106B40005401324629462046FFF7A0FE20E01248B5
:106B5000D8301149C1F85401324629462046FFF782
:106B600095FE15E010480C49C1F8540132462946FB
:106B70002046FFF78BFE0BE00B4828300649C1F892
:106B80005401324629462046FFF780FE00E000BF50
:106B900000BF00BF7EE7000048000020804A5D057E
:106BA000C80100200048E801480100202DE9F04715
:106BB00081464FF47A74F9488078FF2803D0F7486B
:106BC000C078FF2801D1BDE8F087F44890F8500163
:106BD000012800D1F24CB9F1110F7CD2DFE809F0A5
:106BE000090A0B0C0D0E0F1011127BCFFEFDFCFBE2
:106BF000FA0000BF00BF00BF00BF00BF00BF00BF62
:106C000000BF00BFE54890F87001012804D0E348B8
:106C100090F87101012815D10220E04981F8700136
:106C20000021DE4880F8721180F8711190F872111D
:106C3000D0F85801017009FB04F00021D94AC2E9DB
:106C400004019BE0D54890F85001012879D1D34840
:106C500090F87201042805D10321D048D0F85801DA
:106C6000017005E0CD4890F87211D0F8580101701C
:106C7000CA4890F8720130B1012817D002282ED0EE
:106C800003285CD142E0C7480A25D0E9043100203E
:106C9000A3FB052601FB056103FB001509FB04F1BD
:106CA00051186841BF4AC2E9041049E0BB4890F856
:106CB0007201401CC1B2B94880F8721109FB04F09E
:106CC0000A21B0FBF1F0B74AD2E90432C01842F110
:106CD0000001B44A00E0DEE3C2E9040130E0AF485D
:106CE00090F87201401CC1B2AC4880F8721109FBE7
:106CF00004F06421B0FBF1F0AA4AD2E90432C018D2
:106D000042F10001A74AC2E9040119E0A34890F842
:106D10007201401CC1B2A14880F8721109FB04F055
:106D20004FF47A71B0FBF1F09E4AD2E90432C018F8
:106D300042F100019B4AC2E9040101E001E000BF09
:106D40001CE00421954880F872110321D0F8580105
:106D5000017094490A230025D1E90402A0FB03161F
:106D600002FB036200FB052309FB04F02A460D46E3
:106D7000281843EB02018B4AC2E904018CE38748DF
:106D800090F87001012810D10220844981F8700127
:106D9000084690F85001012807D104217F4880F867
:106DA00072110321D0F8580101707C4890F850010D
:106DB00001286FD1794890F8720138B1774890F87E
:106DC0007201401EC1B2754880F87211734890F884
:106DD000720104E085E2C4E141E1C2E0AFE030B11C
:106DE00001281FD002283DD003286DD153E004EBC9
:106DF00084004FEA400C6B49D1E9045162460023FC
:106E00002846F9F7E7F96748D0E904108F1A60EBD4
:106E100003010A2200233846F9F7DCF9614AC2E986
:106E2000040152E05D4890F87201401EC1B25B4817
:106E300080F872110A20B4FBF0F000EB80004500EE
:106E4000002358482A46D0E904713846F9F7C2F9B8
:106E50005448D0E90410891A60EB0300514AC2E992
:106E6000041032E06420B4FBF0F000EB8000470037
:106E700000234C483A46D0E904512846F9F7AAF9CC
:106E80004848D0E90410891A60EB0300454AC2E97A
:106E900004101AE030E04FF47A70B4FBF0F000EB2D
:106EA0008000470000233F483A46D0E90451284675
:106EB000F9F790F93B48D0E90410891A60EB030018
:106EC000384AC2E9041000E000BF00BF334890F820
:106ED0007211D0F8580101703048D0F8580100788C
:106EE00060B32E48D0F858010078401EC1B22B483C
:106EF000D0F85801017021E00421284880F872116F
:106F00000321D0F85801017004EB84004FEA400CD3
:106F1000244862460023D0E904512846F9F75AF97B
:106F20002048D0E904108F1A60EB03010A220023E5
:106F30003846F9F74FF91B4AC2E90401ACE20120D7
:106F4000164981F870010021144880F8721190F8F8
:106F50007211D0F85801017000221248026142619A
:106F60009AE20E4890F87001012821D102200B49C5
:106F700081F87001084690F85001012818D10846A0
:106F8000D0F85801007878B10846D0F85801007858
:106F9000401CC1B2014880F8721109E0480000208D
:106FA00040420F00980100200021FE4880F8721135
:106FB000FC4890F8500101283FD1FA48D0F8580118
:106FC000007830B101280ED0022819D0032832D120
:106FD00023E0F548D0E90420111940F10000F24AFD
:106FE000C2E9041028E00A20B4FBF0F0EE4BD3E92C
:106FF0000423801843F10001EB4AC2E904011BE0BD
:107000006420B4FBF0F0E84AD2E90432C01842F13F
:107010000001E54AC2E904010EE04FF47A70B4FBC6
:10702000F0F0E14BD3E90423801843F10001DE4A7C
:10703000C2E9040100E000BF10E00421D94880F853
:1070400072110321D0F858010170D748D0E904200B
:10705000121940F10000D449C1E904201CE2D148D2
:1070600090F8700101281BD10220CE4981F87001EF
:10707000084690F85001012812D10846D0F858016E
:10708000007848B10846D0F858010078401CC1B2D9
:10709000C44880F8721103E00021C24880F87211E0
:1070A000C04890F85001012847D1BE48D0F8580197
:1070B000007830B1012810D002281DD003283AD121
:1070C00029E0B948D0E9042104EB8400101841F10B
:1070D0000001B54AC2E904012EE004EB84000A2154
:1070E000B0FBF1F0B04AD2E90432C01842F100011D
:1070F000AD4AC2E904011FE004EB84006421B0FB47
:10710000F1F0A94AD2E90432C31842F10001A648BD
:10711000C0E9043110E004EB84004FF47A71B0FB55
:10712000F1F0A14AD2E90432C01842F100019E4AAE
:10713000C2E9040100E000BF12E00421994880F890
:1071400072110321D0F8580101709748D0E904303A
:1071500004EB8401591840F10000934AC2E904107D
:107160009AE1904890F8700101281BD102208D49C6
:1071700081F87001084690F85001012812D10846A4
:10718000D0F85801007848B10846D0F85801007886
:10719000401CC1B2834880F8721103E0002181488D
:1071A00080F872117F4890F8500101287BD17D480A
:1071B000D0F85801007830B101281AD0022834D014
:1071C00003286ED14DE07848D0E90420121B70F1FD
:1071D000000009D37448D0E90420111B60F10000BD
:1071E000714AC2E9041003E000226F480261426163
:1071F00058E00A20B4FBF0F06B49D1E90431181AC9
:1072000071F100010CD30A20B4FBF0F06649D1E91A
:107210000421101A61F10001634AC2E9040103E08C
:10722000002261490A614A613CE06420B4FBF0F04D
:107230005D49D1E90431181A71F100010CD36420C1
:10724000B4FBF0F15848D0E90430591A60F100005D
:10725000554AC2E9041003E0002253490A614A6119
:1072600020E04FF47A70B4FBF0F14F48D0E90430DD
:10727000591A70F100000FD34FF47A70B4FBF0F19B
:107280004948D0E90430591A60F10000464AC2E981
:10729000041005E007E004E0002243480261426177
:1072A00000E000BF1CE04048D0E90420121B70F150
:1072B000000009D33C48D0E90420111B60F1000014
:1072C000394AC2E9041003E0002237490A614A61E1
:1072D0000421344880F872110321D0F8580101705C
:1072E000DAE0304890F8700101281BD102202D49C6
:1072F00081F87001084690F85001012812D1084623
:10730000D0F85801007848B10846D0F85801007804
:10731000401CC1B2234880F8721103E000212148CB
:1073200080F872111F4890F8500101287ED11D4845
:10733000D0F85801007830B101281ED0022841D081
:10734000032874D15EE01848D0E9043004EB8401CE
:10735000591A70F100000BD31348D0E9043004EB44
:107360008401591A60F100000F4AC2E9041003E0D9
:1073700000220D490A614A616AE004EB84000A2197
:10738000B0FBF1F10848D0E90430591A70F100005F
:1073900013D304EB84000A21B0FBF1F10248D0E9D9
:1073A000043003E04800002098010020591A60F1E1
:1073B00000004A4AC2E9041003E0002247490A617A
:1073C0004A6145E004EB84006421B0FBF1F14348DD
:1073D000D0E90430591A70F100000ED304EB840098
:1073E0006421B0FBF1F03D49D1E90431181A61F193
:1073F00000013A4AC2E9040103E000213748016173
:10740000416125E004EB84004FF47A71B0FBF1F0A8
:107410003249D1E90431181A71F1000112D304EB99
:1074200084004FF47A71B0FBF1F101E011E00EE05D
:107430002A48D0E90420511A60F10000274AC2E925
:10744000041003E0002225480261426100E000BF11
:1074500020E02248D0E9043104EB8400181A71F1CD
:1074600000010BD31D48D0E9042004EB8401511A1C
:1074700060F10000194AC2E9041003E00022174934
:107480000A614A610421164880F872110321D0F87C
:107490005801017000E000BF00BF1048D0E906109D
:1074A0000E4AD2E90432C91A904104D20B48D0E9FD
:1074B0000621C0E904210948D0E90410084AD2F89D
:1074C00054210832064BDB7802EBC302C2E90010FC
:1074D00001200449088100BFFFF775BB9801002017
:1074E00048000020C806002010B504464C484078EB
:1074F0004B490978884203D14A480078A0427DD0A0
:10750000012C2ED14648407800F0010068B146A019
:1075100003F04CFD00204E4908604E49C1F8B0020E
:1075200000210220F9F77BFA61E04BA003F03EFD59
:1075300001204749086052488078032806D14FF45B
:107540000040504908801E20F9F74AFC01204E49AE
:1075500008600A20F9F744FC00210120F9F75FFADE
:1075600045E0022C43D12E48407800F00100B8B12C
:1075700046A003F01BFD0020354908603549C1F8DD
:10758000B0023F488078032805D1A0033D49088018
:107590001E20F9F725FC00210220F9F740FA26E029
:1075A00044A003F003FD0120294908603448807895
:1075B000032806D14FF40040324908801E20F9F715
:1075C0000FFC0120304908600A20F9F709FC2C481B
:1075D0008078032807D14FF400402A49891E08808B
:1075E0000A20F9F7FDFB00210120F9F718FA3B48C2
:1075F000007828B139480078012800E00FE002D176
:1076000000F0A0FD01E000F0D9FD054840780449F4
:107610000870044804704FF4FA70F9F7E1FB10BDEC
:10762000E8010020EA0100205357204D6F646520D7
:10763000746F20566F6C746167652C20506F73698E
:107640007469766520766F6C74616765210D0A0038
:1076500080824242008040425357204D6F64652033
:10766000746F2043757272656E742C20506F73694D
:10767000746976652063757272656E74210D0A00F7
:10768000480000201A140240B08240425357204D57
:107690006F646520746F20566F6C746167652C2071
:1076A0004E6567617469766520766F6C7461676595
:1076B000210D0A005357204D6F646520746F2043DD
:1076C000757272656E742C204E656761746976659B
:1076D0002063757272656E74210D0A00C00100206E
:1076E0001CB501212020FEF789FE01210220FEF7B2
:1076F00085FE4FF48050009001208DF8040000209A
:107700008DF8060003208DF8050001208DF8070094
:1077100069460548F9F72CFE4FF480500090694601
:107720000248F9F725FE1CBD001402400004024087
:107730001848006820B117480068401E15490860C5
:1077400015480068401C1449086014480068401C33
:107750001249086008460068282804D30020086001
:1077600001200F4908700C48006840F28A218842C5
:1077700003D140200B4948830AE007480068B0F570
:10778000307F05D94020074908830020024908605E
:10779000704700000C0000200400002008000020BA
:1077A000100000200010024010B51548006840F499
:1077B0007000134908601348006840F00100114947
:1077C000086000200F49083108600E4800680E4923
:1077D00008400C4908600D48091D0860081F006832
:1077E00020F48020091F0860002006490C31086041
:1077F000FFF7D0F84FF0006001498039086010BDF4
:1078000088ED00E000380240FFFFF6FE1030002453
:1078100010B50121880700F080F9D8B10E48006842
:10782000F9F78CFC0121880700F068F90B48807893
:1078300002280FD10A480068401C09490860084620
:10784000006808490968884204D900200449086092
:10785000FEF7DAF910BD0000080300204800002000
:107860000C0300201003002010B501210F4800F088
:1078700054F9C8B10E480068012803D100210D4811
:1078800081700DE001210B488170084800884FF697
:10789000FE71084005490880002004492431086031
:1078A0000121024800F02AF910BD00000004004048
:1078B000008240428402002010B501216B4800F094
:1078C0002CF9002878D06A48007818B16848007808
:1078D00001281FD16749487801220021FDF758FC93
:1078E000002065490860F9F787FA62488078002827
:1078F0000FD16249086001206149C1F880025D48EA
:10790000407818B94FF400405E49088001215E4874
:107910008170A5E05748807803284ED15B48006805
:10792000401C5A49086008460068022816D1504891
:107930000078022809D1564A5268126851424D4ACD
:1079400050780122FDF724FC8AE0514A5268116800
:10795000484A50780122FDF71BFC81E04B48006843
:1079600003287DD34B48006849F64041884203D242
:10797000092005F0B3F802E01E2005F0AFF83D49FC
:10798000487801220021FDF703FC3A48407818B9F5
:107990004FF400403B49088000203F490870F9F748
:1079A0002BFA00203949086001203C49086000207A
:1079B0003B49C1F8800253E056E034480068401C5F
:1079C0003249086008460068022816D12848007825
:1079D000022809D12E4A526812685142254A50782D
:1079E0000122FDF7D5FB3BE0294A52681168214A84
:1079F00050780122FDF7CCFB32E0244800680328D0
:107A00002ED32448006849F64041884203D2092019
:107A100005F064F802E01E2005F060F8154948788A
:107A200001220021FDF7B4FB002013490860F9F79B
:107A3000E3F90020154908600E48807880B90020DD
:107A40000E49086001200E49C1F8800209484078BB
:107A500018B94FF400400B49088001210A48817091
:107A60000121024800F04AF810BD0000000C00405F
:107A7000C00100204800002084824042B08242427F
:107A8000000040421A14024084020020D00200206C
:107A9000A002002014030020DC02002080024042EB
:107AA0000000424210B50D48008A00F00100A0B16C
:107AB00000F016FB0A488078401CC0B20849887064
:107AC0000A2804DB00F008FB002005498870034801
:107AD000008A20F001000149088210BD001000401A
:107AE000C806002021B1028842F08002028004E032
:107AF00002884FF67F731A4002807047CA430282A1
:107B0000704721B1028842F00102028004E002883D
:107B10004FF6FE731A400280704730B502460020CF
:107B200000230024158A05EA0103958905EA01046A
:107B300013B10CB1012000E0002030BD1AB18389DF
:107B40000B43838102E083898B438381704700006C
:107B500070B5002400220023058C4FF6FE763540D8
:107B60000584028C8388048B4FF68F752C40B51EDC
:107B70002C400D882C43751E2A408D892A434D8840
:107B80002A43104DA84202D00F4DA84213D14FF600
:107B9000F7752A40CD892A434FF6FB752A408D8818
:107BA0002A434FF6FF652B404FF6FF552B400D8AB9
:107BB0002B434D8A2B43838004838D684563028465
:107BC00070BD000000000140000401400A46002191
:107BD000018B4FF6F77319401143018370474163DE
:107BE0007047000000220288184B98420ED0184BB4
:107BF00098420BD0B0F1804F08D0164B984205D078
:107C0000154B984202D0154B984204D14FF68F7312
:107C10001A404B881A43124B984207D0114B984296
:107C200004D04FF6FF431A400B891A4302804B6879
:107C3000C3620B880385054B984202D0044B9842DF
:107C400001D18B7A038601238382704700000140B3
:107C5000000401400004004000080040000C004007
:107C6000001000400014004010B51C484089002856
:107C700033DD1A484089B0F57A7F2EDA17484089FB
:107C8000401C1649488108464089FA2825DD1448D9
:107C9000007878B112480078042803DB0E20FEF744
:107CA00085FF02E00D20FEF781FF00200C490870DF
:107CB0000A4948810B48007878B10A4800780428BE
:107CC00003DB1020FEF772FF02E00F20FEF76EFFCD
:107CD0000020044908700149488110BDC8060020F1
:107CE000E4020020E50200200288002A05DD028867
:107CF0008A4202DA0288521C0280704701880029F9
:107D000002DD0188491E018070477FB505460C469B
:107D100001210846FEF792FB1C208DF8000001208F
:107D20008DF8010002208DF8020001208DF803007B
:107D30006846FDF7D3F90295ADF804400020ADF890
:107D40000600ADF80C0001A94FF08040FFF74AFF94
:107D5000012211469007FFF7F1FE7FBD7FB5054672
:107D60000C4601210220FEF769FB1D208DF8000062
:107D700002208DF8010003208DF8020001208DF80B
:107D800003006846FDF7AAF90295ADF8044000200B
:107D9000ADF80600ADF80C0001A90648FFF722FF78
:107DA00001210448FFF7AAFE012211460148FFF70E
:107DB000C5FE7FBD000400407FB505460C4601218D
:107DC0000820FEF73BFB32208DF8000001208DF8E3
:107DD000010002208DF8020001208DF803006846A2
:107DE000FDF77CF90295ADF804400020ADF80600DF
:107DF000ADF80C0001A90648FFF7F4FE0121044884
:107E0000FFF77CFE012211460148FFF797FE7FBD78
:107E1000000C00407FB505460C4601211020FEF7FE
:107E20000DFB0295ADF804400020ADF80600ADF85A
:107E30000C0001A90D48FFF7D5FE012211460B48A1
:107E4000FFF77CFE01210948FFF75BFE36208DF825
:107E5000000002208DF8010003208DF802000120AF
:107E60008DF803006846FDF739F97FBD001000402A
:107E700010B52DED0C8B8AB0B0EE408A002008EED4
:107E8000900A9FED4D0AB0EE409A01211020FEF7B6
:107E9000B5FA01210804FEF7F1FA0322052147484B
:107EA000F9F7AEFA2020089002208DF82400002077
:107EB0008DF8260003208DF8250001208DF827007D
:107EC00008A93E48F9F754FA20213C48F9F7BBFAD3
:107ED0009FED3B0AB0EE409AB5EEC09AF1EE10FA73
:107EE00003D8B7EE000AB0EE409AB5EEC08AF1EEC4
:107EF00010FA03D29FED300AB0EE408A9FED310AAE
:107F0000B4EEC08AF1EE10FA03DD9FED2B0AB0EE5D
:107F1000408A2D4808EE900AF8EE680A80EE890A39
:107F2000F7EE000A30EE600ABCEEC00A8DED060ADC
:107F30000120ADF814000020ADF81600ADF81C00CB
:107F400005A92248FFF74EFE6020ADF80000012091
:107F5000ADF80200F8EE680A80EE890AF7EE000A32
:107F600030EE600A10EE104A2046F8F790FB41EC24
:107F70001B0B18EE100AF8F78AFB41EC1D0B9FED66
:107F8000140B53EC102BF8F7AEFA41EC1C0B53EC2E
:107F90001B2BF8F736FA41EC1A0BF8F75FFB02904F
:107FA0000020ADF80C0069460848FFF7D1FD0AB083
:107FB000BDEC0C8B10BD0000000000000010024062
:107FC00000007A440000C84280DE80020040014088
:107FD00000000000000059401CB520200090022045
:107FE0008DF8040000208DF8060001208DF80700B0
:107FF00003208DF8050069460A48F9F7B9F903220C
:1080000005210848F9F7FCF908210748FFF7DEFDCC
:1080100001210548FFF766FD01210348FFF771FDC7
:108020001CBD0000001002400040014070B52DED65
:108030000C8BB0EE408A002008EE900A9FED200ADB
:10804000B0EE409A9FED1F0AB0EE409AB5EEC09A8E
:10805000F1EE10FA03D8B7EE000AB0EE409A1A48D3
:1080600008EE900AF8EE680A80EE890AF7EE000A38
:1080700030EE600A10EE105A2846F8F708FB41EC83
:108080001B0B18EE100AF8F702FB41EC1D0B9FEDDD
:108090000F0B53EC102BF8F726FA41EC1C0B53ECAA
:1080A0001B2BF8F7AEF941EC1A0BF8F7D7FA044698
:1080B00021460848FFF793FDBDEC0C8B70BD000016
:1080C0000000000000007A4480DE80020000000012
:1080D000000059400040014010B503F0DFFC10BD26
:1080E00010B5FFF7C1FD1448FFF708FE1248801CC9
:1080F000FFF704FE1148FFF701FE1048001DFFF7CF
:10810000FDFD0E480830FFF7F9FD4EF66A210A48DA
:10811000001DFFF7E9FD0848001FC06808498842B4
:1081200004D20548001FC068401C00E0002002493E
:10813000091FC86010BD0000CC060020DA06002030
:10814000005C260500B585B001210220FEF756F936
:1081500001218803FEF792F90120039000208DF899
:10816000100002208DF8130003A91348F9F700F955
:1081700000210120FEF7EEFB0120009000208DF889
:10818000040010208DF8050001208DF806006846D7
:10819000F8F78AFF06208DF8080001208DF8090005
:1081A00000208DF80A0001208DF80B0002A8FCF7D2
:1081B00095FF05B000BD00000004024000B585B089
:1081C00001210220FEF71AF901218803FEF756F972
:1081D0000120039000208DF8100001208DF813007D
:1081E00003A91348F9F7C4F800210120FEF7B2FBF8
:1081F0000120009000208DF8040008208DF8050073
:1082000001208DF806006846F8F74EFF06208DF82D
:10821000080001208DF8090000208DF80A000120D7
:108220008DF80B0002A8FCF759FF05B000BD000057
:10823000000402401CB501210220FEF7DFF80220F5
:10824000009001208DF8040000208DF80600032026
:108250008DF8050001208DF8070069460348F9F7FD
:1082600087F80020024908601CBD0000000402409D
:10827000848240421FB5FB48807801281ED0F9480F
:10828000807820B9F8A1FA4802F0A0FE07E0F5488E
:108290008078022803D1F7A1F54802F097FEF7484D
:1082A000807818B1F5488078032803D10020F4497C
:1082B000086011E00120F24908600DE0E94880788B
:1082C000012809D1EFA1EA4802F080FE0020EC4924
:1082D0000860EE49C1F88402E8480078012804D11A
:1082E0000020E7490831086003E00120E449083133
:1082F0000860E7480078002869D10390E5A1DC48D0
:108300001E3002F063FE002003900CE0039800F59D
:10831000C27080B20022FA210290F9F7F1FF0398AF
:10832000401C80B2039003981428EFDB00200390D8
:108330000EE00398C0F1FA0080B2002201460290DC
:108340004FF4CC70F9F7DCFF0398401C80B2039027
:1083500003981228EDDB002003900CE0039800F551
:10836000CC7080B20022E8210290F9F7C9FF03988F
:10837000401C80B2039003982828EFDB0020039074
:108380000EE00398C0F1FA0080B20022014602908C
:108390004FF4E070F9F7B4FF0398401C80B20390EB
:1083A00003981228EDDB002003900CE0039800F501
:1083B000E07080B20022FA210290F9F7A1FF039841
:1083C000401C80B2039003981428EFDBBAE1B04858
:1083D0000078012869D100200390AFA1A4481E3085
:1083E00002F0F4FD002003900CE0039800F5C27049
:1083F00080B20022FA210290F9F782FF0398401C14
:1084000080B2039003981428EFDB002003900DE066
:108410000398FA3080B20022014602904FF4CC70EB
:10842000F9F76EFF0398401C80B20390039812285E
:10843000EEDB002003900DE0039800F5CC7080B2D5
:1084400000224FF486710290F9F75AFF0398401CFE
:1084500080B2039003982828EEDB002003900DE003
:108460000398FA3080B20022014602904FF4E07087
:10847000F9F746FF0398401C80B203900398122836
:10848000EEDB002003900CE0039800F5E07080B272
:108490000022FA210290F9F733FF0398401C80B2C2
:1084A000039003981428EFDB4CE179480078022808
:1084B0007ED10020039079A16D481E3002F086FD28
:1084C000002003900CE0039800F5C27080B20022F7
:1084D000FA210290F9F714FF0398401C80B2039030
:1084E00003981428EFDB002003900EE00398C0F1FE
:1084F000FA0080B20022014602904FF4CC70F9F7E6
:10850000FFFE0398401C80B2039003981228EDDB15
:10851000002003900CE0039800F5CC7080B200229C
:10852000E8210290F9F7ECFE0398401C80B203901A
:1085300003981428EFDB002003900DE00398E83047
:1085400080B20022014602904FF4D670F9F7D8FEAF
:108550000398401C80B2039003982428EEDB00208F
:1085600003900DE0039800F5D67080B200224FF41E
:1085700086710290F9F7C4FE0398401C80B2039004
:1085800003981428EEDB002003900DE00398FA30E6
:1085900080B20022014602904FF4E070F9F7B0FE7D
:1085A0000398401C80B2039003981228EEDB00E091
:1085B00013E0002003900CE0039800F5E07080B217
:1085C0000022FA210290F9F79BFE0398401C80B22A
:1085D000039003981428EFDBB4E00020039030A14F
:1085E00023481E3002F0F2FC002003900CE00398B8
:1085F00000F5C27080B20022FA210290F9F780FEE5
:108600000398401C80B2039003981428EFDB0020ED
:1086100003900DE00398FA3080B2002201460290E8
:108620004FF4CC70F9F76CFE0398401C80B20390B5
:1086300003981228EEDB002003900DE0039800F56C
:10864000CC7080B200224FF486710290F9F758FE88
:108650000398401C80B2039003981428EEDB00209E
:10866000039030E08402002052756E6E696E6700E0
:108670002A05002050617573650000004800002045
:108680008002424253746F700000000000004242BA
:10869000C001002020000000202000002020200039
:1086A00020202020000000000398C0F5867080B2D2
:1086B0000022014602904FF4D670F9F721FE03988C
:1086C000401C80B2039003982428EDDB0020039027
:1086D0000CE0039800F5D67080B20022E8210290E9
:1086E000F9F70EFE0398401C80B2039003981428FB
:1086F000EFDB002003900EE00398C0F1FA0080B297
:108700000022014602904FF4E070F9F7F9FD03985A
:10871000401C80B2039003981228EDDB00200390E8
:108720000CE0039800F5E07080B20022FA2102907C
:10873000F9F7E6FD0398401C80B2039003981428D3
:10874000EFDB00BFFC48407801287DD1FBA1FD484C
:1087500002F03CFCF848807830B1012875D002283E
:1087600074D0032873D1FDE3F7A1F6485A3002F024
:108770002DFCF7A1F3486A3002F028FCF6A1F1487D
:108780007A3002F023FCF6A1EE488A3002F01EFC9B
:10879000F5A1EC489A3002F019FCF6A1E948B03096
:1087A00002F014FCAFF22011E648C63002F00EFCD5
:1087B000AFF22C11E348DC3002F008FCDE484079CF
:1087C00000F0020058B3DC48C078012813D1DA4821
:1087D00090F8700178B10120D74910310090D1E9AB
:1087E000020102460B46CDE90201D649F2310120D1
:1087F00002F05EFB0EE00020CF4910310090D1E97D
:10880000020102460B46CDE90201CE49F2310120B8
:1088100002F04EFBDAA1DB4802F0D8FB2FE0C6489D
:10882000C078012818D1C44890F87001A0B1012087
:10883000C14910310090D1E9020102460B46CDE951
:108840000201D049A03903E0FEE389E001E2FCE344
:10885000002002F02DFB0EE00020B74910310090FF
:10886000D1E9020102460B46CDE90201C549A03912
:10887000002002F01DFBC4A1C24802F0A7FBAE48D5
:10888000407900F0010048B3AB48C07890B9AA48DD
:1088900090F8700170B10120A7490090D1E904015E
:1088A00002460B46CDE90201B6497839012002F0B3
:1088B000FFFA0DE00020A0490090D1E90401024632
:1088C0000B46CDE90201AF497839012002F0F0FAF8
:1088D000AEA1AC480A3002F079FB28E09648C07897
:1088E00090B9954890F8700170B1012092490090BC
:1088F000D1E9040102460B46CDE90201A1497839CC
:10890000002002F0D5FA0DE000208B490090D1E95B
:10891000040102460B46CDE902019A49783900204C
:1089200002F0C6FA9AA197480A3002F04FFBAFF264
:10893000A8219448503802F049FBAFF2B421914885
:10894000143002F043FBAFF2C0218E48283802F009
:108950003DFBAFF2CC218B481E3002F037FB46E3E3
:1089600079A178485A3002F031FB79A175486A3014
:1089700002F02CFB78A173487A3002F027FB78A133
:1089800070488A3002F022FB77A16E489A3002F0DC
:108990001DFB78A16B48B03002F018FB7DA169483F
:1089A000C63002F013FBAFF220317648B63802F041
:1089B0000DFB6148407900F0020058B35E48C07872
:1089C000012813D15C4890F8700178B101205A4910
:1089D00038310090D1E9020102460B46CDE902018F
:1089E0006849A039012002F063FA0EE000205249E4
:1089F00038310090D1E9020102460B46CDE902016F
:108A00006049A039012002F053FA5DA15D4802F0EF
:108A1000DDFA2AE04848C078012813D1464890F88A
:108A2000700178B10120444938310090D1E9020148
:108A300002460B46CDE902015249A039002002F05E
:108A400037FA0EE000203C4938310090D1E90201AC
:108A500002460B46CDE902014A49A039002002F046
:108A600027FA49A1474802F0B1FA3348407900F0AB
:108A7000010048B33048C07890B92F4890F8700191
:108A800070B101202C490090D1E90E0102460B463D
:108A9000CDE902013B497839012002F009FA0DE0E5
:108AA000002025490090D1E90E0102460B46CDE990
:108AB000020134497839012002F0FAF933A1314832
:108AC0000A3002F083FA28E01B48C07890B91A48AF
:108AD00090F8700170B1012017490090D1E90E01A2
:108AE00002460B46CDE9020126497839002002F002
:108AF000DFF90DE0002010490090D1E90E01024697
:108B00000B46CDE902011F497839002002F0D0F967
:108B10001FA11C480A3002F059FA0748407900F0BA
:108B20000400E8B30448C078022848D1024890F80D
:108B30007001B0B3012035E048000020566F6C741E
:108B4000616765000C05002053696E676C65000065
:108B50004672656552756E00547261696E00000060
:108B6000457874426E63000050756C736557696494
:108B700074680000416D706C697475646500000074
:108B80006D7300009E0600207E73000056000000FA
:108B90006D5600004672657175656E637900000060
:108BA00020E00CE0FE490090D1E9040102460B46AA
:108BB000CDE90201FB49012002F07AF90CE0002026
:108BC000F7490090D1E9040102460B46CDE90201C4
:108BD000F449012002F06CF9F3A1F248643002F08C
:108BE000F5F929E0EE483838C078022812D1EC486F
:108BF000383890F8700168B10120E9490090D1E956
:108C0000040102460B46CDE90201E649012002F0CB
:108C10004FF90CE00020E2490090D1E9040102463E
:108C20000B46CDE90201DF49012002F041F9DFA145
:108C3000DC48643002F0CAF9AFF2B451D9482830A8
:108C400002F0C4F9AFF2C051D6486E3002F0BEF95E
:108C500015E3AFF20C11D348E83802F0B7F9AFF2E0
:108C60001011D048D83802F0B1F9AFF21411CD4844
:108C7000C83802F0ABF9AFF21811CA48B83802F0A0
:108C8000A5F9AFF21C11C748A83802F09FF9AFF25E
:108C90001C11C448923802F099F9AFF20811C1488A
:108CA0007C3802F093F9C2A1BE48663802F08EF912
:108CB000BB483838407900F0020078B3B8483838FB
:108CC000C078012814D1B648383890F8700178B1CE
:108CD0000120B34928310090D1E9020102460B4638
:108CE000CDE90201AF495039012002F0E1F80EE070
:108CF0000020AB4928310090D1E9020102460B4621
:108D0000CDE90201A7495039012002F0D1F8AFF2B4
:108D10009011A448503002F059F92FE0FFE7A04825
:108D20003838C078012814D19D48383890F870013F
:108D300078B101209A4928310090D1E90201024618
:108D40000B46CDE9020197495039002002F0B0F8F6
:108D50000EE00020924928310090D1E9020102463C
:108D60000B46CDE902018F495039002002F0A0F8EE
:108D7000AFF2EC118B48503002F028F988483838AF
:108D8000407900F0010070B385483838C078A0B948
:108D90008348383890F8700178B10120804938391B
:108DA0000090D1E9180102460B46CDE902017D4948
:108DB0002839012002F07CF80EE00020784938398B
:108DC0000090D1E9180102460B46CDE90201754930
:108DD0002839012002F06CF8AFF2502171485A3066
:108DE00002F0F4F82EE0FFE76D483838C078A0B9FB
:108DF0006B48383890F8700178B1012068493839EB
:108E00000090D1E9180102460B46CDE902016549FF
:108E10002839002002F04CF80EE000206049383973
:108E20000090D1E9180102460B46CDE902015D49E7
:108E30002839002002F03CF8AFF2AC2159485A30F2
:108E400002F0C4F856483838407900F0040060B3A6
:108E500053483838C078022813D15148383890F830
:108E6000700170B101204E4928310090D1E9040110
:108E700002460B46CDE902014A49012002F018F8EA
:108E80000DE00020464928310090D1E90401024656
:108E90000B46CDE902014349012002F009F842A145
:108EA0004048643002F092F82BE03D483838C078F2
:108EB000022813D13A48383890F8700170B1012077
:108EC000374928310090D1E9040102460B46CDE92B
:108ED00002013449012001F0EBFF0DE00020304990
:108EE00028310090D1E9040102460B46CDE9020188
:108EF0002C49012001F0DCFF2CA12A48643002F04B
:108F000065F827483838407900F0080058B32448FD
:108F10003838C078032814D12148383890F87001C7
:108F200078B101201E4928310090D1E9060102469E
:108F30000B46CDE902011B492831012001F0B8FFA1
:108F40000EE00020164928310090D1E906010246C2
:108F50000B46CDE9020113492831012001F0A8FF99
:108F600016A101E044E004E00E486E3002F02EF855
:108F70003DE00B483838C078032825D108483838F8
:108F800090F8700100B30120009005483838C16F97
:108F9000806F02460B46CDE90201024928310FE0FD
:108FA000800000204E0600204B487A00487A0000DE
:108FB0004475726174696F6E0000000073000000F8
:108FC000002001F075FF0CE00020F7490090D1E986
:108FD000060102460B46CDE90201F449002001F0EA
:108FE00067FFAFF26441F148463001F0EFFF46E120
:108FF000AFF2AC41EE4801F0E9FFAFF2AC41EC4812
:10900000103001F0E3FFAFF2B041E948203001F049
:10901000DDFFAFF2B441E648303001F0D7FFAFF2E8
:10902000AC41E348563001F0D1FFAFF27401E048A3
:109030006C3001F0CBFFAFF28001DD48823001F0EF
:10904000C5FFDC48007801E01AE117E118B1D94802
:109050000078012812D1AFF2A001D548403001F0CC
:10906000B5FFAFF2AC01D148783801F0AFFFAFF2F5
:10907000B801CE48283001F0A9FF84E0AFF21851C2
:10908000CB48403001F0A2FFC7486038407900F07B
:10909000020078B3C4486038C078012814D1C248AF
:1090A000603890F8700178B10120BF4928310090F4
:1090B000D1E9020102460B46CDE90201BB497839EC
:1090C000012001F0F5FE0EE00020B74928310090A4
:1090D000D1E9020102460B46CDE90201B3497839D4
:1090E000012001F0E5FEAFF26851B048283001F0F0
:1090F0006DFF2FE0FFE7AC486038C078012814D13D
:10910000A948603890F8700178B10120A64928314B
:109110000090D1E9020102460B46CDE90201A349C4
:109120007839002001F0C4FE0EE000209E4928316D
:109130000090D1E9020102460B46CDE902019B49AC
:109140007839002001F0B4FEAFF2C45197482830BE
:1091500001F03CFF98480168436893482030D0E90B
:109160000442614083EA020001430CD08E48203063
:10917000D0E90410904A1160506016228E49891E71
:10918000E620F7F72CFD88486038407900F00100B0
:1091900070B385486038C078A0B98348603890F8CB
:1091A000700178B10120804920310090D1E902019D
:1091B00002460B46CDE902017C495039012001F0FD
:1091C00077FE0EE00020009077482030C16880686C
:1091D00002460B46CDE9020174495039012001F0E5
:1091E00067FEAFF258617148323001F0EFFE2DE0BA
:1091F0006D486038C078A0B96B48603890F870014D
:1092000078B10120684920310090D1E9020102467D
:109210000B46CDE9020165495039002001F048FEB6
:109220000EE00020604920310090D1E902010246A1
:109230000B46CDE902015D495039002001F038FEAE
:10924000AFF2B4615948323001F0C0FEAFF298215C
:109250005648283801F0BAFEAFF2A42153483C30FA
:1092600001F0B4FEAFF2B021504801F0AFFEAFF212
:10927000B8214E48463001F0A9FE00E000BFFCE3F3
:109280004EA14B485A3801F0A1FE4748603880781B
:1092900030B101286AD0022869D0032868D1EDE3F3
:1092A000AFF25C71424801F091FEAFF25C71404850
:1092B000103001F08BFEAFF260713D48203001F0BC
:1092C00085FEAFF264713A48303001F07FFEAFF2B4
:1092D00068713748403001F079FEAFF26871344868
:1092E000563001F073FEAFF2303131486C3001F08E
:1092F0006DFEAFF23C312E48823001F067FE2A4805
:109300006038407900F0020078B327486038C078B0
:10931000012814D12448603890F8700178B10120F8
:10932000214958310090D1E9020102460B46CDE9AE
:1093300002011E497839012001F0BAFD0EE000203B
:10934000194958310090D1E9020102460B46CDE996
:10935000020116497839012001F0AAFDAFF2E0714F
:109360001248283001F032FE3FE002E0B7E023E28D
:10937000FEE30D486038C078012823D10A486038E0
:1093800090F87001F0B10120074958310090D1E9FF
:10939000020102460B46CDE902010449783900205A
:1093A00001F086FD1BE00000A800002076060020EA
:1093B00066050020C00100204A0300204375727238
:1093C000656E74000020F8490090D1E90201024660
:1093D0000B46CDE90201F549002001F069FDAFF629
:1093E0005801F248A03001F0F1FDEF48B83840795B
:1093F00000F0100068B3EC48B838C078A0B9EA486B
:10940000B83890F8700178B10120E7490839009028
:10941000D1E9020102460B46CDE90201E3492831B8
:10942000012001F045FD0EE00020DF4908390090E1
:10943000D1E9020102460B46CDE90201DB492831A0
:10944000012001F035FDDAA1D848AA3001F0BEFDB7
:109450002CE0D548B838C078A0B9D348B83890F8CF
:10946000700178B10120D04908390090D1E902019A
:1094700002460B46CDE90201CC492831002001F01B
:1094800017FD0EE00020C84908390090D1E902011B
:1094900002460B46CDE90201C4492831002001F003
:1094A00007FDC4A1C148AA3001F090FDAFF2F84118
:1094B000BE48503001F08AFDAFF20451BB48B430D1
:1094C00001F084FDAFF21051B848783001F07EFD14
:1094D000AFF21C51B548BE3001F078FD16E3AFF68F
:1094E0009811B248983801F071FDAFF69C11AF4861
:1094F000883801F06BFDAFF6A011AC48783801F068
:1095000065FDAFF6A411A948683801F05FFDAFF61C
:10951000A811A648583801F059FDAFF6A811A34884
:10952000423801F053FDAFF69411A0482C3801F0F9
:109530004DFDAFF27C519D48163801F047FD9A4829
:10954000B838407900F0020068B39748B838C0785E
:10955000012813D19448B83890F8700170B10120F7
:109560000090914820304169006902460B46CDE9E0
:1095700002018E49012001F09BFC0DE000200090CB
:10958000894820304169006902460B46CDE9020155
:109590008649012001F08CFCAFF61C218348A030E5
:1095A00001F014FD2CE08048B838C078012813D1B0
:1095B0007D48B83890F8700170B101207A4928319F
:1095C0000090D1E9020102460B46CDE9020177493C
:1095D000002001F06DFC0DE000207349283100905F
:1095E000D1E9020102460B46CDE902016F49002094
:1095F00001F05EFCAFF670216C48A03001F0E6FC93
:109600006948B838407900F0100068B36648B83847
:10961000C078A0B96448B83890F8700178B10120DA
:10962000614920310090D1E9020102460B46CDE9A3
:1096300002015E492831012001F03AFC0EE00020D1
:10964000594920310090D1E9020102460B46CDE98B
:10965000020156492831012001F02AFC54A1534847
:10966000AA3001F0B3FC2CE04F48B838C078A0B95C
:109670004D48B83890F8700178B1012000904A4800
:109680002030C168806802460B46CDE90201474997
:109690002831002001F00CFC0EE000200090424830
:1096A0002030C168806802460B46CDE902013F497F
:1096B0002831002001F0FCFB3EA13C48AA3001F01B
:1096C00085FC3948B838407900F0040078B3364852
:1096D000B838C078022814D13348B83890F87001EF
:1096E00078B10120304928310090D1E904010246C7
:1096F0000B46CDE902012D495031012001F0D8FB84
:109700000EE00020284928310090D1E904010246EA
:109710000B46CDE9020125495031012001F0C8FB7B
:10972000AFF27C712148B43001F050FC2FE0FFE72C
:109730001D48B838C078022814D11B48B83890F8B2
:10974000700178B10120009017482030C16980690C
:1097500002460B46CDE9020114495031012001F0C7
:10976000A7FB0EE0002000900F482030C1698069FF
:1097700002460B46CDE902010C495031012001F0AF
:1097800097FBAFF2D8710948B43001F01FFCAFF27B
:10979000D8710648783001F019FCAFF2E471034843
:1097A000BE3001F013FCF2E200010020FE050020B3
:1097B0006D4100007E410000AFF67441FE4801F0AB
:1097C00005FCAFF67441FC48103001F0FFFBAFF62A
:1097D0007841F948203001F0F9FBAFF67C41F648BA
:1097E000303001F0F3FBAFF68041F348403001F038
:1097F000EDFBAFF68041F048563001F0E7FBAFF6E5
:109800006C41ED486C3001F0E1FBAFF65C01EA48D9
:10981000823001F0DBFBE948407900F0020058B3E8
:10982000E648C078012812D1E44890F8700170B180
:109830000120E3490090D1E9020102460B46CDE93F
:109840000201DD499831012001F032FB0EE00020D9
:109850000090DB4808384169006902460B46CDE9B3
:109860000201D5499831012001F022FBAFF6F04109
:10987000D44801F0ABFB29E0D048C078012812D1D0
:10988000CE4890F8700170B10120CD490090D1E927
:10989000020102460B46CDE90201C749983100207A
:1098A00001F006FB0DE00020C5490090D1E902015E
:1098B00002460B46CDE90201BF499831002001F074
:1098C000F7FAAFF63C51BF4801F080FBBB48407946
:1098D00000F0100060B3B948C07898B9B74890F864
:1098E000700178B101200090B5480838C1688068DF
:1098F00002460B46CDE90201B2497839012001F058
:10990000D7FA0EE00020AE4908390090D1E90201F3
:1099100002460B46CDE90201AA497839012001F03F
:10992000C7FAAFF27411A7480A3001F04FFB2BE0E1
:10993000A248C07898B9A14890F8700178B1012088
:109940009F4908390090D1E9020102460B46CDE952
:1099500002019C497839002001F0AAFA0EE00020AB
:10996000974908390090D1E9020102460B46CDE93A
:10997000020194497839002001F09AFAAFF2CC1133
:1099800090480A3001F022FB8C48407900F0040036
:1099900068B38A48C078022813D1884890F87001CB
:1099A00078B10120009086480838C1698069024674
:1099B0000B46CDE9020183495039012001F078FAC4
:1099C0000EE0002000907E480838C1698069024698
:1099D0000B46CDE902017B495039012001F068FABC
:1099E000AFF63C217748143001F0F0FA2BE07348D1
:1099F000C078022813D1714890F8700178B1012025
:109A000000906F480838C169806902460B46CDE96D
:109A100002016C495039012001F04AFA0DE00020A2
:109A200067490090D1E9040102460B46CDE90201E5
:109A300064495039012001F03BFAAFF690216148AA
:109A4000143001F0C3FA5D48407900F0080078B3A3
:109A50005A48C078032815D1584890F8700188B149
:109A6000012057490090D1E9060102460B46CDE995
:109A7000020154492839012001E089E147E001F061
:109A800017FA0EE0002000904D480838416A006A3D
:109A900002460B46CDE902014A492839012001F06E
:109AA00007FAAFF6E82147481E3001F08FFA2DE0A3
:109AB000FFE74248C078032813D1404890F870016E
:109AC00078B1012000903E480838416A006A024699
:109AD0000B46CDE902013B492839002001F0E8F9A5
:109AE0000EE00020009036480838416A006A0246BD
:109AF0000B46CDE9020133492839002001F0D8F99D
:109B0000AFF684712F481E3001F060FA3FE1AFF6E6
:109B1000C871294801F05AFAAFF6CC7126481030C6
:109B200001F054FAAFF6D0712348203001F04EFA1C
:109B3000AFF6D4712048303001F048FAAFF6CC715E
:109B40001D48563001F042FAAFF694311A486C3095
:109B500001F03CFAAFF6A0311748823001F036FA36
:109B60001948007818B118480078012813D100E08E
:109B70000CE1AFF6BC311048403001F027FAAFF6E7
:109B8000C8310D48983001F021FAAFF6D4310D48B4
:109B900001F01CFA83E00D490748403001F016FA45
:109BA0000648407900F00200B0B30448C0780128AC
:109BB0001FD102480CE0000066050020480000208C
:109BC000500100209E060020C0010020688B000884
:109BD00090F8700168B101206E490090D1E902014E
:109BE00002460B46CDE902016B49012001F060F904
:109BF0000CE0002067490090D1E9020102460B46C3
:109C0000CDE902016449012001F052F963A16248E3
:109C1000A03001F0DBF929E0FFE76148C0780128B6
:109C200012D15F4890F8700170B10120009059483E
:109C300008384169006902460B46CDE902015649E0
:109C4000002001F035F90CE0002052490090D1E9E4
:109C5000020102460B46CDE902014F49002001F006
:109C600027F950A14C48A03001F0B0F94E480168E6
:109C7000426848480838D0E90434594082EA040070
:109C800001430CD043480838D0E90410464A11601B
:109C90005060162244490A39E620F6F7A0FF4048F2
:109CA000407900F0100060B33D48C07898B93C4856
:109CB00090F8700178B10120364908390090D1E957
:109CC000020102460B46CDE9020133492831012049
:109CD00001F0EEF80EE0002000902E480838C16830
:109CE000806802460B46CDE902012B49283101204C
:109CF00001F0DEF8AFF248512748AA3001F066F9CA
:109D00002BE02748C07898B9254890F8700178B1C1
:109D1000012000901F480838C168806802460B4641
:109D2000CDE902011C492831002001F0C1F80EE004
:109D30000020009017480838C168806802460B462A
:109D4000CDE9020114492831002001F0B1F8AFF249
:109D50009C511148AA3001F039F9AFF6A4510E48D0
:109D6000503001F033F9AFF6B0510B48B43001F088
:109D70002DF9AFF6BC510848783001F027F9AFF65D
:109D8000C8510548BE3001F021F900E000BF00BF16
:109D90001FBD000078010020FE0500206D7300004B
:109DA000480000207E7300005203002008B542F2F4
:109DB0000410F8F729FA4FF4AD40D6239E22002173
:109DC00000909420F8F7DCFA08BD000000B585B0DB
:109DD000FE4890F8BA01012803D10220FB4981F81E
:109DE000BA01FA490F31F948F6F73EFA20B9F748B7
:109DF00090F8BA0102281BD146F2C330F44908801A
:109E000000204880084640880988F04A1823CDE998
:109E10000132CDE903102A209E23E5220021009083
:109E20000620FBF7B9FAE94901F10F00F6F72AFA23
:109E3000E6492D31A1F10F00F6F716FA20B9E348F3
:109E400090F8BA01022827D1E2488078012804D18D
:109E50004FF44840DE49088003E04FF4AD40DC4950
:109E600008800020DA494880084640880988D74A97
:109E70001E321823CDE90132CDE903102A209E239A
:109E8000E522A42100900720FBF786FACF491E3176
:109E900001F10F00F6F7F6F9CC494B31A1F10F00B3
:109EA000F6F7E2F920B9C94890F8BA0102281ED1A4
:109EB0004FF2E760C6490880002048800846408885
:109EC0000988C24A3C321823CDE90132CDE903109A
:109ED0002A209E23E5224FF4A47100900820FBF76E
:109EE0005BFABA493C3101F10F00F6F7CBF9B749FB
:109EF0006231A1F10800F6F7B7F920B9B34890F83C
:109F0000BA01022853D1B448807828BB4FF4AD4041
:109F1000AF49088000204880084641880088AB4A45
:109F20005A321823CDE90132CDE9030134208823C8
:109F30000022114600900120FBF72EFA4FF4AD40AD
:109F4000A34908800846008834239322002100900A
:109F50008920F8F715FA24E04AF655509C49088004
:109F600000204880084640880988984A5A321823B9
:109F7000CDE90132CDE903103420882300221146B7
:109F800000900120FBF708FA42F204109049088083
:109F90000846008834239322002100908920F8F796
:109FA000EFF98A495A3101F10800F6F76BF9874950
:109FB0007231A1F10800F6F757F920B9834890F8FB
:109FC000BA01022854D184488078012825D14FF461
:109FD000AD407F49088000204880084641880088BD
:109FE0007A4A6A321823CDE90132CDE903013420DF
:109FF00088233622002100900120FBF7CDF94FF491
:10A00000AD4073490880084600886A2393223621B0
:10A0100000908920F8F7B4F924E04AF655506C49CD
:10A02000088000204880084640880988674A6A32CC
:10A030001823CDE90132CDE90310342088233622DC
:10A04000002100900120FBF7A7F942F204106049BB
:10A050000880084600886A239322362100908920D0
:10A06000F8F78EF959496A3101F10800F6F70AF953
:10A0700056498231A1F10800F6F7F6F820B95348A5
:10A0800090F8BA01022854D153488078022825D18B
:10A090004FF4AD404E490880002048800846408873
:10A0A00009884A4A7A321823CDE90132CDE90310F2
:10A0B000342088236C22002100900120FBF76CF9EA
:10A0C0004FF4AD404249088008460088A0239322FF
:10A0D0006C2100908920F8F753F924E04AF6555096
:10A0E0003B49088000204880084640880988374A54
:10A0F0007A321823CDE90132CDE9031034208823C8
:10A100006C22002100900120FBF746F942F2041076
:10A110002F49088008460088A02393226C210090D4
:10A120008920F8F72DF929497A3101F10800F6F76D
:10A13000A9F826499231A1F10800F6F795F820B95F
:10A14000224890F8BA0102285CD12348807803287D
:10A1500025D14FF4AD401E490880002048800846B4
:10A1600041880088194A8A321823CDE90132CDE9A5
:10A17000030134208823A222002100900120FBF754
:10A180000BF94FF4AD401249088008460088D623E9
:10A190009322A22100908920F8F7F2F82DE04AF6E8
:10A1A00055500B490880002048800846408809889F
:10A1B000064A8A321823CDE90132CDE90310342052
:10A1C0008823A22200210090012007E00C05002036
:10A1D000C40200208402002048000020FBF7DCF8C5
:10A1E00042F20410FB49088008460088D6239322D7
:10A1F000A22100908920F8F7C3F8F74901F108007F
:10A20000F6F740F8F4491B31A1F10B00F6F72CF8F2
:10A2100028B9F1488A3890F8BA0102282AD1EF48C3
:10A22000C078012806D04AF65550EA490880002037
:10A23000488006E044F22820E64908804AF251604E
:10A240004880E4484088E3490988E34A10321023F3
:10A25000CDE90132CDE9031034206F2336229E214F
:10A2600000900220FBF798F8DB49103101F10B0058
:10A27000F6F708F8D8493131A1F10B00F5F7F4FFF2
:10A2800028B9D5488A3890F8BA01022828D1D3488D
:10A29000C07830B14AF65550CE4908800020488039
:10A2A00006E044F22820CB4908804AF251604880F9
:10A2B000C84841880088C84A26321023CDE90132B7
:10A2C000CDE9030134206F2300229E21009002205B
:10A2D000FBF762F8C049263101F10B00F5F7D2FF18
:10A2E000BD494731A1F10B00F5F7BEFF28B9BA48C7
:10A2F0008A3890F8BA0102282AD1B848C0780228D2
:10A3000006D04AF65550B34908800020488006E040
:10A3100044F22820AF4908804AF251604880AD4895
:10A320004088AC490988AC4A3C321023CDE901325F
:10A33000CDE9031034206F236C229E21009002206F
:10A34000FBF72AF8A4493C3101F10B00F5F79AFF1D
:10A35000A1495D31A1F10B00F5F786FF28B99E48B0
:10A360008A3890F8BA01022829D19C48C07803287D
:10A3700006D04AF65550974908800020488006E0EC
:10A3800044F22820934908804AF25160488091485D
:10A3900041880088904A52321023CDE90132CDE93C
:10A3A000030134206F23A2229E2100900220FAF79D
:10A3B000F3FF8949523101F10B00F5F763FF86493C
:10A3C0007C31A1F11400F5F74FFF28B982488A3893
:10A3D00090F8BA0102283DD18048C078012819D0F0
:10A3E0004AF655507B49088000204880084640883E
:10A3F0000988794A68321023CDE90132CDE903108A
:10A400003420812336224FF4877100900320FAF71D
:10A41000C3FF19E042F204106E4908804AF251600D
:10A4200048800846418800886B4A68321023CDE98D
:10A430000132CDE903013420812336224FF48771A4
:10A4400000900420FAF7A8FF6349683101F1140075
:10A45000F5F718FF6049A431A1F11400F5F704FFE6
:10A4600028B95D488A3890F8BA0102283CD15B4887
:10A47000C078C8B14AF65550564908800020488037
:10A48000084640880988544A90321023CDE90132A9
:10A49000CDE903103420812300224FF4877100900E
:10A4A0000320FAF779FF19E042F2041049490880C5
:10A4B0004AF251604880084641880088464A9032F6
:10A4C0001023CDE90132CDE903013420812300229C
:10A4D0004FF4877100900420FAF75EFF3E499031F7
:10A4E00001F11400F5F7CEFE3B49CC31A1F1140087
:10A4F000F5F7BAFE28B938488A3890F8BA01022828
:10A500003DD13648C078022819D04AF65550314915
:10A510000880002048800846418800882E4AB832CA
:10A520001023CDE90132CDE90301342081236C22CF
:10A530004FF4877100900320FAF72EFF19E042F2E2
:10A540000410244908804AF2516048800846408837
:10A550000988214AB8321023CDE90132CDE9031030
:10A56000342081236C224FF4877100900420FAF785
:10A5700013FF1949B83101F11400F5F783FE1649AC
:10A58000F431A1F11400F5F76FFE28B912488A38AA
:10A5900090F8BA01022841D11048C07803281FD092
:10A5A0004AF655500B4908800020488008464088EC
:10A5B0000988094AE0321023CDE90132CDE90310C0
:10A5C00034208123A2224FF4877100900320FAF7F0
:10A5D000E3FE1EE0C4020020960500204800002093
:10A5E00042F204107D4908804AF2516048800846D2
:10A5F000418800887A4A1023CDE90132CDE9030170
:10A6000034208123A2224FF4877100900420FAF7AE
:10A61000C3FE734901F11400F5F734FE70492D3182
:10A62000481FF5F721FE20B96E4890F8BA010228BC
:10A6300029D16D48C078012806D04AF6555067499F
:10A6400008800020488006E044F228206349088002
:10A650004AF251604880614841880088604A283247
:10A660001023CDE90132CDE9030134204E233622F7
:10A670004FF4C87100900520FAF78EFE5849283132
:10A68000481DF5F7FFFD56493731481FF5F7ECFD3A
:10A6900020B9544890F8BA01022829D15248C0780C
:10A6A00030B14AF655504D4908800020488006E0F8
:10A6B00044F22820494908804AF2516048804748BE
:10A6C000408846490988464A32321023CDE9013292
:10A6D000CDE9031034204E2300224FF4C8710090BE
:10A6E0000520FAF759FE3E493231481DF5F7CAFDFB
:10A6F0003B494131481FF5F7B7FD20B9394890F87B
:10A70000BA01022829D13848C078022806D04AF672
:10A710005550324908800020488006E044F2282045
:10A720002E4908804AF2516048802C4841880088B0
:10A730002B4A3C321023CDE90132CDE9030134200C
:10A740004E236C224FF4C87100900520FAF724FEC6
:10A7500023493C31481DF5F795FD21494B31481FF0
:10A76000F5F782FD20B91F4890F8BA01022829D1D7
:10A770001D48C078032806D04AF65550174908806E
:10A780000020488006E044F22820144908804AF25C
:10A7900051604880114841880088114A4632102390
:10A7A000CDE90132CDE9030134204E23A2224FF43A
:10A7B000C87100900520FAF7EFFD09494631481DA0
:10A7C000F5F760FD074890F8BA01022803D1002090
:10A7D000044981F8BA0105B000BD0000C4020020A0
:10A7E000760600200C050020480000201FB5044616
:10A7F000FDF740FDFFF7EAFA2D48007828B96420FC
:10A80000F8F7DCF801202A490870012C4ED142F2F9
:10A810000410C1234FF4D77234210090C820F7F7F9
:10A82000AFFD4FF4AD4042F2041122A21823CDE94E
:10A830000032CDE90210B0234FF4B47242214FF43C
:10A840008770F8F74DFB4FF4AD4042F204111BA2A4
:10A850001023CDE90032CDE90210BE234FF4D772A8
:10A860006E21DC20F8F73CFB4FF4AD4042F20411BE
:10A8700018A21023CDE90032CDE90210BE234FF417
:10A88000D7728A21DC20F8F72BFB4FF4AD4042F25F
:10A89000041115A21023CDE90032CDE90210BE2328
:10A8A0004FF4D772A621DC20F8F71AFB1FBD000079
:10A8B000C80200205761726E696E67004578636553
:10A8C00065642074686520736166652076616C75C7
:10A8D00065000000436F6E74696E75653A5072656D
:10A8E00073732052554E000043616E63656C3A509D
:10A8F00072657373205041555345000010B50446EE
:10A90000F5F74FFC8648807830B1012842D0022804
:10A910007ED004287DD1BBE0012C18D18149486844
:10A92000FBF75AFA30B98048007840F002007E49BF
:10A9300008702EE07C48007820F002007A49087008
:10A9400008468078012824D0FBF75EF921E0022C2C
:10A950001FD173484078012805D1714800697149B9
:10A960004968086005E06E48D0F8B8006D4949684C
:10A9700008606C484068006858B96B48007820F05F
:10A9800002006949087008468078012801D0FBF769
:10A990003BF990E0012C18D162494868FBF772F945
:10A9A00030B96148007840F002005F4908702EE03D
:10A9B0005D48007820F002005B4908700846807806
:10A9C000012824D0FBF720F921E0022C1FD15448A4
:10A9D0004078012805D15248806B52494968086087
:10A9E00005E04F48D0F8E0004E49496808604D48FE
:10A9F0004068006858B94C48007820F002004A4985
:10AA0000087008468078012801D0FBF7FDF852E075
:10AA100000E04FE0012C18D142494868FBF7F6FBF3
:10AA200030B94148007840F002003F4908702EE0FC
:10AA30003D48007820F002003B49087008468078C5
:10AA4000012824D0FBF7E0F821E0022C1FD1344884
:10AA50004078012805D13248006E324949680860C3
:10AA600005E02F48D0F808012E49496808602D48B4
:10AA70004068006858B92C48007820F002002A4944
:10AA8000087008468078012801D0FBF7BDF812E075
:10AA90002648407806280AD2DFE800F003040506BD
:10AAA000070805E004E003E002E001E000E000BF89
:10AAB00000BF00E000BF00BF012C2DD11948406845
:10AAC000C0681B49498901EB810100EB4100808886
:10AAD00018494968086013484068C06814494989A2
:10AAE00001EB810100EB4100C088134949680880EF
:10AAF0000C484068C0680E49498901EB810100EBB0
:10AB0000410000890D4949680860002008494881D2
:10AB100000210748C1600161F5F745FB10BD000049
:10AB200048000020A002002084020020A02A00206B
:10AB30003C04002024020020440200206402002083
:10AB400010B5064CD4E90010884202D14FF6FF70D0
:10AB500010BD4FF47A7000F003F8F9E7304200209E
:10AB600010B502460B49134606E0581E80B2031E7C
:10AB700002D14FF6FF7010BDD1E90040A042F4D0E1
:10AB80000C794868401C04F03F04486001F108005B
:10AB9000005DF0E73042002070B51B4C40F22551BB
:10ABA0001A4800F05DF8F0B140F22551174800F066
:10ABB0003CF8164800F00EF9C5B2D4E90001401A7D
:10ABC000402808D2207800F03F0104F108004554E5
:10ABD0002068401C206020782179401A00F03F0056
:10ABE0000B4908800FE040F22441084800F038F893
:10ABF00048B106480088C6B20448001D0088C6B2A5
:10AC000001200449087070BD30420020001401404A
:10AC10001A0300201803002001F40072B2F5007F2F
:10AC200000D100BFCA430280704710B50022002344
:10AC300040F66A14A14200D100BF0A1201249440D8
:10AC4000A3B2DC43048010BD21B1828942F40052DA
:10AC5000828104E082894DF6FF731A408281704739
:10AC600070B50246002400230025002040F66A1635
:10AC7000B14200D100BFC1F3421501F01F0301260C
:10AC800006FA03F3012D02D19689334006E0022D26
:10AC900002D1168A334001E0968A33400C12012615
:10ACA00006FA04F41688344013B10CB1012000E018
:10ACB000002070BDF0B503460024002600250020CA
:10ACC00040F66A17B94200D100BF1846C1F34214DA
:10ACD00001F01F06012707FA06F5012C01D10C30FF
:10ACE00004E0022C01D1103000E014301AB10768E2
:10ACF0002F43076002E00768AF430760F0BD000024
:10AD00002DE9FF4705460E460024A14600BFA04698
:10AD1000B08900B100BF2C8A24F44054F088044369
:10AD20002C82AC8941F20C608443B088318908439D
:10AD3000718908430443AC81AC8A24F44074B0891F
:10AD40000443AC826846FBF7C3FB2048854202D02F
:10AD50001F48854202D1DDF80C9001E0DDF8089033
:10AD6000A88900F4004040B109EBC90000EB0910CC
:10AD700031684900B0FBF1F707E009EBC90000EBCF
:10AD8000091031688900B0FBF1F76420B7FBF0F0DF
:10AD900004012009642101FB1078A88900F4004017
:10ADA00040B1322000EBC800B0FBF1F000F007002A
:10ADB000044308E0322000EB08106421B0FBF1F0FE
:10ADC00000F00F0004432C81BDE8FF870010014014
:10ADD0000014014001468888C0F30800704700BF96
:10ADE000FEE7000010B588B0044601214020FBF7C3
:10ADF00005FB01212020FBF741FB082209212A48FD
:10AE0000F6F7FEFA08220E212748F6F7F9FA4FF472
:10AE10008440069002208DF81C0003208DF81D0050
:10AE200000208DF81E0001208DF81F0006A91E4885
:10AE3000F6F79EFA02940020ADF80C00ADF80E0073
:10AE4000ADF81000ADF814000C20ADF8120002A906
:10AE50001648FFF755FF40211448FFF7DDFE10218B
:10AE60001248FFF7D9FE012240F225510F48FFF7A3
:10AE700021FF012240F224410C48FFF71BFF47202D
:10AE80008DF8040002208DF8050003208DF80600DF
:10AE900001208DF8070001A8FAF720F901210348E5
:10AEA000FFF7D2FE08B010BD0018024000140140A8
:10AEB0002DE9FC4106460F4614461D46DDF820806C
:10AEC000C6B3B8F1000F2AD02A48C0684FF47A718F
:10AED000B0FBF1F201FB1200C82804D226A13846CB
:10AEE00000F074F843E00A21244890F872012246E9
:10AEF0002B46CDE900013946304601F0C5FA1F481E
:10AF000090F87001012832D10A20042122462B46F4
:10AF1000CDE900103946304601F0B6FA27E00A20A4
:10AF2000042122462B46CDE900103946304601F077
:10AF3000ABFA1CE0FFE7B8F1000F0ED00D48C06877
:10AF40004FF47A71B0FBF1F201FB1200C82804D271
:10AF500009A1384600F03AF809E00A20002122460B
:10AF60002B46CDE900103946304601F08DFABDE898
:10AF7000FC810000C80600200000000048000020FE
:10AF800010B5F6F727FD10BD70B505460C4645F225
:10AF90005550F6F733FD2846F6F724FDA0B2F6F734
:10AFA00027FDF6F717FDF6F70DFD70BD0FB4054B45
:10AFB00010B503A9044A029800F030F910BC5DF8FE
:10AFC00014FB000005BB00081C0300200FB4084B55
:10AFD00010B504A902AA039800F020F9044602A9BA
:10AFE000002000F09EFC204610BC5DF814FB000021
:10AFF00023B9000800B52DED048BB0EE409AF0EEB9
:10B00000609A83B051EC190BF5F74BFC41EC180B2F
:10B0100018EE100A18EE901A8DED008B002818BF5C
:10B020000120084320F00040C0F17F6000F1E040C3
:10B03000C00F14D019EE101A19EE900A8DED009B76
:10B04000002918BF0121084320F00040C0F17F60B3
:10B0500000F1E040C00F04BF012000F017F8B0EE8F
:10B06000480A03B0F0EE680ABDEC048B00BD02E0B4
:10B0700008C8121F08C1002AFAD170477047002083
:10B0800001E001C1121F002AFBD17047014908608D
:10B0900070470000440300202DE9FF5F82B00021CB
:10B0A000DDE90430020DDDF840B0034318D044F66A
:10B0B0001050A2F2FF3242431514119801281FD0FC
:10B0C000A5EB0B00401C5FEA000A4FF000064E4F54
:10B0D000DFF83891B046504615D5CAF1000413E0A8
:10B0E000119801244AA3012801D16FEA0B010298AB
:10B0F000119AC0E90031C0E9024206B0BDE8F09FF4
:10B10000CBF10000DFE704460021404A491842EB3A
:10B110000450CDE9001012E0E00707D032463B466C
:10B1200040464946F5F76DF98046894632463B462A
:10B1300010461946F5F765F906460F466410002CCF
:10B14000EAD1DDE90401DDE90023BAF1000F06DAF6
:10B15000F5F757F942464B46F5F753F905E0F5F791
:10B16000C2F942464B46F5F7BEF904460E460022A8
:10B17000284BF5F7FFFB03D84FF0FF30014607E0FF
:10B180000022254B20463146F5F794F8F5F7DAFB17
:10B19000102409E0002C0ADB0A220023F5F71AF834
:10B1A000039B30321A55641E50EA0102F2D1641C2E
:10B1B000039AC4F111031444119A012A03D0012205
:10B1C00008430DD10AE0084304D000204FF0110BD2
:10B1D000119072E7A3EB0B056D1E0DE05B4504DDDE
:10B1E0004FF0000205F1010504E003DA4FF0000220
:10B1F000A5F10105002AECD002981199C0E90231AD
:10B20000C0E9004579E70000000014400000F03F6D
:10B21000300000000000F0430000E03F2DE9FF4F48
:10B2200095B09A46884606460025EEE1252877D156
:10B2300000242746F94A0121039400E0044316F84C
:10B24000013F203B01FA03F01042F7D130782A2861
:10B2500011D06FF02F033078A0F13002092A16D8F0
:10B26000039A44F0020402EB820203EB4202104410
:10B27000761C0390EFE758F8042B0392002A03DAB8
:10B28000504244F40054039044F00204761C307899
:10B290002E2816D116F8010F44F004042A280DD0E8
:10B2A0006FF02F023078A0F13003092B09D807EB9B
:10B2B000870302EB4303C718761CF3E758F8047BB7
:10B2C000761C30786C280FD006DC4C2817D0682804
:10B2D0000DD06A2814D104E0742810D07A280FD138
:10B2E0000DE044F400140AE044F4801401E044F456
:10B2F00040147278824202D104F58014761C761CC8
:10B30000307866280BD013DC582877D009DC002869
:10B3100075D04528F6D04628F4D047281AD193E1B5
:10B3200018E0632835D0642879D0652812D18BE1E4
:10B33000702873D008DC6728F1D069286FD06E2898
:10B340000DD06F2806D1ACE073282CD0752874D0AE
:10B35000782853D05246179990476D1C54E1C4F396
:10B360000250022809D003280DD0D8F80010042874
:10B370000DD00D6008F1040846E1D8F80010EA1776
:10B38000C1E90052F6E7D8F800100D80F2E70D7021
:10B39000F0E718F8041B8DF8001000208DF801006C
:10B3A000EB46012003E058F804BB4FF0FF30610783
:10B3B0004FF0000102D40DE009F101018946B942C4
:10B3C0000FDA8145F8DB1BF809100029F4D108E0F9
:10B3D00009F1010189468142FADB1BF809100029B5
:10B3E000F6D103985346A0EB090721463846179A31
:10B3F00000F080FA284400EB090507E044E008E18A
:10B400000DE01BF8010B524617999047B9F101095D
:10B41000F7D2534621463846179AF2E039E00A211E
:10B42000C4F302524FF0000B0091022A06D058F8E4
:10B43000040BC117032A09D00AE023E008F1070032
:10B4400020F00702F2E80201904605E000B2C117C1
:10B45000042A01D140B2C117002906DA0A460021A8
:10B46000404261EB02012D2202E0220504D52B228D
:10B470008DF80420012203E0E20701D02022F7E743
:10B48000914657E00A2100E010214FF0000B009197
:10B490000BE010214FF0000B44F00404082700914A
:10B4A00003E008204FF0000B0090C4F30252022A80
:10B4B00005D058F8040B0021032A08D008E008F151
:10B4C000070020F00702F2E80201904603E080B294
:10B4D000042A00D1C0B24FF0000922072AD53278E1
:10B4E000702A07D0DDF800C08CF0100C5CEA0B0C61
:10B4F00005D00EE040228DF80420012208E050EA39
:10B50000010306D030238DF804308DF80520022287
:10B510009146009B83F0080353EA0B030AD150EADB
:10B52000010201D1620705D530228DF804204FF0C9
:10B5300001097F1E3278582A04D039A20C920CAA35
:10B5400002920BE03BA2F9E75B46009AF4F742FE59
:10B550000C9B9B5C029A521E0292137050EA0102ED
:10B56000F2D1029804A9081A00F1200B600702D555
:10B5700024F4803400E001275F4502DDA7EB0B00D7
:10B5800000E0002000EB0B01009003984944401AB2
:10B590000390E00306D453462146179A039800F01F
:10B5A000A9F90544002706E001A85246C05D179995
:10B5B00090476D1C7F1C4F45F6DBE0030CD55346CE
:10B5C0002146179A039800F095F9054404E03020CD
:10B5D0005246179990476D1C0099481E009000290B
:10B5E000F5DC08E00298029952460078491C029165
:10B5F000179990476D1CBBF10001ABF1010BF1DC19
:10B600005BE100F065F90544761C307800287FF492
:10B610000DAE19B02846BDE8F08F000009280100E2
:10B6200030313233343536373839616263646566B8
:10B63000000000003031323334353637383941427A
:10B640004344454600000000600700D4062708F187
:10B65000070020F00700F0E80223804603F0004CCA
:10B660005FEA0C0001D097A009E0200501D596A063
:10B6700005E0E00701D095A001E0AFF24C00139087
:10B68000307823F0004365280CD006DC452809D02B
:10B6900046281DD047287FD13BE0662818D0672870
:10B6A0007AD136E00021112F01DB112000E0781C57
:10B6B000CDE9000104A90CA8FFF7EEFCDDE90D01BE
:10B6C0000C9A4FF0000B07F10109109200914EE027
:10B6D0004FF000400097CDE9011004A90CA8FFF736
:10B6E000DBFCDDE90D020C9B0F994FF0000B91463E
:10B6F0001093009211B9791C00EB0109B7EB090016
:10B7000003D4C0F1FF3B07F10109A9EB0700019049
:10B7100042E0012F00DA01270021112F01DD112065
:10B7200000E03846CDE9000104A90CA8FFF7B4FCFD
:10B73000DDE90D010C9A00914FF0000BB946109213
:10B7400021070FD4009A4A4503DA914601E0A9F196
:10B750000109B9F1010F05DD109AA9F10101515C50
:10B760003029F4D0B84202DA10F1040F03DA0121D3
:10B77000CDE9011010E0002803DC8344A9EB0001AF
:10B7800002E0411C494500DD8946A0EB0B00401C4E
:10B7900001904FF000400290200705D401984845E1
:10B7A00002DB4FF0FF30019000208DF84B00029833
:10B7B0000DF14B07B0F1004F25D002200C902B204B
:10B7C0000D90029800280CDA404202902D200D9036
:10B7D00007E00A210298F4F789FF3031029007F858
:10B7E000011D0C99481E0C900029F2DC02980028DB
:10B7F000EFD1791E0D980870307800F0200040F0ED
:10B80000450007F8020D11A8C01BC01D0290139837
:10B81000007800B1012000EB0901019801EBE07113
:10B82000029801440398401A401E0390E00306D496
:10B8300053462146179A039800F05CF80544139884
:10B84000007818B15246179990476D1CE00323D534
:10B8500053462146179A039800F04CF805441BE024
:10B86000BBF1000F07DB0098584504DD10981799CD
:10B8700010F80B0001E017993020524690470198CC
:10B880000BF1010B401E05F10105019004D12E20A2
:10B890005246179990476D1CB9F10001A9F10109B1
:10B8A000DEDC05E017F8010B5246179990476D1C36
:10B8B0000299481E02900029F4DC53462146179A4B
:10B8C00003989EE62D0000002B00000020000000E1
:10B8D0002DE9F041044600251E461746880404D48D
:10B8E00005E039462020B0476D1C641EF9D5284676
:10B8F000BDE8F0812DE9F041044600251E46904642
:10B90000C80301D5302700E02027880404D505E0CE
:10B9100041463846B0476D1C641EF9D52846BDE83F
:10B92000F0810A68531C0B601070704770B50546B3
:10B9300005EB8500304901EB40042846F6F7CCFAC8
:10B94000A8423ED12078052802DA0520207052E076
:10B9500020780A2803DA2078401C20704BE0A07978
:10B9600038B90120A07105EB4501491CC8B200F0AF
:10B97000A1F8A08800283EDD6088A18888420DDA01
:10B980006088401C80B26080A188884233D105EB7A
:10B990004501C91CC8B200F08DF82CE0E079002800
:10B9A00029DD207A401CC0B22072E179884222DB76
:10B9B0000020207205EB4501491CC8B200F07AF85E
:10B9C00019E02078052802DD0520207010E020789D
:10B9D00018B12078401E20700AE0A079012807D114
:10B9E0000020A07105EB4501891CC8B200F062F887
:10B9F00000206080207270BDE40600200E4890F8A0
:10BA000032000D4A92F83320904201D10020704755
:10BA1000094890F83200084A115C104690F832004C
:10BA2000401CC0B282F83200322802DB002082F8CB
:10BA300032000846EBE700004C08002000200021FF
:10BA4000144A82F8321082F8331082F8341000BFA2
:10BA50001DE0642100EB80020F4B03EB420291805A
:10BA6000052100EB800203F81210002100EB800298
:10BA700003EB4202917100EB800203EB4202D171B1
:10BA800000EB800203EB42021172411CC8B2242871
:10BA9000DFDB70474C080020E406002010B50024CE
:10BAA00004E02046FFF742FF601CC4B2242CF8DB00
:10BAB00010BD0000084991F83310074A5054114650
:10BAC00091F83310491CC9B282F83310322902DBD5
:10BAD000002182F8331070474C0800204FF0E0221C
:10BAE00052694FF47A73B2FBF3F250434FF0E02205
:10BAF000916900BF4FF0E02292698A1A8242F9D31D
:10BB00007047000000BF054A128802F04002002A78
:10BB1000F9D0C2B2014B1B1D1A80704700140140BE
:10BB200010B586B004460020039004900590009064
:10BB30000190029012480068C0F30B00039011A01E
:10BB40000399FFF733FA144850F824000068039073
:10BB5000114850F82400406804900F4850F8240021
:10BB6000806805900DA00099FFF720FA10A00199B8
:10BB7000FFF71CFA13A00299FFF718FA06B010BDE0
:10BB8000002004E04D43552069645B305D3A307815
:10BB900025780D0A00000000140000204D435520B8
:10BBA0006964315B305D3A307825780D0A00000019
:10BBB0004D4355206964315B315D3A307825780D0D
:10BBC0000A0000004D4355206964315B325D3A3014
:10BBD0007825780D0A00000000B52DED048B85B0A6
:10BBE00001A8FAF775FC0298F4F70BFD41EC190B6C
:10BBF0009FED230B53EC102BF4F775FC41EC180B65
:10BC000053EC182B20A0FFF7D1F90398F4F7F9FCB7
:10BC100041EC190B9FED1A0B53EC102BF4F763FC5E
:10BC200041EC180B53EC182B1EA0FFF7BFF904983A
:10BC3000F4F7E7FC41EC190B9FED110B53EC102BC3
:10BC4000F4F751FC41EC180B53EC182B1CA0FFF738
:10BC5000ADF90198F4F7D5FC41EC190B9FED080BF9
:10BC600053EC102BF4F73FFC41EC180B53EC182B62
:10BC70001AA0FFF79BF905B0BDEC048B00BD0000D6
:10BC80000000000080842E4148434C4B5F467265A3
:10BC90007175656E63793A252E33664D487A0D0AC3
:10BCA0000000000050434C4B315F46726571756572
:10BCB0006E63793A252E33664D487A0D0A000000EE
:10BCC00050434C4B325F4672657175656E63793ACD
:10BCD000252E33664D487A0D0A0000005359534310
:10BCE0004C4B5F4672657175656E63793A252E33EC
:10BCF000664D487A0D0A000010B5122204494FF42F
:10BD00000070F4F731FF024902A0FFF74FF910BDB0
:10BD1000F00100204465766963655F534E3A2573F0
:10BD20000D0A000070B5002400250026FFF766FE0E
:10BD300004468CB1601E032190FBF1F0C5B2601E79
:10BD400090FBF1F201FB1200C6B21EB9242D01DAFC
:10BD5000284670BD0020FCE70020FAE710B52DED65
:10BD6000048B9FED0C0AB0EE408A9020F5F770FB33
:10BD7000B0EE408A18EE100AF4F789FC41EC190B7A
:10BD800053EC192B04A0FFF711F9B0EE480ABDECF3
:10BD9000048B10BD000000006765745F74656D70F2
:10BDA0003A25302E32660D0A0000000010B58020C2
:10BDB0000949088000F012F840200749891E0880D0
:10BDC00000F00CF840200449088000F007F88020BB
:10BDD0000149891E088010BD1A140240002001E0AC
:10BDE000411C88B22628FBDB704700001CB50121EE
:10BDF0002020FAF703FB01212020FAF7FFFA402068
:10BE0000009001208DF804008DF8060003208DF8C5
:10BE1000050001208DF8070069460B48F5F7A8FAE0
:10BE20008020009001208DF804008DF8060003208A
:10BE30008DF8050001208DF8070069460248F5F7E6
:10BE400097FA00F07DF81CBD0014024010B5802068
:10BE500007490880FFF7C2FF402005490880FFF727
:10BE6000BDFF40200249891C0880FFF7B7FF10BDC5
:10BE70001814024070B50025002400BF16E04020D1
:10BE80000C490880FFF7AAFF6006040E094808382D
:10BE9000006800F0800008B1601CC4B24020054971
:10BEA000891C0880FFF79AFF681CC5B2082DE6DBE5
:10BEB000204670BD1814024070B504464020134956
:10BEC000088000251BE004F0800020B180200F498D
:10BED000891E088002E080200C4908806006040E5C
:10BEE000FFF77CFF40200949891E0880FFF776FF95
:10BEF000402006490880FFF771FF681CC5B2082D75
:10BF0000E1DB80200149891E088070BD1A140240BF
:10BF100010B580200949088040200880FFF75EFFA7
:10BF200080200649891C0880FFF758FF40200349FC
:10BF3000891C0880FFF752FF10BD00001814024052
:10BF400010B58020054908804020891E0880FFF731
:10BF500045FF80200149891E088010BD1A14024047
:10BF600070B50024002580200C490880FFF736FFBB
:10BF700040200A490880FFF731FF08480838006868
:10BF800000F0800008B1012400E0002440200349B3
:10BF9000891C0880FFF722FF204670BD181402405C
:10BFA0002DED028B92B09FED680AB0EE408AF5F756
:10BFB0002BFDFEF7E5FF9FED650AFCF737F84FF420
:10BFC000C870F4F70DFFFEF7DBFFBBE060480068C8
:10BFD00030BBFFF7C3FEB0EE408A9FED5E0AB4EEC1
:10BFE000C08AF1EE10FA04DD9FED5B0AFCF71EF843
:10BFF00027E09FED5A0AB4EEC08AF1EE10FA04DD94
:10C000009FED570AFCF712F81BE09FED560AB4EEBD
:10C01000C08AF1EE10FA04DD9FED4C0AFCF706F839
:10C020000FE09FED510AB4EEC08AF1EE10FA04DD84
:10C030009FED4E0AFBF7FAFF03E09FED4B0AFBF77B
:10C04000F5FFF7F7EFF8FEF79BFFF8F7B9FDFEF7FE
:10C0500097FF4748007830B1002045490870FEF747
:10C06000C5FBFEF78DFFF7F711F8FEF789FF414892
:10C070000078002864D0404800881C2860D1002443
:10C080000025402102A8F4F7DDF83CA000680190EB
:10C09000FF22402102A8F4F7CEF800BF05E0FEF72A
:10C0A0004FFD02A90855601C84B2334800888442C1
:10C0B000F5DB31480088801EC1B202A8F4F712FEF9
:10C0C00005462D480088801E02A9095C2A48008880
:10C0D000401E02AA105C41EA0020A84211D0264866
:10C0E0000088401E02A9085C9DF8041088421BD1FC
:10C0F00021480088801E02A9085C9DF8051088422E
:10C1000012D1082202A91E48F4F7C5F860B904ABA1
:10C1100002AA194801881BA0FEF748FF122204A9B1
:10C120004FF40070F4F75BFD0020124908701249CB
:10C130000880122221494FF40070F4F715FD00BF6A
:10C14000FEF71EFF42E70000000000000000A042D2
:10C1500004000020000070420000C84200005C4261
:10C160000000B442000048420000344200008C420B
:10C1700010000020180300201A0300204141000095
:10C1800010CB0008557361727436466C61673D319F
:10C190002C5573617274365F72785F6C656E3A25E8
:10C1A000642C756172745F6275663A252D3238733E
:10C1B0002C534E3A252D3138730D0A00F001002022
:10C1C0002DE9F04104460E461548005D38B9144883
:10C1D00018380168204688470120BDE8F0811148E1
:10C1E00050F82400B04219D90F4850F82400B6FB8B
:10C1F000F0F10B48083850F8240030F811200025E1
:10C2000008E000230648083850F824004F1920F8A9
:10C2100017306D1C9542F4DB0020DEE70220DCE7DE
:10C220000003002028CB000820CB00082DE9F047B0
:10C2300004460F460025A9462348005D20B9224840
:10C2400018380168204688471FB94FF0FF30BDE815
:10C25000F0871E4850F82400B7FBF0F61B4850F852
:10C260002400B7FBF0F100FB117000B1761C1848F8
:10C2700050F82400451E22E01348083850F82400E6
:10C2800030F8150010B909F1010901E04FF000097B
:10C29000B14513D14FF0000809E00B48083850F8B9
:10C2A000240005EB080220F8126008F10108B045EF
:10C2B000F3D3064850F824006843C8E76D1E002DEC
:10C2C000DADA4FF0FF30C2E70003002020CB00088D
:10C2D00018CB000810B501460023002207E00B48E8
:10C2E00050F8210030F8120000B15B1C521C0848C5
:10C2F00050F821009042F2D864205843044C54F87E
:10C300002140B0FBF4F0C0B210BD0000F8020020E4
:10C3100018CB000870B505460C4604B970BD054839
:10C3200050F82500261A31462846FFF749FF00BF7E
:10C33000F4E70000F002002070B504460E463146D6
:10C340002046FFF773FF0546681C08B9002070BD42
:10C35000024850F824002844F9E70000F0020020C9
:10C3600030B5034601E003F8011B141EA2F10102DF
:10C37000F9D130BD10B53F48C07801283CD13E48C6
:10C38000007818B13C48007801281BD13B48D0E91F
:10C39000043042F210729A1A70F1000005D242F293
:10C3A000107200213548C0E904213449D1E9040163
:10C3B000304AD2F8542108322E4BDB7802EBC3020C
:10C3C00003C219E02D48D0E9042044F62063D21AB4
:10C3D00070F1000004D21A4600212848C0E9042167
:10C3E0002649D1E90401234AD2F854210832214BCD
:10C3F000DB7802EBC30203C21E48C078022819D1C1
:10C400001E491F4AD1E90440A21A70F1000004D26B
:10C410001B4A00211948C0E904211848D0E9042129
:10C420001448D0F854010830124BDB7800EBC300FD
:10C43000C0E900210F48C078032819D10F48D0E97E
:10C440000420104BD21A70F1000004D21A460020CA
:10C450000A49C1E904200948D0E90410054AD2F884
:10C4600054210832034BDB7802EBC302C2E900100F
:10C4700010BD000048000020C001002098010020ED
:10C48000400D0300A08601002DE9FF5F82B08A46BF
:10C4900016461F46DDF844B04FF00008C14600BF05
:10C4A000029800287DD0FE4A002330463946F3F733
:10C4B00091FE04460D461098052873D2DFE800F07F
:10C4C0000356B2FCFB000BE00A220023204629465B
:10C4D000F3F780FE04460D4608F1010000F0FF0866
:10C4E000002184EA010069400843EDD1B8F1000F52
:10C4F00001D14FF001084FF0000906E020200AF8B2
:10C50000090009F1010000F0FF095846A0EB0800FE
:10C510004845F3DCE24A002330463946F3F75AFE39
:10C5200004460D46002009EB08010AF8010019E055
:10C53000A8F1010000F0FF080A2200232046294646
:10C54000F3F748FE3020101809EB08010AF8010043
:10C550004FF00A024FF0000320462946F3F73AFE57
:10C5600004460D46B8F1000FE2D1FCE10BE00A22CF
:10C57000002320462946F3F72DFE04460D4608F118
:10C58000010000F0FF08002184EA0100694008432F
:10C59000EDD1B8F1000F01D14FF001084FF00009C3
:10C5A00008E0E1E1DEE120200AF8090009F10100DC
:10C5B00000F0FF09ABF10100A0EB08004845F2DCF8
:10C5C000B74A002330463946F3F704FE04460D46C9
:10C5D0002E2009EB08010AF80100002109EB0800F0
:10C5E000401C0AF8001019E0A8F1010000F0FF0853
:10C5F0000A22002320462946F3F7ECFD30201018CC
:10C6000009EB08010AF801004FF00A024FF000039D
:10C6100020462946F3F7DEFD04460D46B8F1000F2B
:10C62000E2D1A0E10BE00A22002320462946F3F7DD
:10C63000D1FD04460D4608F1010000F0FF0800217D
:10C6400084EA010069400843EDD1B8F1000F01D13F
:10C650004FF001084FF0000906E020200AF8090019
:10C6600009F1010000F0FF09ABF10200A0EB0800A6
:10C670004845F2DC8A4A002330463946F3F7AAFDE2
:10C6800004460D462E2009EB08010AF80100854AF0
:10C69000002330463946F3F79DFD0A220023CDE9F9
:10C6A0000001F3F797FD30201018C1B209EB080024
:10C6B00000F1010001E0B1E028E00AF800104FF0BD
:10C6C000000109EB080000F102000AF8001019E06F
:10C6D000A8F1010000F0FF080A22002320462946A5
:10C6E000F3F778FD3020101809EB08010AF8010073
:10C6F0004FF00A024FF0000320462946F3F76AFD87
:10C7000004460D46B8F1000FE2D12CE10BE00A22FD
:10C71000002320462946F3F75DFD04460D4608F147
:10C72000010000F0FF08002184EA0100694008438D
:10C73000EDD1B8F1000F01D14FF001084FF0000921
:10C7400006E020200AF8090009F1010000F0FF09C5
:10C75000ABF10300A0EB08004845F2DC504A00238F
:10C7600030463946F3F736FD04460D462E2009EBD8
:10C7700008010AF801004B4A002330463946F3F716
:10C7800029FD0A220023CDE90001F3F723FD302023
:10C790001018C1B209EB080000F101000AF80010FE
:10C7A00042F210724FF0000330463946F3F712FDA3
:10C7B0000A220023CDE90001F3F70CFD3020101808
:10C7C000C1B209EB080000F102000AF800104FF0B6
:10C7D000000109EB080000F103000AF8001019E05D
:10C7E000A8F1010000F0FF080A2200232046294694
:10C7F000F3F7F0FC3020101809EB08010AF80100EB
:10C800004FF00A024FF0000320462946F3F7E2FCFE
:10C8100004460D46B8F1000FE2D1A4E00BE00A2275
:10C82000002320462946F3F7D5FC04460D4608F1BF
:10C83000010000F0FF08002184EA0100694008437C
:10C84000EDD1B8F1000F01D14FF001084FF0000910
:10C8500006E020200AF8090009F1010000F0FF09B4
:10C86000ABF10400A0EB08004845F2DC0C4A0023C1
:10C8700030463946F3F7AEFC04460D462E2009EB50
:10C8800008010AF80100074A002330463946F3F749
:10C89000A1FC0A220023CDE90001F3F79BFC03E091
:10C8A00040420F00A086010030201018C1B209EBF1
:10C8B000080000F101000AF8001042F210724FF077
:10C8C000000330463946F3F785FC0A220023CDE900
:10C8D0000001F3F77FFC30201018C1B209EB08000B
:10C8E00000F102000AF800104FF47A724FF00003D2
:10C8F00030463946F3F76EFC0A220023CDE90001E9
:10C90000F3F768FC30201018C1B209EB080000F101
:10C9100003000AF800104FF0000109EB080000F1D5
:10C9200004000AF8001019E0A8F1010000F0FF0867
:10C930000A22002320462946F3F74CFC3020101829
:10C9400009EB08010AF801004FF00A024FF000035A
:10C9500020462946F3F73EFC04460D46B8F1000F89
:10C96000E2D100E000BF60E04FF47A72002330466D
:10C970003946F3F72FFC04460D461098A0BB0BE098
:10C980000A22002320462946F3F724FC04460D46DC
:10C9900008F1010000F0FF08002184EA010069406D
:10C9A0000843EDD1B8F1000F01D14FF001084FF06D
:10C9B000000906E020200AF8090009F1010000F052
:10C9C000FF09ABEB08004845F4DC4FF47A72002312
:10C9D00030463946F3F7FEFB04460D46002009EBCE
:10C9E00008010AF801001AE01DE0A8F1010000F0BA
:10C9F000FF080A22002320462946F3F7EBFB3020EC
:10CA0000101809EB08010AF801004FF00A024FF074
:10CA1000000320462946F3F7DDFB04460D46B8F136
:10CA2000000FE2D100E000BF00BF06B0BDE8F09FFC
:10CA3000F0B5B9B00027E02101A8F3F703FC00240A
:10CA4000DE24224601A94FF40070F4F78DF809A006
:10CA5000FEF7ACFA9DF8BC100AA0FEF7A7FADDF8C5
:10CA6000BD50DDF8C1302A4611A0FEF79FFA39B05B
:10CA7000F0BD0000746573745F656570726F6D0D55
:10CA80000A000000734D656D446174615F74742E1B
:10CA9000435F4D6F6465457874426E635F506172A9
:10CAA000616D4E41445F414D504C3A25640D0A0082
:10CAB000734D656D446174615F74742E435F4D6F97
:10CAC0006465457874426E635F506172616D5F4169
:10CAD0004D504C3A256C6C640D0A0000002105E0B5
:10CAE0000A2100BF0A1EA1F10101FBD1021EA0F123
:10CAF0000100F5D17047002105E00A2100BF0A1EA0
:10CB0000A1F10101FBD1021EA0F10100F5D1704796
:10CB10007367737A68646773000100002000000087
:10CB200020000000200000000020000000040000A1
:10CB300000000000000000000000000000000000F5
:10CB40003F400000000000000000300040003000C6
:10CB50004000000009000BC03D000BC03D00090073
:10CB600018C024407FE0224031800000180024C01B
:10CB70001B000D803240018003801C4027401C8038
:10CB800007400040100060000000000000000000AE
:10CB90000000000000001F802040402000004020D6
:10CBA00020401F8000000000090006001F800600D2
:10CBB00009000000040004003F800400040000009D
:10CBC00000100060000000000000000004000400ED
:10CBD0000400040004000000000000400000000009
:10CBE00000000000002001C00600380040000000E6
:10CBF0001F802040204020401F8000000000104087
:10CC00003FC000400000000018C0214022402440E6
:10CC10001840000010802040244024401B80000069
:10CC200002000D0011003FC0014000003C80244084
:10CC300024402440238000001F80244024403440AE
:10CC4000038000003000200027C0380020000000D2
:10CC50001B802440244024401B8000001C0022C074
:10CC6000224022401F800000000000000840000019
:10CC70000000000000000000046000000000000050
:10CC8000000004000A001100208040400900090053
:10CC90000900090009000000000040402080110048
:10CCA0000A0004001800200023402400180000009F
:10CCB0001F802040274029401F400000004007C03F
:10CCC00039000F0001C0004020403FC024402440F4
:10CCD0001B8000001F80204020402040308000004A
:10CCE00020403FC0204020401F80000020403FC027
:10CCF00024402E4030C0000020403FC024402E0081
:10CD0000300000000F0010802040224033800200DD
:10CD100020403FC0040004003FC02040204020408D
:10CD20003FC02040204000000060202020203FC065
:10CD30002000200020403FC024400B0030C0204095
:10CD400020403FC020400040004000C03FC03C00A9
:10CD500003C03C003FC0000020403FC00C40230007
:10CD60003FC020001F802040204020401F80000046
:10CD700020403FC024402400180000001F802140B4
:10CD8000214020E01FA0000020403FC0244026009A
:10CD900019C0004018C024402440224031800000C7
:10CDA000300020403FC020403000000020003F8085
:10CDB000004000403F80200020003E0001C00700EE
:10CDC00038002000380007C03C0007C038000000D1
:10CDD000204039C0060039C0204000002000384003
:10CDE00007C0384020000000304021C026403840B5
:10CDF00020C00000000000007FE040204020000034
:10CE0000000070000C000380004000000000402083
:10CE100040207FE0000000000000200040002000D3
:10CE200000000000001000100010001000100010A2
:10CE30000000000040000000000000000000028030
:10CE40000540054003C0004020003FC004400440AE
:10CE500003800000000003800440044006400000FE
:10CE600000000380044024403FC0004000000380D5
:10CE70000540054003400000000004401FC024405E
:10CE800024402000000002E0055005500650042018
:10CE900020403FC00440040003C0004000000440A4
:10CEA00027C000400000000000100010041027E020
:10CEB0000000000020403FC00140070004C00440C3
:10CEC000204020403FC000400040000007C0040058
:10CED00007C0040003C00000044007C00440040071
:10CEE00003C00040000003800440044003800000B1
:10CEF000041007F004500440038000000000038089
:10CF00000440045007F00010044007C00240040031
:10CF100004000000000006400540054004C0000079
:10CF2000000004001F80044000400000040007804F
:10CF30000040044007C000400400070004C0018016
:10CF400006000400060001C0070001C00600000042
:10CF5000044006C0010006C0044000000410071091
:10CF600004E00180060004000000044005C0064003
:10CF7000044000000000000004007BE040200000AE
:10CF8000000000000000FFF0000000000000402052
:10CF90007BE0040000000000400080004000200012
:10CFA0002000400000000000000000000000000021
:10CFB000000000000000000000001FCC000C00007A
:10CFC0000000000000000800300060000800300091
:10CFD00060000000022003FC1E20022003FC1E2033
:10CFE0000220000000000E1811043FFF10840C788E
:10CFF000000000000F0010840F3800C0077818846C
:10D000000078000000780F8410C411240E9800E40A
:10D0100000840008080068007000000000000000A4
:10D020000000000000000000000007E018182004C5
:10D0300040020000000040022004181807E0000031
:10D04000000000000240024001800FF00180024019
:10D05000024000000080008000800FF80080008007
:10D06000008000000001000D000E00000000000024
:10D070000000000000000080008000800080008030
:10D08000008000800000000C000C00000000000088
:10D09000000000000000000600180060018006008B
:10D0A00018002000000007F0080810041004080809
:10D0B00007F000000000080408041FFC000400043E
:10D0C0000000000000000E0C101410241044118405
:10D0D0000E0C000000000C1810041104110412883A
:10D0E0000C700000000000E00320042408241FFC52
:10D0F0000024000000001F981084110411041088FF
:10D1000010700000000007F008881104110418884E
:10D110000070000000001C00100010FC13001C0038
:10D120001000000000000E381144108410841144D7
:10D130000E38000000000700088C104410440888D6
:10D1400007F00000000000000000030C030C0000CA
:10D1500000000000000000000001010600000000C7
:10D1600000000000000000800140022004100808B8
:10D1700010040000022002200220022002200220CF
:10D1800002200000000010040808041002200140E2
:10D190000080000000000E001200100C106C1080C7
:10D1A0000F00000003E00C1813E4142417C408282F
:10D1B00007D000000004003C03C41C40074000E40A
:10D1C000001C000410041FFC1104110411040E883B
:10D1D0000070000003E00C18100410041004100884
:10D1E0001C10000010041FFC100410041004080898
:10D1F00007F0000010041FFC1104110417C41004F0
:10D200000818000010041FFC1104110017C01000C2
:10D210000800000003E00C181004100410441C78EF
:10D220000040000010041FFC108400800080108467
:10D230001FFC10040000100410041FFC1004100454
:10D240000000000000030001100110011FFE10008B
:10D250001000000010041FFC110403801464181C4B
:10D260001004000010041FFC10040004000400045B
:10D27000000C000010041FFC1F0000FC1F001FFC1E
:10D280001004000010041FFC0C04030000E0101840
:10D290001FFC100007F00808100410041004080810
:10D2A00007F0000010041FFC108410801080108014
:10D2B0000F00000007F0081810241024101C080AA2
:10D2C00007F2000010041FFC1104110011C01130FE
:10D2D0000E0C000400000E1C110410841084104475
:10D2E0001C3800001800100010041FFC100410006F
:10D2F0001800000010001FF81004000400041004BF
:10D300001FF8100010001E0011E0001C00701380B8
:10D310001C0010001FC0103C00E01F0000E0103C8B
:10D320001FC000001004180C163401C001C01634D0
:10D33000180C100410001C00130400FC13041C0043
:10D34000100000000804101C1064108413041C0456
:10D35000101800000000000000007FFE40024002A4
:10D3600040020000000030000C0003800060001C40
:10D370000003000000004002400240027FFE000067
:10D3800000000000000000002000400040004000BD
:10D390002000000000010001000100010001000167
:10D3A00000010001000040004000200000000000DB
:10D3B00000000000000000980124014401440144E1
:10D3C00000FC000410001FFC008801040104008818
:10D3D00000700000000000700088010401040104D6
:10D3E000008800000000007000880104010411089A
:10D3F0001FFC0004000000F8014401440144014402
:10D4000000C800000000010401040FFC1104110415
:10D4100011001800000000D601290129012901C9C5
:10D420000106000010041FFC00840100010001043B
:10D4300000FC000400000104190419FC00040004AD
:10D44000000000000000000300010101190119FEA5
:10D450000000000010041FFC0024004001B4010C77
:10D46000010400000000100410041FFC000400046C
:10D4700000000000010401FC0104010001FC0104A2
:10D48000010000FC010401FC008401000100010412
:10D4900000FC0004000000F8010401040104010480
:10D4A00000F80000010101FF00850104010400886B
:10D4B00000700000000000700088010401040105F4
:10D4C00001FF00010104010401FC008401040100CA
:10D4D00001800000000000CC01240124012401246B
:10D4E0000198000000000100010007F80104010498
:10D4F00000000000010001F800040004000401081D
:10D5000001FC0004010001800170000C00100160AA
:10D510000180010001F0010C003001C00030010C5D
:10D5200001F0010000000104018C00740170018C05
:10D5300001040000010101810171000E0018016069
:10D540000180010000000184010C013401440184C8
:10D55000010C0000000000000000000001003EFC83
:10D56000400240020000000000000000FFFF000039
:10D57000000000000000400240023EFC01000000EC
:10D5800000000000008000FF000400040004008888
:10D5900000FC00040000000000000000000000008B
:10D5A000000000000000000000000000000000007B
:10D5B000000000000000000000000000000000006B
:10D5C000000000000000000F80380FFE380F803888
:10D5D000000000000000000000000000000000004B
:10D5E00000000100000600000C00003800003100BF
:10D5F000000600000C0000380000300000000000B1
:10D600000000000061800067F807F9800061800079
:10D6100061800061800061800067F807F980006127
:10D620008000000000000000000001C0E003E0F006
:10D630000630080418081FFFFE040E080787F003D1
:10D6400081E000000000000001F000060C0004046E
:10D6500008060C7001F9C0000E00003BE000EC1859
:10D66000070808040C180003E00000000001E000B7
:10D6700007F003F818041C0804170807E1D003C0DA
:10D68000E00023B0003C080020080000100000006B
:10D690000000000100003100003200001C0000000A
:10D6A000000000000000000000000000000000007A
:10D6B000000000000000000000000000000000006A
:10D6C000000000007F0001FFC00780F00C00181070
:10D6D00000042000020000000000002000021000F2
:10D6E000040C00180780F001FFC0007F000000005C
:10D6F000000000000000000000000000000000002A
:10D700004200006600006600003C0000180003FFB5
:10D71000C0001800003C00006600006600004200E7
:10D7200000000000080000080000080000080000D9
:10D73000080001FFC0000800000800000800000801
:10D74000000008000000000000010000310000326D
:10D7500000001C00000000000000000000000000AD
:10D7600000000000000000000000000008000008A9
:10D770000000080000080000080000080000080081
:10D780000008000008000008000000000000000081
:10D7900000000000380000380000380000000000E1
:10D7A0000000000000000000000000000000000079
:10D7B00000000000000600001C0000700001800056
:10D7C0000E0000380000C0000700001C0000300000
:10D7D00000000000000000007F8001FFE003807077
:10D7E00006001804000804000806001803807001F1
:10D7F000FFE0007F8000000000000000000001004A
:10D800000801000801000803FFF807FFF8000008FE
:10D8100000000800000800000000000000000001F7
:10D82000C03802C058040098040118040218040407
:10D8300018061C1803F81801E0F8000000000000AA
:10D8400000000001C0E003C0F00400080408080460
:10D85000080806180803F41801E7F00001E00000CA
:10D8600000000000000000000300000D0000110097
:10D8700000610000810803010807FFF80FFFF800AE
:10D8800001080001080000000000000000E007FCA3
:10D89000D0060808061008061008061008061838F2
:10D8A000060FF00607C000000000000000000000A6
:10D8B0003F8001FFE00384300208180410080410C0
:10D8C00008041008071810030FF00007C00000003C
:10D8D00000000000000003C0000700000600000672
:10D8E00000F80607F806180006E00007000006002A
:10D8F0000000000000000001E1E003F7F006341032
:10D90000041808041808040C08040C080616180368
:10D91000F3F001C1E000000000000000F80003FC8B
:10D920003003063804020804020804020804041044
:10D930000308F001FFC0007F0000000000000000AD
:10D9400000000000000000000000000070380070BF
:10D9500038007038000000000000000000000000E7
:10D9600000000000000000000000000000000000B7
:10D97000301A00301C000000000000000000000011
:10D98000000000000000000000000008000014007B
:10D9900000220000410000808001004002002004BD
:10D9A0000010080008000000000000002100002115
:10D9B00000002100002100002100002100002100C2
:10D9C00000210000210000210000000000000000F4
:10D9D0000000080008040010020020010040008040
:10D9E0008000410000220000140000080000000038
:10D9F00000000003C00004C0000400000800380854
:10DA00000F380808380810000C300007E00003C089
:10DA100000000000000000003F8000FFE003807075
:10DA2000020F1006708804C088048308047F8802EF
:10DA3000C09003012000FE40000008000018000113
:10DA4000F8003E0801C20007020007E20000FE00E5
:10DA5000001FC80001F80000380000080400080793
:10DA6000FFF807FFF8040808040808040808040879
:10DA70000806180803F41801E7F00001E0000000B0
:10DA8000000000003F8001FFE003807002001804E6
:10DA900000080400080400080400100600200780A5
:10DAA000C000000004000807FFF807FFF8040008A2
:10DAB000040008040008040018020010038070012C
:10DAC000FFE0007F8000000004000807FFF807FF68
:10DAD000F8040808040808040808040808043E08B4
:10DAE0000400080600180100600000000400080798
:10DAF000FFF807FFF80408080408000408000408F9
:10DB000000043E0006000006000001800000000046
:10DB1000000000003F8001FFE00380700600180451
:10DB200000080402080402080203F00783F0000260
:10DB30000000020004000807FFF807FFF8040808C7
:10DB4000000800000800000800000800040808079A
:10DB5000FFF807FFF80400080000000000000400C0
:10DB60000804000804000807FFF807FFF80400088D
:10DB7000040008040008000000000000000000008D
:10DB80000006000007000001040001040001040079
:10DB90000307FFFE07FFFC04000004000004000070
:10DBA00004000807FFF807FFF8040C08001800003D
:10DBB0003E0004C7800503C80600F80400380400CE
:10DBC0001800000804000807FFF807FFF804000821
:10DBD000000008000008000008000008000008001D
:10DBE000001800006000000004000807FFF807802C
:10DBF0000807FC00007FC00003F80007C0007800A1
:10DC000007800807FFF807FFF8040008040008076A
:10DC1000FFF807000803C00000E000003800001E05
:10DC2000000007000001C00400F007FFF804000036
:10DC3000000000007F8001FFE003807006001804F0
:10DC4000000804000806001803003001FFE0007F10
:10DC50008000000004000807FFF807FFF80404082C
:10DC6000040400040400040400040400060C00037F
:10DC7000F80001F000000000000000007F8001FFBC
:10DC8000E00380700600880400880400C806003C99
:10DC900003003E01FFE6007F840000000400080747
:10DCA000FFF807FFF8040808040800040C00040F3C
:10DCB00000040BC00610F003F03801E00800000873
:10DCC00000000001E0F803F03006301004180804EA
:10DCD0001808040C08040C080206180207F0078153
:10DCE000E0000000018000060000040000040000C5
:10DCF00004000807FFF807FFF80400080400000408
:10DD0000000006000001800004000007FFE007FF9C
:10DD1000F0040018000008000008000008000008D7
:10DD200000000804001007FFE004000004000006E3
:10DD3000000007E00007FE00041FE00001F80000FB
:10DD4000380001E0043E0007C000060000040000A7
:10DD500004000007E00007FFC0041FF80007C00729
:10DD6000F80007FF80043FF80007C004F800070030
:10DD70000004000000000004000806001807C07836
:10DD800005F1C8003E00001F800463E80780F80624
:10DD900000180400080000000400000600000780CE
:10DDA0000007E008047C08001FF80007F8001808C6
:10DDB00004E0080700000600000400000000000165
:10DDC00000080600380400F80403E8040F08047C87
:10DDD0000805F00807C008070018040060000000EC
:10DDE0000000000000000000000000000000003FF4
:10DDF000FFFE20000220000220000220000220007E
:10DE00000200000000000000000008000007000001
:10DE100000C0000038000006000001C00000300013
:10DE2000000E0000010000000000000000002000C3
:10DE3000022000022000022000022000023FFFFE1C
:10DE400000000000000000000000000000000000D2
:10DE5000000000000008000010000030000020005A
:10DE6000003000001000000800000000000000006A
:10DE7000000001000001000001000001000001009D
:10DE8000000100000100000100000100000100008D
:10DE90000100000100000000000000000020000060
:10DEA0002000001000001000000000000000000032
:10DEB00000000000000000000000000000F0001959
:10DEC000F8001B180022080026080024080024106F
:10DED000003FF8001FF800000800001800000004D0
:10DEE000000007FFF80FFFF00018180010080020CE
:10DEF00008002008003018001FF0000FC0000000CC
:10DF00000000000007C0001FF000183000200800CB
:10DF10002008002008003C08001C100000600000E1
:10DF2000000000000000000007C0001FF0003818CB
:10DF300000200800200800200804101007FFF80F38
:10DF4000FFF00000100000000000000000000007CB
:10DF5000C0001FF000123000221800220800220822
:10DF6000003208001E10000E20000000000000001B
:10DF7000200000200800200801FFF803FFF8062019
:10DF80000804200804200807200003000000000007
:10DF900000000000000E000E6E001FF30031B10003
:10DFA00020B10020B1003191001F13002E1E00206F
:10DFB0000E00300000000004000807FFF80FFFF813
:10DFC000001008002000002000002008003FF8009A
:10DFD0001FF8000008000000000000000000002002
:10DFE00008002008002008063FF8063FF800000857
:10DFF0000000080000080000000000000000000011
:10E0000000000000030000030020010020010020A8
:10E0100003063FFE063FFC00000000000000000079
:10E0200000000004000807FFF80FFFF80001880057
:10E030000300002FC00038F800203800200800003E
:10E0400008000000000000000000040008040008B0
:10E0500004000807FFF80FFFF800000800000800A0
:10E060000008000000000000002008003FF8003F0A
:10E07000F8001008002000003FF8003FF8001008EA
:10E08000002000003FF8003FF800000800000000FA
:10E090002008003FF8003FF80010080010000020A2
:10E0A00000002008003FF8001FF8000008000000F2
:10E0B0000000000007C0000FF0001830003008001A
:10E0C0002008002008003008001830000FF000077A
:10E0D000C0000000000000002001003FFF003FFFE3
:10E0E000001011002009002008002008003038002E
:10E0F0001FF0000FC00000000000000007C0001F5C
:10E10000F000381800200800200800200900101135
:10E11000001FFF003FFF000001000000002008007A
:10E120002008002008003FF8003FF8000808001011
:10E13000080020080020000030000030000000002F
:10E14000000000000000000C78001E1800330800DA
:10E1500023080021080021880021980030F00038B1
:10E1600060000000000000002000002000002000EF
:10E1700000FFF003FFF8002008002008002008003E
:10E180000030000000000000000000002000003F00
:10E19000F0007FF8000018000008000008002010C0
:10E1A000003FF8007FF000001000000000000000B9
:10E1B0002000003000003C00003F800023F0000001
:10E1C00078000070002380003C0000300000200038
:10E1D000002000003C00003FE00023F80000E000C9
:10E1E0002700003E00003FE00021F80001E0003E73
:10E1F000000020000000000020080020080038383F
:10E20000003E680027800003C8002CF80038380062
:10E21000201800200800000000000000200000304E
:10E2200003003C01003F830023EC000070002380CA
:10E23000003C000020000020000000000000000062
:10E2400000000038080020380020F80023E8002FE4
:10E2500088003E0800380800201800007000000008
:10E2600000000000000000000000000000000000AE
:10E2700008000014001FF7FC300006200002000018
:10E28000000000000000000000000000000000008E
:10E29000000000000000FFFFFF0000000000000081
:10E2A000000000000000000000000000000020004E
:10E2B000023000061FF7FC001400000800000000F8
:10E2C000000000000000000000000000000000004E
:10E2D0002000003FFC007FFC000018000008000048
:10E2E00008002010003FF8007FF000001000000040
:10E2F0002A2A2A2A2A2A2A2A2A2A2A2A2A2A2A2A7E
:10E300002A2A2A2A2A2A2A2A2A2A2A2A2A2A2A2A6D
:10E310002A2A2A2A2A2A2A2A2A2A2A2A2A2A2A2A5D
:10E320002A2A2A2A2A2A2A2A2A2A2A2A2A2A2A2A4D
:10E330000D0A000054E3000800000020480300001C
:10E34000C80900084CE400084803002040430000CE
:10E350007EB0000801141EACF7FF1FE8042D107AF0
:10E36000FF1F0C29081620F4F01F503AF8044B90B8
:10E370007510C1120114FFFFFF02A1FF09A0A20145
:10E380003655804A5D0545B864D94545902F5009FA
:10E39000B598D05802680A746573743030313130E2
:10E3A000012231172448014024081C402404041A87
:10E3B000400C21190C29084301401A2C201A2C204A
:10E3C0001A2C201A2C201A2C201A2C205A2C201AF5
:10E3D00028201A28201A28201A28201A28201A282B
:10E3E000205A28201A34201A3C201A34201A3420AB
:10E3F0001A3C201A34205A4020115A0101011112EE
:10E4000001138C041B209C041AAC041ABC041ACC03
:10E41000041ADC041AEC041AFC044105200421044B
:10E42000211395501408D5C23C08A008341C68A0DC
:10E43000280812040224682D0102030404150607AB
:0CE440000809AC7A030A183914310000F6
:040000050800018965
:00000001FF
