:020000040800F2
:1000000088460020B1010008915100082D15000814
:1000100041400008E90C0008BBAE000800000000E9
:10002000000000000000000000000000096A000855
:10003000E50D00080000000099560008E977000867
:10004000CB010008CB010008CB010008CB01000860
:10005000CB010008CB010008290E0008CB010008E5
:10006000CB010008CB010008CB010008CB01000840
:10007000CB010008CB010008CB010008CB01000830
:10008000CB010008CB010008CB010008CB01000820
:10009000CB010008CB010008CB010008CB01000810
:1000A000CB010008CB010008CB010008CB01000800
:1000B000C978000821790008CB010008CB010008AD
:1000C000CB010008CB010008CB010008CB010008E0
:1000D000CB010008CB010008CB010008CB010008D0
:1000E00005100008CB010008CB010008CB01000877
:1000F000CB010008CB010008CB010008CB010008B0
:10010000CB010008CB01000871790008CB01000881
:10011000CB010008CB0100085D7B0008CB01000883
:10012000CB010008CB010008CB010008CB0100087F
:10013000CB010008CB010008CB010008CB0100086F
:10014000CB010008CB010008CB010008CB0100085F
:10015000CB010008CB010008CB01000875AC0008FA
:10016000CB010008CB010008CB010008CB0100083F
:10017000CB010008CB010008CB010008CB0100082F
:10018000CB010008CB010008DFF810D000F00AFC1A
:100190000048004765C00008AFF300808846002093
:1001A00030BF72B6704762B6704780F308887047F8
:1001B0000648804706480047FEE7FEE7FEE7FEE701
:1001C000FEE7FEE7FEE7FEE7FEE7FEE761780008F0
:1001D000890100082DE9F05F0546002092469B4604
:1001E00088460646814640241BE02846414647464D
:1001F000224600F0A0FA53465A46C01A914110D345
:1002000011461846224600F087FA2D1A67EB0108BE
:100210004F4622460120002100F07EFA17EB00092C
:100220004E41201EA4F10104DFDC484631462A4637
:100230004346BDE8F09FD2B201E000F8012B491E11
:10024000FBD270470022F6E710B513460A46044673
:100250001946FFF7F0FF204610BD421C10F8011BA5
:100260000029FBD1801A704710B5002200E0521C13
:10027000835C8C5CA34201D1002BF8D1D8B2E1B2EF
:10028000401A10BD034611F8012B00F8012B002A7B
:10029000F9D11846704730B505460020034600E006
:1002A0005B1C934205D2EC5CC85C201A01D1002C87
:1002B000F6D130BD2DE9FE4F804681EA0300C00F24
:1002C0000C46009021F0004123F00045B8EB0200FD
:1002D000A94105D24046214690461C460B4602469F
:1002E00023F00040104347D0270DC7F30A00C3F3A3
:1002F0000A510290401A019040286BDAC3F31300B0
:1003000040F4801B0098924620B10023D2EB030AF0
:1003100063EB0B0B01985946C0F14002504600F0C8
:10032000FBF906460D4650465946019A00F013FA6D
:1003300010EB08006141002487EA115284EAE77358
:100340001A4340D0009A62B3019A012A4FEA075239
:1003500015DC001B61EB02014FF0004202EA07527C
:10036000CDE90042001C41F5801132462B4600F0D9
:100370004AFA03B0BDE8F08F40462146F9E7001B7A
:1003800061EB0201001C41F5801300185B4120184D
:10039000A2F5001747EB030140EAD570B6196D418D
:1003A00011E06D084FEA360645EAC0754FEA07527C
:1003B000001B61EB0201001C41F5801149084FEA66
:1003C00030000019514132462B4603B0BDE8F04FD2
:1003D00000F00ABA0098012240000023D0EB02028C
:1003E00063EBE073009821464FEAE074B8EB00003D
:1003F00061EB0401E9E783F000435BE781F0004132
:1004000058E72DE9FE4F81EA030404F0004421F08F
:10041000004100944FF0000B23F0004350EA010428
:100420005ED052EA03045BD0C3F30A54C1F30A5509
:100430002C44A4F2F3340194A0FB0254C1F3130141
:1004400041F48011C3F3130343F4801301FB02440E
:1004500000FB034E840A970A44EA815447EA835713
:10046000A4FB076802958D0A05FB07854FEA932CCC
:1004700004FB0C542705029D4FEA065847EA16373D
:10048000B5EB08056EEB070C870E920E47EA811755
:1004900042EA8312A7FB0201B6EB0B0164EB0004F6
:1004A0002B0D43EA0C335E1844EB1C50DA465146E0
:1004B000E7FB0201C5F313044FEA0B3343EA14537D
:1004C0004FEA0432019C43EA0603A4F10C040294AF
:1004D000009CCDE900B400F096F903B0BDE8F08FC0
:1004E00000200146F9E72DE9F04D81EA030404F00C
:1004F000004B21F0004514464FF0000A23F0004164
:1005000050EA050220D054EA01021DD0C5F30A5773
:100510000246C5F31303C1F31300C1F30A5640F4B6
:10052000801543F48013A7EB0608101BD64608F28B
:10053000FD3873EB050002D308F1010801E09218C1
:100540005B41B8F1000F03DA00200146BDE8F08DF1
:1005500000204FF48011064684460EE0171B73EB13
:10056000050705D3121B63EB050306434CEA010C98
:1005700049084FEA300092185B4150EA0107EDD17B
:1005800052EA030012D082EA040083EA050108431C
:1005900005D0101BAB4106D20122002306E0002249
:1005A0004FF0004302E06FF0010253101AEB060017
:1005B0004CEB085110EB0A0041EB0B01BDE8F04D8C
:1005C00000F012B930B4044696230800214604D046
:1005D000B62330BC002200F0D9B820460021F8E74D
:1005E0000EB5C10F80EAE0700844CA07002140F24E
:1005F00033438DE80E000A460B4600F004F903B0C1
:1006000000BD0EB540F2334102910021CDE9001149
:100610000A460B4600F0F7F803B000BD3EB5CA1716
:10062000CB0F002450405140C0186141DA0740F21E
:1006300033430094CDE901232246234600F0E3F83A
:1006400003B030BD0EB540F2334202920022CDE934
:100650000022134600F0D7F803B000BDC1F30A52E0
:1006600010B5C1F3130140F2FF3341F480119A42F7
:1006700001DA002010BD40F233439A42A2F2334225
:1006800003DC524200F057F810BD904010BD00F05E
:10069000004230F000400AD0C10D01F56071C0F396
:1006A000160042EA0151C20840071143704700207A
:1006B0000146704701F0004330B421F0004150EA98
:1006C000010206D00A0DA2F56072C1F31301002ADF
:1006D00002DC30BC00207047440F44EAC104C10072
:1006E000E01830BC00EBC25000F047B830B50B4604
:1006F000014600202022012409E021FA02F59D4252
:1007000005D303FA02F5491B04FA02F52844151E25
:10071000A2F10102F1DC30BD202A04DB203A00FA0C
:1007200002F1002070479140C2F1200320FA03F348
:10073000194390407047202A04DB203A21FA02F046
:100740000021704721FA02F3D040C2F1200291400B
:10075000084319467047202A06DBCB17203A41FA96
:1007600002F043EAE07306E041FA02F3D040C2F13E
:10077000200291400843194670470029A8BF7047DE
:10078000401C490008BF20F00100704710B4B0FAC7
:1007900080FC00FA0CF050EA010404BF10BC704762
:1007A00049B1CCF1200421FA04F411FA0CF118BF7C
:1007B000012121430843A3EB0C01CB1D4FEA00614B
:1007C0004FEA102042BF002010BC704700EBC3501E
:1007D00010440029A4BF10BC7047401C490008BF4A
:1007E00020F0010010BC704710B5141E73F1000416
:1007F00008DA401C41F1000192185B411A4301D113
:1008000020F0010010BD2DE9F04D92469B4611B13C
:10081000B1FA81F202E0B0FA80F220329046FFF79E
:100820007BFF04460F4640EA0A0041EA0B015346AB
:100830005A46084313D0114653EA010019D0C8F1B3
:1008400040025046FFF777FF05460E465046594690
:100850004246FFF761FF084305D0012004E020462F
:100860003946BDE8F08D0020054346EAE0762C438A
:1008700037430A986305E40AA0EB08000022FD0A4A
:1008800044EA47540A3002D500200146E9E7010551
:1008900010196941DDE9084500196941BDE8F04DCD
:1008A000A2E72DE9F04D00231A461B1A8A4103DB0B
:1008B00000200146BDE8F08DC1F30A52C1F31301D7
:1008C00041F480154FF0000BD10702D100186D41A3
:1008D000521E0027044640F2FF11384601EB620A1F
:1008E0003E468046024600204FF48011FFF723FF6A
:1008F000C2197141BB1846EB0100B4EB030C75EB58
:10090000000C04D3E41A65EB000517460E462419C3
:1009100008F101006D4180463428E3DDF91946EB0A
:100920000600091BA84103D24FF0FF32134601E035
:10093000002213461BEB070046EB0A51BDE8F04DC1
:10094000FFF752BFC1F30A52C1F3130140F2FF3364
:1009500041F480119A4202DA00200146704740F2C9
:1009600033439A42A2F2334202DC5242FFF7E3BE23
:10097000FFF7D2BE30B5041E71F1000404DB4FF066
:100980000044404264EB0101141E73F1000405DBD6
:100990001C464FF00043524263EB0403994208BFE8
:1009A000904230BD064C074D06E0E06840F0010380
:1009B00094E8070098471034AC42F6D3FFF7E8FB01
:1009C00088E30008A8E3000870B58C1810F8015BF4
:1009D00015F0070301D110F8013B2A1106D110F8D8
:1009E000012B03E010F8016B01F8016B5B1EF9D1DC
:1009F0002B0705D40023521E0DD401F8013BFAE762
:100A000010F8013BCB1A921C03E013F8015B01F8CC
:100A1000015B521EF9D5A142D8D3002070BD70B53C
:100A200005460C46012D04D12046E11700F014F8CC
:100A300010E0022D04D12046E11700F04FF809E044
:100A4000032D07D12046E11700F006F82046E117F4
:100A500000F044F870BD000070B52DED088B054620
:100A60000E4628463146FFF7D9FD9FED150B53EC96
:100A7000102BFFF7C6FC9FED140B53EC102BFFF768
:100A800019FC9FED130B53EC102BFFF713FCFFF732
:100A9000E5FD84B210201049088304204883201209
:100AA00005F0AAFEE0B205F0A7FE10200A4948832F
:100AB0000420088308200883BDEC088B70BD00006B
:100AC0000000000000002040000000000000E03FA7
:100AD00000000000C0FFDF400000024070B52DEDB7
:100AE000088B05460E4628463146FFF797FD9FEDD9
:100AF000150B53EC102BFFF784FC9FED140B53ECFC
:100B0000102BFFF7D7FB9FED130B53EC102BFFF7C8
:100B1000D1FBFFF7A3FD84B2102010490883082001
:100B20004883201205F068FEE0B205F065FE102053
:100B30000A4948830420088308200883BDEC088BF9
:100B400070BD000000000000000020400000000018
:100B50000000E03F00000000C0FFDF400000024056
:100B600010B500F00DFD10BD70B506460C461546DB
:100B70000AE00AF073FA3046721C96B200F007F8E9
:100B800004F8010B681E85B2002DF2D170BD70B55E
:100B90000446002600F0A6FDA02000F06FFD00F046
:100BA000EDFD201200F06AFD00F0E8FD2546E1179A
:100BB00004EB11610912A4EB0121C8B200F05EFD43
:100BC00000F0DCFD00F08EFDA12000F057FD00F0EC
:100BD000D5FD002000F020FD064600F0A9FD3046BE
:100BE00070BD70B505460C46164608E00AF036FAA8
:100BF0002178284600F009F8681C85B2641C301E74
:100C0000A6F101018EB2F1D170BD70B504460E4659
:100C100000F068FDA02000F031FD00F0AFFD2012D3
:100C200000F02CFD00F0AAFD2546E11704EB116150
:100C30000912A4EB0121C8B200F020FD00F09EFDD6
:100C4000304600F01BFD00F099FD00F071FD0A2018
:100C500000F0CAF870BD00001CB50121202005F08D
:100C600029FC0121402005F025FC01208DF804001D
:100C700000208DF8060003208DF8050001208DF876
:100C80000700202000906946014800F075FB1CBD5C
:100C9000001802401CB50AF033FF0121042005F0C2
:100CA00009FC3F20009000208DF8040001208DF801
:100CB000070069460B4800F05FFB4FF47C60009032
:100CC00001208DF8040000208DF8060003208DF827
:100CD000050001208DF807006946024800F04CFB32
:100CE0001CBD00000008024000BFFEE770B50246D0
:100CF0004FF6FF70002313E012F8015B68400024F8
:100D00000AE000F0010525B14AF2010585EA60001C
:100D100000E04010651CECB2082CF2DB5D1CEBB26D
:100D20008B42E9DB70BD000000B585B001210220D7
:100D300005F0C0FB0121880305F0FCFB4FF4604087
:100D4000039000208DF8100001208DF8130003A9F6
:100D5000234800F011FB0D21012005F057FE0F2163
:100D6000012005F053FE4FF40050009000208DF854
:100D7000040010208DF8050001208DF8060068465B
:100D800000F096F928208DF8080003208DF809005E
:100D90008DF80A0001208DF80B0002A804F0FAF982
:100DA0004FF40040009000208DF8040010208DF8D2
:100DB000050001208DF80600684600F079F928202A
:100DC0008DF8080003208DF809008DF80A00012035
:100DD0008DF80B0002A804F0DDF905B000BD00009D
:100DE000000402407047000001B504490098086003
:100DF00000BF024800680028FBD108BD0C0000209D
:100E000010B50021074806F0D8FE0020054924311E
:100E1000086004492C3108604FF6FE70014910311A
:100E2000088010BD000C004070B5012000F034F9BE
:100E3000002877D068488078032875D16748007803
:100E400018B16648007801286ED1634840780128BF
:100E500006D16148D0F8880061494968086008E017
:100E60005D48407828B95C48D0F830015C49496851
:100E7000086002200BF069FE5A480068012835D14D
:100E800000205949086001205849C1F8800200211A
:100E90005748817001205749087000205649086062
:100EA00055482438008840F001005349243908800F
:100EB0004A48007840B94A4A52681168464A507810
:100EC000012204F0C1F908E0454A52681268514213
:100ED000414A5078012204F0B7F93F484078002891
:100EE00076D14FF400404549088071E03D480068E4
:100EF00000286DD13848407820B94FF400403F4970
:100F0000891C0880344948780122002104F09CF9AA
:100F100001203549086000203449C1F88002354974
:100F2000087055E057E0FFE72B48807803284FD141
:100F30002A480078022803D028480078032847D19F
:100F400005200BF002FE27480068012840D100244C
:100F5000002521484078012809D11F48D0F8880091
:100F60001F49496808601C48D0F890500BE01A48A7
:100F7000407840B91848D0F83001194949680860EC
:100F80001548D0F8385115B301201D490860FA20E2
:100F9000B5FBF0F0441E483C0020134908600120D6
:100FA0001249C1F8800200211148817001201149C5
:100FB00008700020104908600F482438008840F06D
:100FC00001000D4924390880204600F0BBF800BF1D
:100FD000012000F05BF870BD48000020C001002037
:100FE000A0020020008240428002404200004242B3
:100FF00084020020DC020020240400401814024077
:10100000EC01002010B51B48006800F4005080B3CC
:1010100064200AF0C5FD184800681849D1F8381254
:1010200088420DD016480078401C154908701548B4
:10103000007890B113480078401E124908700CE007
:1010400010480078401C0F4908700D48007820B106
:101050000B480078401E0A4908700B48408910B9B7
:101060000120094948810348006840F400500149C3
:10107000086010BD143C0140348240420080404270
:10108000E4020020E5020020C806002001490860B3
:1010900070470000143C014001460020034A1268DA
:1010A0000A400AB1012000E000207047143C0140D2
:1010B000002123498279002A3AD00A46126803683F
:1010C0009A430B461A600A1D126803689A430B1D67
:1010D0001A60027911440A6803681A430A60184AC0
:1010E0000832126803689A43154B08331A601A1DB8
:1010F000126803689A43124B0C331A604279102A23
:101100000ED11A1F126803681A430D4B08331A6078
:101110001A1D126803681A43094B0C331A600DE05C
:101120000749427911440A6803681A430A6005E0D6
:10113000027911440A6803689A430A607047000004
:10114000003C014070B5044600252E48007840B9A7
:101150002D4A526811682D4A5078012204F074F823
:1011600023E028480078012809D1274A52681268EC
:101170005142264A5078012204F066F815E02148D1
:101180000078022808D1204A526811681F4A507816
:10119000012204F059F808E01B4A526812685142D3
:1011A0001A4A5078012204F04FF81848407838B9AC
:1011B00016488078032803D14FF400401449088072
:1011C00010480078012801DC651C01E0601C45081E
:1011D0001048056000200F49083908604FF6FE707E
:1011E0000C491C3908800B482C38008840F001005D
:1011F00008492C3908800120074908600749086020
:1012000070BD0000C0010020A002002048000020A6
:10121000181402402C0C004084824042D00200206E
:1012200051B18200A2F1C042126842F00103820073
:10123000A2F1C042136009E08200A2F1C04212682C
:10124000034B1A408300A3F1C0431A6070470000AB
:10125000FEFF0F0030B50021002200230468A40027
:10126000A4F1C0442168424C2140D0E901452C43FF
:10127000C5682C4305692C4345692C4385692C437B
:10128000C5692C43056A2C43456A2C43856A2C4367
:10129000C56A2C43056B2C4321430468A400A4F1C8
:1012A000C04421608468082C0BD10468A400A4F118
:1012B000C044246844F040050468A400A4F1C0447C
:1012C00025600468641CA400A4F1C044226802F0F4
:1012D0004042446B2468456B6D6844EA0514456BD5
:1012E000AD6844EA0524456BAD8944EA0544456B85
:1012F0002D8A44EA0554456B2D7D44EA0564456B0F
:10130000AD692C4322430468641CA400A4F1C044CA
:101310002260C46AB4F5804F20D10468A400A4F10F
:10132000C044D4F80431134C2340846B2468856B8B
:101330006D6844EA0514856BAD6844EA0524856B45
:10134000AD8944EA0544856BAD692C4323430468A9
:10135000A400A4F1C044C4F8043107E06FF0704564
:101360000468A400A4F1C044C4F8045130BD0000D6
:101370008000F7FF0000F0CFF0B50A4600210023FF
:10138000002400BF3DE0012505FA01F3156805EAD8
:1013900003049C4234D105684F000326BE40B54388
:1013A000056015794E00B54006683543056015792E
:1013B000012D02D01579022D16D185684F00032624
:1013C000BE40B543856055794E00B54086683543CB
:1013D0008560456801268E40B5434560456896792D
:1013E0008E40B6B235434560C5684F000326BE4007
:1013F000B543C560D5794E00B540C6683543C56074
:10140000491C1029BFD3F0BDF0B5002300244D07BF
:10141000ED0E02FA05F3CE1000F1200555F8265026
:101420004E07F70E0F26BE40B543CF1000F1200641
:1014300046F82750CE1000F1200555F8265045EA11
:101440000304CE1000F1200545F82640F0BD41838D
:1014500070470183704742694A404261704700000B
:1014600070B52DED088B054600249FED1E0AB0EEE9
:10147000408A0021284605F023F90446B4F5004FC0
:1014800011DA2046FFF7BDF841EC1A0B9FED160B61
:1014900053EC102BFEF7B5FF41EC190BFFF70AF9DF
:1014A00008EE100A19E0E043401CFFF799F841EC00
:1014B0001B0B9FED0D0B53EC102BFEF7A2FF41EC25
:1014C0001A0B9FED0B0B53EC102BFEF797FF41EC23
:1014D000190BFFF7EFF808EE100AB0EE480ABDEC62
:1014E000088B70BD00000000000000000000803F7D
:1014F000000000000000000010B509F0AFFD16224A
:101500000949E620FFF730FB09F0A8FD0648D0F8AE
:101510001200401C0449C1F812001622E620FFF711
:1015200060FB09F09BFD10BD4803002000BFFEE7F3
:1015300010B500200F4908600F48006820F44000F3
:101540000D4908600846006840F4800008600020EB
:101550000A49C1F8AC0204200AF022FB0120054927
:10156000086004200AF01CFB00200449C1F8A8020E
:1015700010BD0000A88240420004024000804042AA
:101580001CB50121022004F095FF4FF4406000904B
:1015900001208DF804008DF8060003208DF8050069
:1015A00001208DF8070069460448FFF7E5FE012099
:1015B000034908600349C1F8A8021CBD00040240A9
:1015C000AC8240420080404210B500200F490860C4
:1015D0000F48006820F440000D4908600846006884
:1015E00040F48000086001200A49C1F8AC020420E0
:1015F0000AF0D6FA01200549086004200AF0D0FA62
:1016000000200449C1F8A80210BD0000A882404291
:10161000000402400080404270B505460024144892
:10162000006820F4400012490860002616E00020FF
:101630001049086004200AF0B3FA01200E49C1F8ED
:10164000A8026006040E0B487C38006808B1601CD4
:10165000C4B202200AF0A4FA701CC6B2082EE6DB5F
:1016600015B9FFF7B1FF01E0FFF762FF204670BD3B
:1016700000040240A88240420080404270B5044607
:101680001548006820F440001349086008460068C7
:1016900040F480000860002010490860002517E031
:1016A000E0090E49091D08606006040E04200AF0D6
:1016B00077FA01200A49C1F8A80204200AF070FA5A
:1016C00000200649086004200AF06AFA681CC5B2C6
:1016D000082DE5DB70BD000000040240A8824042F6
:1016E0000080404210B50F48006820F440000D49CA
:1016F00008600846006840F48000086001200A493C
:1017000008600A49C1F8A80208200AF049FA002036
:101710000549086008200AF043FA00200349C1F88F
:10172000A80210BD00040240AC824042008040424A
:1017300010B50F48006820F440000D4908600846C5
:10174000006840F48000086000200A4908600A49E7
:10175000C1F8AC0208200AF023FA0120054908600C
:1017600008200AF01DFA01200349C1F8AC0210BD9F
:1017700000040240A88240420080404210B500248C
:101780001248006820F44000104908600120104908
:10179000086002200AF004FA01200E49C1F8A802EC
:1017A00002200AF0FDF907E0601CC4B2FA2C03DD48
:1017B000FFF7BEFF012010BD0548803800680028F3
:1017C000F2D10349091F086000BFF4E7000402409A
:1017D000AC824042008040421CB50121084604F022
:1017E00069FE0121022004F065FE0121042004F0BD
:1017F00061FE0121082004F05DFE0121102004F0AB
:1018000059FE0121202004F055FE0121402004F062
:1018100051FE4FF400406F49088048F240000090AC
:1018200001208DF8040000208DF8060003208DF8BB
:10183000050001208DF8070069466748FFF79CFD09
:101840004020009001208DF8040000208DF8060053
:1018500003208DF8050001208DF8070069465F48D8
:10186000FFF78AFD0820009069465A481A38FFF7AA
:1018700083FD4FF40C40009069465948FFF77CFD0A
:101880000C215548FFF7E5FD4FF400415248FFF7A2
:10189000DEFD41F60110009001208DF804000020CB
:1018A0008DF8060003208DF8050001208DF8070053
:1018B00069464948FFF760FD4FF430700090012001
:1018C0008DF8040000208DF8060003208DF8050037
:1018D00001208DF8070069464248FFF74DFD4FF49F
:1018E0008050009001208DF8040000208DF8060043
:1018F00003208DF8050001208DF8070069463A485D
:10190000FFF73AFD43F24C00009001208DF80400EF
:1019100000208DF8060003208DF8050001208DF8C9
:10192000070069463148FFF727FD4F20009001204E
:101930008DF8040000208DF8060003208DF80500C6
:1019400001208DF8070069462448FFF715FD48F28D
:101950000100009001208DF8040000208DF80600A1
:1019600003208DF8050001208DF80700694619480D
:101970001A38FFF701FD00201D4908601D49C1F814
:1019800080021B49091D086001201B490860091DD0
:101990000860091D0860091D086018490860184999
:1019A0000860174910310860091F086010490C31A0
:1019B000086012492C390860091D08600F491C395C
:1019C00008600E49091F08600E490860C0030149FC
:1019D00008801CBD1A1402400000024000100240A2
:1019E000001802400004024000080240000C0240BF
:1019F000988240420000404280024242B48241420A
:101A0000A0024042808242422DE9FC47002700208C
:101A10000090019080468146002400254FF4A0608C
:101A200003F0F4FB00F032FAFFF7D6FE4FF4E1309A
:101A300009F046FA09F012FB87A009F019FB874864
:101A400009F016FB86A009F013FB09F007FB042040
:101A50000AF0C8F80AF022F901F084FB4FF4E131F2
:101A600083A009F005FB0520FFF7BEF909F0F6FA9F
:101A700008208A4908808AA009F0FAFA8FA009F0A4
:101A8000F7FA9620FFF7B0F909F0E8FA01F09AFAB0
:101A900095A009F0EDFAFFF7DFF897A009F0E8FA52
:101AA000FFF72AFD9848D0F8121098A009F0E0FA44
:101AB0000AF084F909F0D2FAFFF7ECF898A009F0DF
:101AC000D7FA04F029FE00210320FEF7A8FF98A012
:101AD00009F0CEFAFFF728F9A0A009F0C9FA09F039
:101AE000BDFA06F08BFB06F001FCA1A009F0C0FADC
:101AF000002003F02BFB05F04FFE09F0AFFA0AF0CF
:101B0000D7F99FEDA20A06F00FFA06F0C1FA00F02D
:101B10003DFB09F0A3FA9EA009F0AAFA4FF4FA706F
:101B2000FFF762F909F09AFA00F056FC9C488188A8
:101B30009CA009F09DFA4FF4FA70FFF755F909F0EF
:101B40008DFAFFF70DF89EA009F092FA0AF096FFC1
:101B500009F084FA3220FFF747F902F073FA9DA0EA
:101B600009F086FA09F07AFA08F07CF909F076FAB9
:101B700040F2E73453252946204606F0A7F999A0FC
:101B800009F076FA2A4621469BA009F071FA601CFA
:101B9000691C10FB01F090FBF1F631469CA009F0A6
:101BA00067FA09F05BFA142142F20F7006F060F94F
:101BB00042F2CF01204606F02DF93220FFF714F94A
:101BC00009F04CFA0020994908609948007818B14A
:101BD00097480078012802D106F010FB01E006F0DA
:101BE00049FB09F03BFA0020924908600120924924
:101BF000C1F880028F49091D086000208F490860E4
:101C0000091D0860091D0860091D08608C490860ED
:101C10008C4908608B4910310860091F08608549AC
:101C20000C31086086492C390860091D0860844918
:101C30001C3908608249091F08607C4930390860F6
:101C400002230322114680A009F012FA85A009F0B0
:101C50000FFABDE8FC8700000D0A000044E300080D
:101C60004D4355205374617274210D0A0000000029
:101C700044656267755F5561727420696E6974208E
:101C80004F4B21206261756420726174653D25644B
:101C9000206269742F730D0A0D0A000018140240A7
:101CA000416E676C6F6720706F7765722068617333
:101CB000206F70656E210D0A000000005761697485
:101CC00020666F7220616E616C6F6720706F776540
:101CD0007220746F2073746162696C697A652E2E4C
:101CE0002E2E2E2E210D0A004C45445F496E69743C
:101CF000204F4B210D0A0000426565705F496E69F7
:101D000074204F4B210D0A00480300204D43555FBE
:101D1000504F525F54696D65733A25640D0A000097
:101D200042746E5F496E6974204F4B210D0A0000AA
:101D30004144353534325F496E6974204F4B2C5322
:101D4000657420414435353432204F757470757494
:101D500020746F207A65726F210D0A00436F6465ED
:101D6000635F496E6974204F4B210D0A000000002B
:101D7000547269676765724578494E31325F496EC2
:101D80006974204F4B210D0A000000000000000084
:101D90005265736574204C4344210D0A0000000015
:101DA000204200204C4344204F4B21204C434444CC
:101DB00045565F49443D307825780D0A0000000003
:101DC000415432344358585F496E6974204F4B2157
:101DD0000D0A000047657420506172204F4B0D0AB8
:101DE00000000000496E69742054696D65723620E8
:101DF0004F4B210D0A00000054696D657236204179
:101E000052523D25642C5053433D25640D0A000079
:101E100054696D657236204F766572666C6F775FB8
:101E200074696D653D256475730D0A00B082424288
:101E3000C00100209882404200004042800242429D
:101E4000B4824142A0024042736F6674776172654A
:101E50005F76657273696F6E3A25642E25642E2550
:101E6000640D0A00486172647761726520696E6969
:101E700074204F4B21205379732072756E6E696EFA
:101E8000672E2E2E2E2E2E0D0A0D0A0010B510488C
:101E900000684FF47A71B0FBF1F4601EB0F1807FFE
:101EA00000D30FE0601E4FF0E02148610F214FF09A
:101EB000FF3003F0B5F900204FF0E02188610720E2
:101EC000086100BF0021481E03F0AAF910BD000000
:101ED000300300200146062935DA0020A94A1060A7
:101EE0000120A94AC2F89C02A64A08321060121DBD
:101EF0001060121D1060A44AC2F8AC02A1489838C4
:101F0000006808B9002070479E489438006808B9F6
:101F10000120F8E79B489038006808B90220F2E7F2
:101F200098488C38006808B90320ECE79548883851
:101F3000006808B90420E6E7924884380068002861
:101F400073D10520DFE70C2936DA01208D4A1060B5
:101F500000208D4AC2F89C0201208A4A0832106093
:101F6000121D1060121D1060874AC2F8AC0285482D
:101F70009838006808B90620C5E782489438006898
:101F800008B90720BFE77F489038006808B90820E3
:101F9000B9E77C488C38006808B90920B3E779486C
:101FA0008838006808B90A20ADE7764884380068A8
:101FB0000028C5D10B20A6E7122937DA0120714A83
:101FC0001060714AC2F89C0200206E4A083210600C
:101FD0000120121D1060121D10606B4AC2F8AC0285
:101FE00068489838006808B90C208CE76548943830
:101FF000006808B90D2086E762489038006808B983
:102000000E2080E75F488C38006808B90F207AE717
:102010005C488838006808B9102074E7594884384B
:10202000006800288CD111206DE7A1E0182936DA6C
:102030000120544A1060544AC2F89C02514A0832A6
:1020400010600020121D10600120121D10604E4A09
:10205000C2F8AC024B489838006808B9122052E721
:1020600048489438006808B913204CE74548903830
:10207000006808B9142046E742488C38006808B95F
:10208000152040E73F488838006808B916203AE72D
:102090003C4884380068002871D1172033E71E2996
:1020A00035DA0120374A1060374AC2F89C02354AB7
:1020B00008321060121D10600020121D10600120F7
:1020C000314AC2F8AC022F489838006808B9182085
:1020D00019E72C489438006808B9192013E72948F3
:1020E0009038006808B91A200DE726488C38006837
:1020F00008B91B2007E723488838006808B91C2066
:1021000001E720488438006890BB1D20FBE62429A5
:1021100035DA01201B4A10601B4AC2F89C02194A9A
:1021200008321060121D1060121D10600020164A47
:10213000C2F8AC0213489838006808B91E20E2E6DD
:1021400010489438006808B91F20DCE60D48903824
:10215000006808B92020D6E60A488C38006808B91B
:102160002120D0E607488838006810B92220CAE646
:1021700005E004488438006808B92320C3E6FF203E
:10218000C1E6000098024142000041421CB5012115
:10219000402004F08FF90820009001208DF8040001
:1021A00000208DF8060003208DF8050001208DF831
:1021B000070069461248FFF7DFF808F04FFF0820D4
:1021C0000F491A310880C820FEF70EFE08200C497E
:1021D0001831088008F042FF4FF41670FEF704FE35
:1021E00008F03CFF082006491A310880C820FEF795
:1021F000FBFD082002491831088008F02FFF1CBDA4
:102200000018024070B5044600261948058808F0F9
:1022100025FF1748408845431548808846F6040145
:10222000884216D112488079012812D10020104925
:1022300088712A2048812B2088810021084600F0DF
:1022400085FD01200A4988712B2048812A20888138
:1022500003E00021084600F079FD00F0A1FE002611
:1022600002E004480480761CAE42FAD370BD000040
:10227000204200200000026010B5044608F0EEFE87
:10228000DCB900201C498871F02008804FF4A07050
:1022900048800846808841F66311884228D12C2066
:1022A000154908812B2048812A2088814FF4F0703D
:1022B00008804FF4487048801AE001200E49887168
:1022C0004FF4A0700880F02048800846808841F6CE
:1022D000631188420CD12C20074908812A204881AB
:1022E0002B2088814FF4F07008804FF4887048806C
:1022F000002000F0B1FB10BD2042002070B5044664
:102300000D46164608F0AAFE1A48808841F6631169
:10231000884227D11748807920B916480088401E86
:10232000001B84B21349488900F034FE201200F0EB
:102330002BFEE0B200F028FE201200F025FEE0B2F5
:1023400000F022FE0B49888900F024FE281200F0DC
:102350001BFEE8B200F018FE281200F015FEE8B2ED
:1023600000F012FE0348008903490880881C06809B
:1023700070BD000020420020FEFF01602DE9F05FEB
:1023800005460E4617469846DDF828A04FF0000B8C
:1023900008F064FE781B401C1FFA80FB344615E0F1
:1023A0002146284600F0D2FC00F0FAFD4FF000096B
:1023B00006E00848A0F800A009F101001FFA80F922
:1023C000D945F6DB08F04AFE601C84B24445E7DDDF
:1023D000BDE8F09F000002602DE9F043A1B00026A7
:1023E0000027B046B1460121182004F063F801210E
:1023F000084604F06FF808F031FE4CF6B3701F90F9
:1024000002208DF8800000208DF8820003208DF8D6
:10241000810001208DF883001FA9FE48FEF7ACFF64
:102420004FF680701F9002208DF8800000208DF8FC
:10243000820003208DF8810001208DF883001FA900
:10244000F548FEF799FF0C220021F248FEF7DCFF69
:102450000C220121EF48FEF7D7FF0C220421ED48A2
:10246000FEF7D2FF0C220521EA48FEF7CDFF0C2231
:102470000821E848FEF7C8FF0C220921E548FEF7CD
:10248000C3FF0C220A21E348FEF7BEFF0C220E21F7
:10249000E048FEF7B9FF0C220F21DE48FEF7B4FF3B
:1024A0000C220721DC48FEF7AFFF0C220821DA4896
:1024B000FEF7AAFF0C220921D748FEF7A5FF0C2240
:1024C0000A21D548FEF7A0FF0C220B21D248FEF7C7
:1024D0009BFF0C221146D048FEF796FF0C220D21DF
:1024E000CD48FEF791FF0C220E21CB48FEF78CFF62
:1024F0000C220F21C848FEF787FF0C220721C54890
:10250000FEF782FF0C220B21C248FEF77DFF08F088
:10251000A5FD1020099000200A903C200B9000207F
:102520000C9002200D9000200E900F90122002902F
:102530000020039010200490002005900690079042
:10254000089008F08BFD0020109011901290102040
:1025500013900020149016901590179018904FF437
:102560008050199000201A904FF480401B9000205A
:102570001C9009A81D9002A81E9010A8FEF76AFEE4
:1025800001210020FEF74CFE08F068FD4FF4C870F2
:10259000FEF72AFC08F062FD4FF4C870FEF724FC39
:1025A00008F05CFD002000F019FA9C49888008467C
:1025B00081889BA008F05CFD002000900190002421
:1025C000A12000F0E7FC052009F0EAFA00F0FCF990
:1025D000C0B28DF8000000F0F7F9C0B28DF801002C
:1025E00000F0F2F9C0B28DF8020000F0EDF9C0B2CF
:1025F0008DF8030000F0E8F9C0B28DF804008DA05A
:1026000008F036FD00BF06E01DF804108DA008F0AC
:102610002FFD601CC4B2052CF6DB8CA008F028FD51
:10262000A12000F0B7FC00F0CFF97C49888000F0D1
:10263000CBF97A498880084680884FF6FF7101EA15
:1026400000207649888000F0BFF9744989880843E2
:10265000724988800846818871A008F009FD0A2027
:10266000FEF7C2FB08F0FAFC41F663106B49888064
:102670000846808841F6631188427DD108F0EEFC5F
:10268000E22000F087FC1D2000F07EFC022000F01C
:102690007BFC042000F078FC642009F081FAE02043
:1026A00000F078FC012000F06FFC0A20FEF79CFB94
:1026B00008F0D4FCE02000F06DFC032000F064FC86
:1026C0000C20FEF791FB012000F064FC0A20FEF7CD
:1026D0008BFB4FF4C870FEF787FB08F0BFFC4FF48C
:1026E000C870FEF781FB08F0B9FCE62000F052FC50
:1026F0002F2000F049FCFF2000F046FCFF2000F0F6
:1027000043FCB02000F046FC102000F03DFC00200F
:1027100000F03AFC08F0A2FC012000F035FC40F289
:10272000DF1000F031FC012000F02EFC40F20F1011
:1027300000F02AFC002000F027FCB42000F02AFC66
:10274000022000F021FC40F2DF2000F01DFC002000
:1027500000F01AFC2E2000F017FC002000F014FC02
:10276000002000F011FC002000F00EFC002000F022
:102770000BFC08F073FC00E079E0B62000F00AFCE6
:10278000012000F001FC4FF49E7000F0FDFB0020E2
:1027900000F0FAFB172000F0F7FB152000F0F4FB27
:1027A000002000F0F1FB002000F0EEFBF02000F034
:1027B000F1FB032000F0E8FB292000F0EBFBD02028
:1027C00000F0E8FB002000F0DFFBBE2000F0E2FBA1
:1027D000052000F0D9FBFE2000F0D6FB012000F020
:1027E000D3FB002000F0D0FB002000F0CDFB002048
:1027F00000F0CAFB08F032FCB82000F0CBFB03204D
:1028000000F0C2FB012000F0BFFBBA2000F0C2FBC9
:1028100001201DE0000C0240001002402042002078
:102820006C63646465762E69643D307825780D0AA2
:10283000000000006765745F6C63645F6D6F6465C2
:102840003A00000020307825780000000D0A0000D2
:1028500000F09AFB002000F0CDF808F0FFFBC82044
:10286000FEF7C2FA08F0FAFB002000F0C3F80120DE
:10287000FFF702FD42F20410FFF7C4FC0024002021
:1028800000900190002500F0A9F8044621463CA0E4
:1028900008F0EEFB08F0E2FBA12000F07BFB052036
:1028A00009F07EF900F090F8C0B28DF8000000F059
:1028B0008BF8C0B28DF8010000F086F8C0B28DF838
:1028C000020000F081F8C0B28DF8030000F07CF83F
:1028D000C0B28DF80400AFF2A40008F0C9FB00BF3D
:1028E00007E01DF80510AFF2A40008F0C1FB681C5A
:1028F000C5B2052DF5DBAFF2AC0008F0B9FBA120A5
:1029000000F048FB00F060F8044600F05DF8044673
:102910004FF6FF7000EA042400F056F80443214605
:1029200017A008F0A5FB45F26170844225D018A0DD
:1029300008F09EFB08F092FB6420FEF755FA00BFFA
:1029400000BF00BF00BF00BFBFF34F8F00BF00BF7D
:1029500000BF1B48006800F4E0601A490843001DEE
:102960001749086000BF00BF00BFBFF34F8F00BF13
:1029700000BF00BF00E000BFFDE721B0BDE8F0836D
:102980006C63645F69643D307825780D0A0000004F
:102990004C434420696E6974206661696C2C5468EC
:1029A000652073797374656D2077696C6C2062653E
:1029B00020726573746172746564210D0A000000F1
:1029C0000CED00E00000FA0508B50348008800900F
:1029D000BDF8000008BD00000000026010B504460C
:1029E000204600F0D7FA052009F0DAF8FFF7ECFFEF
:1029F00010BD000070B52DED048B044608F02EFBD1
:102A0000BE2000F0C7FA052000F0BEFA2046FDF710
:102A1000F8FD41EC190B9FED0E0B53EC102BFDF75D
:102A2000F0FC41EC180BFDF719FE85B2284600F0CA
:102A3000ABFA012000F0A8FAFF2000F0A5FA002070
:102A400000F0A2FA002000F09FFABDEC048B70BDEC
:102A500066666666666604402DE9F0410546002418
:102A6000002708F0FBFAB848807901280BD1B64856
:102A7000808846F60401884205D0B348808841F634
:102A80006311884208D1B0488079F0B9AE48808897
:102A900041F66311884218D1082D15D2DFE805F000
:102AA0000406080A0C0E101206250DE007250BE09F
:102AB000042509E0052507E0012505E0002503E0E0
:102AC000032501E0022500BF00BF9F48808849F22E
:102AD0004131884217D09C48808846F604018842DC
:102AE00011D09948808845F2103188420BD0964821
:102AF000808845F21051884205D09348808841F67D
:102B0000631188427ED1082D1CD2DFE805F004064F
:102B1000090C0F12151800BF14E044F0800411E0F6
:102B200044F040040EE044F0C0040BE044F0200404
:102B300008E044F0600405E044F0A00402E044F042
:102B4000E00400BF00BF8048808845F210518842F1
:102B500002D14FF4585700E036277B48808845F271
:102B6000103188420DD07848808845F21051884253
:102B700007D07548808841F66311884201D044F03F
:102B800008047148808846F60401884201D144F067
:102B900002042146384600F00DFA6B48808841F661
:102BA000631188421DD004F0200068B16648008897
:102BB00065494988884214DA634806884088624932
:102BC0000880084646800CE05F4800885E494988D6
:102BD000884206DD5C48068840885B4908800846D4
:102BE00046805948808845F21051884254D1564950
:102BF000488900F0CFF9002000F0C6F95249498910
:102C0000491C00E077E088B200F0C4F9002000F031
:102C1000BBF94D494989891C88B200F0BBF94A4982
:102C20000988491EC1F30F2000F0AEF946494989D1
:102C3000C91C88B200F0AEF943490978491EC8B2F0
:102C400000F0A2F94049888900F0A4F9002000F0C2
:102C50009BF93D498989491C88B200F09BF9002005
:102C600000F092F938498989891C88B200F092F9FC
:102C700035494988491EC1F30F2000F085F93249D2
:102C80008989C91C88B200F085F92F498978491EC5
:102C9000C8B200F079F955E02B49488900F07AF97B
:102CA000002000F071F9002000F06EF92649098833
:102CB000491EC1F30F2000F067F923490978491E26
:102CC000C8B200F061F92049888900F063F900205A
:102CD00000F05AF9002000F057F91B494988491EB5
:102CE000C1F30F2000F050F917498978491EC8B286
:102CF00000F04AF926E0082D1CD2DFE805F00407B1
:102D00000A0D0F12151844F0300413E044F01004BB
:102D100010E044F020040DE000BF0BE044F0380464
:102D200008E044F0280405E044F0180402E044F010
:102D3000080400BF00BF032744F4805421463846EE
:102D400000F038F9BDE8F0812042002070B504465B
:102D50000D462848808841F66311884248D108F022
:102D60007DF924488079A8B922480088401E001BBC
:102D700084B22049488900F00DF9201200F004F9CE
:102D8000E0B200F001F9201200F0FEF8E0B200F02D
:102D9000FBF816E01749488900F0FCF8201200F013
:102DA000F3F8E0B200F0F0F812490988491EC1F3C7
:102DB0000F2000F0E9F80F490978491EC8B200F069
:102DC000E3F80C49888900F0E5F8281200F0DCF8F7
:102DD000E8B200F0D9F807494988491EC1F30F202D
:102DE00000F0D2F803498978491EC8B200F0CCF847
:102DF00070BD0000204200202DE9F84F80460E46AD
:102E000017461C46B3462046E31704EB5373DB100A
:102E100021464FEAE47C04EB5C7C4FEAEC0CA4EB2B
:102E2000CC0CBCF1000F02D04FF0010C01E04FF0D0
:102E3000000C6344224604EBD27C4FEA6C0C03FB8B
:102E40000CF3DBB2009308F009F9A7F12000C7B238
:102E5000002554E00C2C07D107EB47002A4901EB71
:102E6000800010F8059013E0102C05D1274800EBE6
:102E7000071010F805900BE0182C07D107EBC700DE
:102E8000234901EB800010F8059001E0BDE8F88FC0
:102E90004FF0000A2DE009F0800028B1314640468D
:102EA0000C9AFFF72BFA06E00A9820B93146404603
:102EB0000B9AFFF723FA4FEA49604FEA1069701C3A
:102EC00086B214484088B04200DCDFE7A6EB0B0076
:102ED000A0420AD15E4608F101001FFA80F80D48B1
:102EE0000088404500DCD1E706E00AF1010000F06F
:102EF000FF0ABAF1080FCEDB00BF681CC5B200980C
:102F00008542A7DB00BFC1E784CB0008F8CF0008EB
:102F1000E8D50008204200202DE9FF5F04460D4659
:102F2000904699460EAE96E8C00CE0B2039008F0C9
:102F300095F808EB04001FFA80F809EB05001FFA6A
:102F400080F917E0444502DB039CA81985B24D4582
:102F500000DB15E000208DE8010C3A783346294665
:102F60002046FFF749FF304606EBD07104EB6101C4
:102F70008CB27F1C38787E2802DC38782028E1DA91
:102F800000BFBDE8FF9F00000149088070470000B6
:102F9000000002600149088070470000FEFF0160E8
:102FA0000248008902490880704700002042002042
:102FB000FEFF0160024A1080921C118070470000E1
:102FC000FEFF01601CB50121084603F073FA0121E0
:102FD000022003F06FFA0121082003F06BFA0121AF
:102FE000102003F067FA41F60110009001208DF8DF
:102FF000040000208DF8060003208DF80500012054
:103000008DF8070069461748FEF7B6F94FF430709F
:10301000009069461448FEF7AFF943F24C00009067
:1030200069461248FEF7A8F91F200090694610482B
:10303000FEF7A2F941F601110A48FEF70AFA4FF429
:1030400030710948FEF705FA43F24C010748FEF7D4
:1030500000FA1F210648FEF7FCF900200549086028
:103060001CBD00000000024000040240000C0240B1
:10307000001002409882404200200649086006493C
:10308000C1F8B00203490C3108600449C1F8A40238
:1030900070470000A00240420000404200804042D1
:1030A0000020064908600649C1F88C020349103126
:1030B00008600349C1F8B0027047000088824142AD
:1030C0000080414224480078022809D10120234988
:1030D00008604FF4FA7020494880012008700BE026
:1030E0001D480078012807D11B48408820B90020DE
:1030F0001A4908601849087017480079022806D153
:103100004FF4FA701449C8800120087109E0124890
:103110000079012805D11048C08810B900200E4957
:1031200008710D48007A022809D101200C49086075
:103130004FF4FA7008494881012008720BE00648F4
:10314000007A012807D10448408920B900200449A9
:103150000860014908727047D80600208C0242427C
:10316000B482414210B57B2003F082FA10B118A05E
:1031700007F07EFF7A2003F07BFA10B119A007F068
:1031800077FF7C2003F074FA10B11BA007F070FFEA
:103190007D2003F06DFA10B11CA007F069FF7E20BE
:1031A00003F066FA10B11EA007F062FF7F2003F063
:1031B0005FFA10B11FA007F05BFF792003F058FA07
:1031C00010B121A007F054FF03F0D4F910BD0000A6
:1031D0005243435F464C41475F504F525253540D48
:1031E0000A0000005243435F464C41475F50494E3E
:1031F0005253540D0A0000005243435F464C41476E
:103200005F5346545253540D0A0000005243435F2B
:10321000464C41475F495744475253540D0A0000FA
:103220005243435F464C41475F57574447525354BC
:103230000D0A00005243435F464C41475F4C5057D4
:10324000525253540D0A00005243435F464C4147CB
:103250005F424F525253540D0A0000002DE9F041D5
:1032600000250024002708F02BFC054607F0F6FE99
:10327000002D6ED0681E032190FBF1F0C4B2681ED1
:1032800090FBF1F201FB1200C7B2002F61D1242C98
:103290005FDA0B2C71D1F948807848B9F84880780A
:1032A000012803D007F0DAFE02F00AFDBDE8F08144
:1032B000F2488078032812D1F1488078012807D09D
:1032C00007F0CCFEED4948780022114601F0BCFF22
:1032D0000020EC4908600121E9488170E6E7FF2001
:1032E000E649C87002F00CF807F0B8FEFFF7D8FE08
:1032F000E3488078012872D1E348008918B149F683
:103300004040E149088107F0A9FE012007F062FB77
:1033100007F0A4FE0220D94981F8730108464078DD
:10332000012817D1D94840680168D9A007F0A0FE4C
:10333000D64840680068E149884206D90120E04942
:103340000870E0A007F094FE1BE00020DC49087044
:1033500017E093E2CD4840680168E1A007F088FEDD
:10336000CA4840680068E949884207D90120D44921
:103370000870E7A007F07CFE03E040E00020D049A1
:103380000870CF48007820B907F068FE02F0A6F96F
:1033900074E200260020E54908701CE007F05EFE9C
:1033A00008F022FD06460B2E06D10120E04981F8E7
:1033B000BA0102F093F910E00A2E04D10120DC4991
:1033C00081F8BA0109E0D948007820B90120D7492D
:1033D000087007F06BFAE1E701E000BFD8E7A84802
:1033E00080780128D4D0A54948780022114601F000
:1033F0002BFF0020A349086002F062FCC8E70A2CFA
:103400002ED19E4880780028C2D0FF209B49C870EA
:1034100001F076FF07F022FEFFF742FE9848807821
:1034200058B902F04BF9954948780022114601F04D
:103430000BFF012093490860AAE791488078022891
:103440000DD1BC48006840F00100BA49086007F09F
:1034500005FE02F023F900208A49086098E797E703
:10346000092C17D185480078012803D1022083490F
:10347000087002E001208149087007F0EFFDFF208D
:103480007E49C87001F03CFFFFF70AFE01207E492B
:1034900008817DE7182C1FD1FF207849C87001F002
:1034A0002FFF07F0DBFDFFF7FBFD74488078002855
:1034B00094D173488078012890D107F0CFFD012086
:1034C00007F088FA02206D4981F8730102F006F9CD
:1034D0000220994908705BE7042C70D16848807815
:1034E0000128FAD16648007800F0020028B164484B
:1034F000007820F002006249087061488078012855
:1035000001D002F0DDFB5D48407808B9012000E001
:1035100000205A494870022087490871FF20574906
:10352000C870FFF7A9FDFFF7BBFD0020534981F8E4
:1035300070010021514880F872114078012854D15F
:103540007E48407820F001007C4948700846407869
:1035500040F001004870494890F8A8004749887138
:1035600008468079887076480078764908707448F3
:10357000801C0268416841488030C0E904214FF452
:103580000040714908803D48807830B101280CD056
:10359000022815D0032826D11CE03848007A374984
:1035A00048710120694908601EE0344890F83000F5
:1035B00032494871012065491031086014E0EAE0A1
:1035C0002E4890F858002D49487101205F490C3170
:1035D000086009E0294890F88000284948710120D6
:1035E0005B49086000E000BFC1E05448407820F02B
:1035F00001005249487000204870204880791F49D6
:1036000081F8A800084690F8A80088704C484078D7
:103610004C4908704A480A30026841684D48C0E980
:1036200004214FF40040484908801448807830B1A4
:1036300001280DD0022815D003281DD18CE00F4899
:1036400090F8B0000D4948710120404908608DE0B4
:103650000A4890F8D8000949487101203B491031C7
:10366000086083E0054890F8000104494871012092
:1036700036490C31086079E077E00000480000200E
:103680008402002084024242C8060020A0020020DA
:1036900042544E5F53494E474C4554524947474563
:1036A00052204D6F646520566F6C746167652C41C4
:1036B0006D706C3D25640D0A00000000005125026C
:1036C00040000020457863656564696E672073611A
:1036D000666520766F6C746167650D0A00000000F6
:1036E00042544E5F53494E474C4554524947474513
:1036F00052204D6F64652043757272656E742C4163
:103700006D706C3D25640D0A0000000080969800E5
:10371000457863656564696E6720736166652063DB
:10372000757272656E740D0A000000004100002081
:103730000C050020003C0140D8060020E8010020D4
:1037400048030020C00100201A140240A002404299
:10375000A482404270010020FE4890F82801FD49F3
:1037600048710120FC49086000E000BF00BFFB4831
:10377000407800F00100F949097801F00101884220
:1037800002D0012003F00CFF0120F54981F8BA01B5
:10379000F4490881FCE51F2C71D1F3488078012899
:1037A0006DD1F2490860F2480078401CF049087079
:1037B00008460078042801DB00200870EC480178F6
:1037C000ECA007F055FCEA48007818B1E84800780A
:1037D000012802D104F012FD01E004F04BFDDD48A8
:1037E0004078012804D1E2480078E649087003E0F7
:1037F000DF480078E34948701622E249E620FDF7E9
:10380000F0F9DB480078022803D0D9480078032873
:1038100029D10120CF49C87001F5A870D0E9043042
:1038200044F620629A1A70F1000019D244F6206121
:103830000020D54AC2E904101146D1E90401C54A65
:10384000D2F854210832C34BDB7802EBC30203C227
:10385000FF20C049C87001F053FD012007F0BAF8FD
:10386000FF20BC49C870C7484278017800E006E0F4
:10387000C6A007F0FDFB0020BC490860DBE3A4BB49
:10388000B9488078012803D0B248807803284AD10B
:1038900002F016FAC94800884FF6FE710840C74981
:1038A00008800020C549243108600120C44908600F
:1038B0000020C449C1F88002FFF7F2FBA5488078D8
:1038C00008B3FFF7D9FB0120BD4920310860002073
:1038D000A049887008464078012807D108468078BA
:1038E00088710846007A487109E01CE099488078A0
:1038F000984981F8A800084690F8B0004871012066
:10390000974981F8BA010020AF4908600120AF490A
:10391000C1F88002FF208F49C87001F0F1FC01203E
:103920009049088187E3022C5AD18F48807801287A
:1039300003D088488078032852D102F0C1F90121D0
:10394000894881700020864981F8BA019B48008827
:103950004FF6FE71084099490880002097492431AC
:10396000086001209649086000209649C1F880024D
:10397000FFF796FB77488078022821D0FFF77CFB81
:1039800001208F492C310860022072498870084656
:103990004078012807D1084680788871084690F859
:1039A0005800487108E06B4880786A4981F8A8009F
:1039B000084690F8000148710120694981F8BA0170
:1039C00000208149086001208049C1F88002FF2061
:1039D0006049C87001F094FC0120624908812AE323
:1039E000012C59D160488078012803D0594880784B
:1039F000032851D102F064F901215B488170002055
:103A0000574981F8BA016D4800884FF6FE710840A9
:103A10006A4908800020694924310860012068490A
:103A2000086000206749C1F88002FFF739FB494868
:103A30008078012820D0FFF71FFB0120604930313A
:103A400008604449887008464078012807D1084634
:103A500080788871084690F83000487108E03D4849
:103A600080783C4981F8A800084690F8D800487151
:103A700001203B4981F8BA01002053490860012028
:103A80005249C1F88002FF203249C87001F038FC69
:103A9000012034490881CEE2032C49D13248807894
:103AA000012845D1FFF7FCFA4FF40040484908804F
:103AB00028488078032820D0FFF7DEFA0120264925
:103AC000086003202349887008464078012807D100
:103AD000084680788871084690F88000487108E0B0
:103AE0001C4880781B4981F8A800084690F82801F6
:103AF000487101201A4981F8BA011D48007818B1AF
:103B00001B480078012802D104F078FB01E004F0A2
:103B1000B1FB01202C4908600A20FDF765F9FF2060
:103B20000C49C87001F0ECFB01200E49088182E2CB
:103B3000222C7AD10C488078012876D108F040FCFC
:103B40000448807820B10348807801284AD041E0B9
:103B500048E0000048000020A4824042E801002024
:103B60000C050020C806002084020020B4824142D7
:103B7000C0010020576176655F747970653D2564EA
:103B80000D0A00004803002098010020734164647E
:103B90006974696F6E616C446174612E565F576120
:103BA00076655F747970653A25642C435F5761765A
:103BB000655F747970653A25640D0A000004004061
:103BC0008002404200004242B08242420000404235
:103BD0001A140240F7488078022803D0F54880780C
:103BE0000328A4D1FFF75CFAF248C07801281DD061
:103BF0000120F1490860EF4890F87301022803D1D1
:103C00000120EC4981F873010120EA49C8700021C4
:103C100002F096FF0120E74981F870010021E54894
:103C200080F8711180F872115BE05DE0E148C078C6
:103C300001283CD1E148007818B1E048007801281B
:103C40001BD1DF48D0E9042042F21073D21A70F180
:103C5000000004D21A460020D949C1E90420D848FE
:103C6000D0E90410D34AD2F854210832D14BDB7882
:103C700002EBC302C2E9001019E0D148D0E90420E8
:103C800044F62063D21A70F1000004D21A460021D3
:103C9000CB48C0E90421CA49D1E90401C54AD2F898
:103CA00054210832C34BDB7802EBC30203C2C14884
:103CB00090F8730101280AD10020BE4981F87301F0
:103CC000012006F087FE0220BA4981F87301FF2027
:103CD000B849C870002081F870010021B54880F80B
:103CE000721101F00DFBA6E1232C46D1B548807876
:103CF000012842D108F064FBFFF7D2F9AD48C07843
:103D0000F0B10120AC49091F0860AA4890F873017E
:103D1000022803D10120A74981F873010020A54999
:103D2000C8700021012002F00BFF0120A14981F899
:103D3000700100219F4880F8711180F8721119E01C
:103D40009C4890F8730101280AD10020994981F814
:103D50007301012006F03EFE0220964981F87301AE
:103D6000FF209449C870002081F87001002191481B
:103D700080F8721101F0C4FA5DE1212C6CD19148F8
:103D80008078012868D108F01BFB8A4880780128D8
:103D900003D0884880780228A5D1FFF781F98548AB
:103DA000C07802281ED0012083490C310860814868
:103DB00090F87301022803D101207E4981F8730134
:103DC00002207C49C8700021012002F0B9FE0120C8
:103DD000784981F870010021764880F8711180F8E7
:103DE000721136E07348C078022818D17448D0E9BF
:103DF0000430754A9A1A70F1000004D2724A002009
:103E00006F49C1E904206E49D1E90401694AD2F839
:103E100054210832674BDB7802EBC30203C26548CA
:103E200090F8730101280AD10020624981F87301DA
:103E3000012006F0CFFD02205E4981F87301FF20CA
:103E40005C49C870002081F870010021594880F851
:103E5000721101F055FAEEE0202C68D159488078B3
:103E6000012864D108F0ACFA5248807802285DD16C
:103E7000FFF716F94F48C07803281ED001204E499D
:103E8000243108604B4890F87301022803D10120C7
:103E9000484981F8730103204649C8700021012078
:103EA00002F04EFE0120434981F870010021414893
:103EB00080F8711180F8721136E03E48C07803280E
:103EC00018D13F48D0E90410404A891A70F1000027
:103ED00004D2114600223A48C0E904123849D1E917
:103EE0000401344AD2F854210832324BDB7802EB19
:103EF000C30203C22F4890F8730101280AD10020A1
:103F00002C4981F87301012006F064FD0220294943
:103F100081F87301FF202749C870002081F87001E3
:103F20000021244880F8721101F0EAF983E0132C93
:103F300003D1002002F096FE7DE01D2C03D101206C
:103F400002F090FE77E0172C03D1022002F08AFEE7
:103F500071E0112C03D1032002F084FE6BE01C2CD5
:103F600003D1042002F07EFE65E0162C03D105206B
:103F700002F078FE5FE0102C03D1062002F072FE02
:103F800059E01B2C03D1072002F06CFE53E0152CE6
:103F900003D1082002F066FE4DE00F2C03D109206A
:103FA00002F060FE47E0072C12D10B2002F05AFE0F
:103FB00041E00000480000208C824142C001002006
:103FC0009801002084020020400D0300A08601001B
:103FD0001E2C03D10C2002F045FE2CE0192C08D138
:103FE000164890F8720130BB0121144880F8721114
:103FF00021E00D2C1FD1FFF753F808F0E1F9FF2065
:104000000E49C87001F07CF900200C4981F870015C
:1040100000210A4880F8721190F8730101280AD132
:104020000020064981F87301012006F0D3FC02202C
:10403000024981F8730100BFFFF738B9480000203A
:1040400000BFFEE770B507F009F8DE22FD494FF426
:104050000070FCF789FD07F001F8FA4800787E2827
:1040600004D1F84890F8DD0045287DD0F6A006F090
:10407000FFFF0020FE4908700120487003F090FA0D
:10408000012007F079FDFB48007A40F00B00F94968
:104090000872084690F8300040F00B0081F83000BC
:1040A000084690F8580040F00B0081F85800084688
:1040B00090F8800040F00B0081F88000084690F8EE
:1040C000B00040F01A0081F8B000084690F8D8001F
:1040D00040F01A0081F8D800084690F8000140F03E
:1040E0001A0081F80001084690F8280140F01A00F3
:1040F00081F82801FF2088700846007A48717E20E8
:10410000D049087001204870D948407800F001007B
:1041100088700020C8700871D648007A4871002065
:104120008871C871D449C74A9160D060D3480021D2
:1041300010615161CF4890F8300011460876002098
:1041400048768876C876CC49D1611062CB48002188
:1041500050629162CA48D0621163C64890F8580014
:10416000114681F8340000E011E2002081F83500AA
:1041700081F8360081F8370081F83800BE48002108
:10418000393210605160BD48083210605160BC483F
:10419000083210605160BB49002008321160506045
:1041A000B44890F88000A74981F85900002081F8B0
:1041B0005A00B24800210A3210605160AD4890F8B0
:1041C000B000A04981F86300002081F8640081F804
:1041D0006500A94800210B32106051604110002099
:1041E000083211605060A34890F8D800954981F8D2
:1041F0007600002081F8770081F8780081F8790056
:104200009D490C32116050604910083211605060B5
:10421000083211605060974890F80001894981F890
:104220009200002081F8930081F8940081F89500B5
:1042300081F8960090490D321160506048100021BD
:104240000832106051600832106051608D480832A9
:1042500010605160874890F828017A4981F8B700CA
:10426000002081F8B80086490A3211605060754913
:1042700081F8C10081F8C20081F8C30081F8C40050
:1042800081F8C50081F8C60081F8C70081F8C80030
:10429000002110321160516008321060506069498D
:1042A000C1F8D900452081F8DD0006F0D7FEDE22F6
:1042B00064494FF40070FCF794FC06F0CFFE022036
:1042C0007149087048706C4900206F4A921C116057
:1042D000506008321160506006F0C0FE16226A4934
:1042E000E620FCF77EFC06F0B9FE564840796149AD
:1042F0000872544881795F4881725248C1795D489B
:10430000417250488168C2685A48C0E906124D4956
:1043100008694969574AC2E904014A48007E1146C2
:1043200081F830004748417E104680F832104548F9
:10433000817E104680F831104248C17E104680F8D8
:1043400033104048C269016A4A48C0E910213D481B
:10435000426A806A4749C1E90E203A48C26A016B45
:104360004448C0E91221374890F83400414981F8A7
:104370005800344890F835103E4880F85A103148BB
:1043800090F836103B4880F859102E4890F83710B6
:10439000384880F85B102B4890F83810354880F882
:1043A0005C1028483930016842683248C0E91A1266
:1043B00024494131086849682E4AC2E91801214858
:1043C0004930016842682B48C0E91C121D48513031
:1043D000016842682748C0E91E121A4890F859003F
:1043E000244981F88000174890F85A10214880F835
:1043F000811014495B31086849681E4A8032C2E95D
:104400000201104890F863001A4981F8B0000D4885
:1044100090F86410174880F8B2100A4890F86510B8
:10442000144880F8B11007486630026841681148A6
:10443000B030C0E9042103486E30026841680D487D
:10444000B03023E05E0300204C6F61642070617225
:10445000206572726F722C73657420746F206465AE
:104460006661756C742076616C7565210D0A0000BB
:10447000E80100204800002080841E00C0E1E40024
:1044800040420F0080C3C90148030020C0E9022157
:10449000FE4890F87600FE4981F8D800FB4890F875
:1044A0007710FB4880F8DA10F84890F87810F84850
:1044B00080F8D910F54890F87910F54880F8DB10AD
:1044C000F2487A3002684168F148D830C0E90421E6
:1044D000EE48823001684068ED4AD832C2E90210E5
:1044E000EA488A3001684268E948D830C0E90612D3
:1044F000E64890F89200E64981F80001E34890F818
:104500009310E34880F80211E04890F89410E048D6
:1045100080F80111DD4890F89510DD4880F803110E
:10452000DA4890F89610DA4880F80411D7489730A6
:1045300001684268D748C0E90412D4489F30016836
:104540004068D44AC2E90210D048A73002684168E6
:10455000D048C0E90621CD48AF3001684268CD4857
:10456000C0E90812C94890F8B700C94981F8280184
:10457000C64890F8B810C64880F82911C348B93029
:1045800001684068C34A2832C2E90210E0E2BF482D
:104590004078BF490870BD4880784870BB48C078F3
:1045A0008871BA48007981F8A800B8484079087243
:1045B000B6488179B6488172B448C179B44841722D
:1045C000B2488168C268B248C0E90612AF480269C1
:1045D0004169AF48C0E90421AC48007EAC4981F88C
:1045E0003000AA48417EAA4880F83210A748817E50
:1045F000A74880F83110A548C17EA54880F833103F
:10460000A248C169026AA248C0E910129F49486ADB
:10461000896A9F4AC2E90E019C48C26A016B9C48A4
:10462000C0E91221994890F83400994981F858005E
:10463000964890F83510964880F85A10934890F8AC
:104640003610934880F85910904890F837109048E9
:1046500080F85B108D4890F838108D4880F85C1019
:104660008A483930016842688948C0E91A12874986
:10467000413108684968864AC2E9180183484930CF
:10468000016842688248C0E91C12804851300168C4
:1046900042687F48C0E91E127C4890F859007C4966
:1046A00081F88000794890F85A10794880F8811094
:1046B00076485B300268406875498031C1E9022064
:1046C000724890F86300803981F8B0006F4890F824
:1046D00064106F4880F8B2106C4890F865106C4810
:1046E00080F8B110694866300168426869485038FE
:1046F000C0E9041265486E30026840686549503967
:10470000C1E90220614890F87600B03981F8D800FC
:104710005E4890F877105E4880F8DA105B4890F8B1
:1047200078105B4880F8D910584890F879105848AC
:1047300080F8DB1055487A300268416855482838BF
:10474000C0E9042151488230026840685149283943
:10475000C1E902204D488A30016842684D48283836
:10476000C0E90612494890F89200494981F80001D1
:10477000464890F89310464880F80211434890F854
:104780009410434880F80111404890F89510404833
:1047900080F803113D4890F896103D4880F80411C8
:1047A0003A489730026841683A48C0E904213748DE
:1047B0009F30016842683748C0E902123348A73089
:1047C000016842683348C0E906123048AF300168DA
:1047D00042683048C0E908122C4890F8B7002C49CC
:1047E00081F82801294890F8B810294880F8291143
:1047F0002649B93108684968264A2832C2E90201C7
:1048000006F02CFC2248D0E91A43224622A006F0EA
:104810002FFC1F48D0E9184322462DA006F028FCA3
:104820001B48D0E91C43224637A006F021FC18485B
:10483000D0E91E43224642A006F01AFC06F00EFC08
:104840004E4A45231248183000F004FA4C4A00231F
:104850000F48103000F0FEF9484A45230C4840301C
:1048600000F0F8F9464A00230948383000F0F2F920
:10487000444A09230648483000F0ECF93F4A4523F2
:104880000348683000F0E6F93D4A7DE05E03002011
:104890004800002048010020557365724F70657212
:1048A0006174696F6E2E565F4D6F646554726169F5
:1048B0006E2E506172616D5B554F5F504152414D9C
:1048C0005F50554C53455D3A256C6C640D0A0000F1
:1048D000557365724F7065726174696F6E2E565FA5
:1048E0004D6F6465547261696E2E506172616D5BCB
:1048F000554F5F504152414D5F414D504C5D3A25FF
:104900006C6C640D0A000000557365724F7065721F
:104910006174696F6E2E565F4D6F64655472616984
:104920006E2E506172616D5B554F5F504152414D2B
:104930005F465245515D3A256C6C640D0A000000DB
:10494000557365724F7065726174696F6E2E565F34
:104950004D6F6465547261696E2E506172616D5B5A
:10496000554F5F504152414D5F4455524154494F5C
:104970004E5D3A256C6C640D0A00000000B864D9E5
:10498000804A5D0500902F500023914800F062F9A5
:10499000904A09238E48103000F05CF98E4A0223B9
:1049A0008B48183000F056F98C4A0023884828308C
:1049B00000F050F98A4A45238548603000F04AF9F2
:1049C000884A00238248583000F044F9844A45233D
:1049D0007F48883000F03EF9824A00237C488030CE
:1049E00000F038F97B4A09237948903000F032F919
:1049F0007B4A45237648B03000F02CF9794A0023F1
:104A00007348A83000F026F9724A09237048B8307C
:104A100000F020F9704A02236D48C03000F01AF906
:104A2000704A00236A48D03000F014F96848C83052
:104A3000D0E9024322466CA006F01AFB00207A4916
:104A400008706348603840784870012002F0A8FD83
:104A500006F004FBFF205E49603988700846407804
:104A6000B0B3012873D10846807930B101280ED047
:104A7000022817D003282CD11FE055486038007A4F
:104A8000534960394871012007F076F822E0504818
:104A9000603890F830004E4960394871042007F0C2
:104AA0006BF817E04A48603890F858004849603978
:104AB0004871072007F060F80CE04548603890F82E
:104AC00080004349603948710A2007F055F801E039
:104AD00002E000BF00BF3AE03D48603890F8A8000F
:104AE00030B101280FD0022818D003282CD120E0A3
:104AF0003748603890F8B000354960394871012076
:104B000007F03AF821E03248603890F8D800304990
:104B100060394871042007F02FF816E02C486038FF
:104B200090F800012A4960394871072007F024F8FD
:104B30000BE02748603890F8280125496039487112
:104B40000A2007F019F800E000BF00BF00BF00BF57
:104B500006F084FA16223549E620FCF705F806F03F
:104B60007DFA32480078032802DD00202F490870C2
:104B70002E484078032802DD00202C4948702B483D
:104B8000427801782AA006F073FA06F067FA104816
:104B90006038407801280CD1244800782C490870EE
:104BA0002248801C0268416809482030C0E904217D
:104BB0000BE01E484078264908701C480A300168FE
:104BC00042680348C830C0E9041206F047FA70BDD5
:104BD000A800002000902F500098D058804A5D0512
:104BE00000B864D90048E80152656164312055730A
:104BF00065724F7065726174696F6E2E435F4D6FA1
:104C00006465457874426E632E506172616D5B55C8
:104C10004F5F504152414D5F414D504C5D3A256CC4
:104C20006C640D0A00000000E80100204803002029
:104C3000565F576176655F747970653A25642C43D9
:104C40005F576176655F747970653A25640D0A0077
:104C5000C001002010B5D0E90041141B73EB010125
:104C600002D200240460446010BD000070B5C14849
:104C700000894EF6602188427EDB7E20BE490870A6
:104C8000BE4800784870BD4840788870BB4880793D
:104C9000C870BA4890F8A8000871B848007A4871FE
:104CA000B648807A8871B548407AC871B348D0E96F
:104CB0000610B14A9160D060B049D1E90401106199
:104CC0005161AE4890F8300011460876AB4890F834
:104CD00032004876A94890F831008876A74890F8C5
:104CE0003300C876A548D0E91010D1611062A348FE
:104CF000D0E90E1051629062A048D0E91210D16242
:104D000010639E4890F85800114681F834009B4883
:104D100090F85A0081F83500984890F8590081F8C9
:104D20003600964890F85B0081F83700934890F879
:104D30005C0081F838009148D0E91A1039321160CE
:104D400050608E49D1E918010832106051608B48DB
:104D5000D0E91C1008321160506088496031D1E9F7
:104D60000601083210605160844890F88000824942
:104D700081F85900814800E0FAE090F8810081F85C
:104D80005A007E498031D1E902010A321060516037
:104D90007A4890F8B000784981F86300774890F835
:104DA000B20081F86400754890F8B10081F86500A0
:104DB0007248B030D0E904100B32116050606F4877
:104DC000B030D0E902100832116050606B4890F8A2
:104DD000D800694981F87600684890F8DA0081F8CF
:104DE0007700664890F8D90081F87800634890F819
:104DF000DB0081F879006149E031D1E902010C3230
:104E0000106051605D48D830D0E90210083211605E
:104E100050605A49E031D1E9040108321060516014
:104E2000564890F80001544981F89200534890F890
:104E3000020181F89300514890F8010181F8940033
:104E40004E4890F8030181F895004C4890F8040111
:104E500081F896004A49D1E902010D321060516093
:104E600047480838D0E902100832116050604448C1
:104E70000838D0E906100832116050604049D1E985
:104E800006010832106051603C4890F828013A4908
:104E900081F8B700394890F8290181F8B8003849FD
:104EA0002031D1E902010A321060516000203249FC
:104EB00081F8C10081F8C20081F8C30081F8C40004
:104EC00081F8C50081F8C60081F8C70081F8C800E4
:104ED000C1F8D900452081F8DD0006F0BFF8274968
:104EE0006031D1E90243224626A006F0C1F82349E9
:104EF000D1E91843224631A006F0BAF81F496031C3
:104F0000D1E9044322463BA006F0B2F81B496031C8
:104F1000D1E90643224645A006F0AAF81849D1E98E
:104F20000243224650A006F0A3F815480838D0E9FD
:104F3000024322465AA006F09BF81149D1E90443E6
:104F4000224665A006F094F80D49D1E906432246B1
:104F50006FA006F08DF806F081F8DE2206494FF4C6
:104F60000070FBF73EFE06F079F800200149088149
:104F700070BD0000C80600205E030020480000202D
:104F800050010020557365724F7065726174696FCE
:104F90006E2E565F4D6F6465547261696E2E50615E
:104FA00072616D5B554F5F504152414D5F50554CA2
:104FB00053455D3A256C6C640D0A000055736572AB
:104FC0004F7065726174696F6E2E565F4D6F6465C8
:104FD000547261696E2E506172616D5B554F5F5006
:104FE0004152414D5F414D504C5D3A256C6C640D12
:104FF0000A000000557365724F7065726174696FC5
:105000006E2E565F4D6F6465547261696E2E5061ED
:1050100072616D5B554F5F504152414D5F46524545
:10502000515D3A256C6C640D0A0000005573657281
:105030004F7065726174696F6E2E565F4D6F646557
:10504000547261696E2E506172616D5B554F5F5095
:105050004152414D5F4455524154494F4E5D3A25AE
:105060006C6C640D0A000000557365724F706572B8
:105070006174696F6E2E435F4D6F64655472616930
:105080006E2E506172616D5B554F5F504152414DC4
:105090005F50554C53455D3A256C6C640D0A000019
:1050A000557365724F7065726174696F6E2E435FE0
:1050B0004D6F6465547261696E2E506172616D5BF3
:1050C000554F5F504152414D5F414D504C5D3A2527
:1050D0006C6C640D0A000000557365724F70657248
:1050E0006174696F6E2E435F4D6F646554726169C0
:1050F0006E2E506172616D5B554F5F504152414D54
:105100005F465245515D3A256C6C640D0A00000003
:10511000557365724F7065726174696F6E2E435F6F
:105120004D6F6465547261696E2E506172616D5B82
:10513000554F5F504152414D5F4455524154494F84
:105140004E5D3A256C6C640D0A00000010B50446F3
:105150000C4951F824104A000B4951F82400002151
:1051600007F024F9094951F824200749083951F872
:105170002400002107F01AF90121034808300155E5
:1051800010BD00006CCB0008F80200207CCB0008AA
:105190007047000070B5002100230F22C4781CB3B3
:1051A000174C246804F4E064C4F5E064C4F30721F8
:1051B000C1F10404E3B20A4144789C40E1B284782E
:1051C000144021430C07210E0E4C057861550478DC
:1051D00004F01F050124AC4005786D11AD0005F108
:1051E000E025C5F8004109E0047804F01F0501241A
:1051F000AC40054D0678761145F8264070BD00009C
:105200000CED00E000E400E080E100E00249014331
:10521000024A1160704700000000FA050CED00E042
:1052200010B5002807DA0A07140E054A00F00F032C
:105230001B1FD45403E00A07130E024A135410BD77
:1052400018ED00E000E400E02DE9F04104460D46D1
:105250001646012E38D1012C16D126480078012897
:1052600008D146F2A81095FBF0F739460120FBF76C
:10527000D6FB3DE046F2A81095FBF0F047423946D8
:105280000120FBF7CCFB33E094BB1A4800780128DF
:105290000BD14FF47A7095FBF0F7F81707EB5070CD
:1052A000C1100220FBF7BBFB22E04FF47A7095FBA4
:1052B000F0F7F81707EB5070C010C0F10008414636
:1052C0000220FBF7ACFB13E096B9012C04D10021BE
:1052D0000120FBF7A4FB04E01CB900210220FBF72E
:1052E0009EFB01200449086000200449C1F8940293
:1052F000BDE8F081480000208002404200004342A7
:1053000010B5504800794F49C97888424ED04D4871
:10531000007930B1012813D0022821D003283FD1D1
:105320002EE049A1494805F0B3FE47A14748733034
:1053300005F0AEFE44A14548E63005F0A9FE30E098
:1053400041A14248163805F0A3FE3FA13F484B302B
:1053500005F09EFE3CA13D48DC3005F099FE20E0C2
:1053600039A13A48163005F093FE37A137489B30F3
:1053700005F08EFE34A13548F03005F089FE10E0CE
:1053800031A132482C3005F083FE2FA12F48C330C5
:1053900005F07EFE2CA12D48FA3005F079FE00E0E4
:1053A00000BF00BF2748C078264908712548C0784B
:1053B00030B1012813D0022821D003283FD12EE09C
:1053C00021A1224805F064FE1FA12048733005F09A
:1053D0005FFE1DA11D48E63005F05AFE30E01AA11F
:1053E0001A48163805F054FE17A118484B3005F03E
:1053F0004FFE15A11548DC3005F04AFE20E012A151
:105400001248163005F044FE0FA110489B3005F0FD
:105410003FFE0DA10D48F03005F03AFE10E00AA164
:105420000A482C3005F034FE07A10848C33005F0C7
:105430002FFE05A10548FA3005F02AFE00E000BF66
:1054400000BF10BD4800002000000000C70500207C
:105450002DE9FF4F87B00D4614461F46DDE9176B57
:10546000DDE9158ADDF85090079809287ED2DFE83B
:1054700000F07D052E475E879EC7EB0004EB090018
:1054800083B2E81982B2214628460096FCF776FFDF
:105490005046FAF7E2FE08EBD871491000FB117094
:1054A00005EB500080B2CDE90408A9EB0800CDE976
:1054B000026BCDE9008A069000EBD07004EB60002F
:1054C00081B24B463A460498FDF726FDD7E004EB3F
:1054D000090083B2E81982B2214628460096FCF7FB
:1054E0004DFF04F1140291B205F1140290B24B4643
:1054F0003A46CDE9026BCDE9008AFDF70DFDBEE02D
:1055000004EB090083B2E81982B2214628460096CE
:10551000FCF734FF04F1140081B24B463A462846AA
:10552000CDE9026BCDE9008AFDF7F6FCA7E044F275
:105530002820009004EB090083B2E81982B22146CA
:105540002846FCF71BFF04EB09000A3883B2E81970
:10555000283882B204F10A0081B228460096FCF78E
:105560000DFF04F1140081B24B4600E086E03A469C
:105570002846CDE9026BCDE9008AFDF7CDFC7EE03F
:1055800004EB090083B2E81982B22146284600964E
:10559000FCF7F4FE04F1140081B24B463A4628466B
:1055A000CDE9026BCDE9008AFDF7B6FC67E004EBBC
:1055B000090083B2E81982B2214628460096FCF71A
:1055C000DDFE002030A11022CDE9011600920390EB
:1055D00004F1120291B26A1D90B24B463A46FDF7B1
:1055E0009BFC04F10A0291B205F13C0290B24B46D9
:1055F0003A46CDE9026BCDE9008AFDF78DFC3EE02D
:1056000004EB090083B2E81982B2214628460096CD
:10561000FCF7B4FE5046FAF720FE08EBD8714910AB
:1056200000FB117005EB500080B2CDE9050804F1D4
:105630000A0081B24B463A46CDE9026BCDE9008AB9
:105640000598FDF769FC1AE004EB090083B2E8193C
:1056500082B2214628460096FCF790FE0CA010214D
:1056600004F11202CDE9026BCDE9001091B26A1D7E
:1056700090B24B463A46FDF74FFC00E000BF00BF3A
:105680000BB0BDE8F08F000054595045207C00005D
:10569000545950453A0000007047000010B50020F2
:1056A000044908600121880702F087FA00210248B6
:1056B000817010BD800240428402002010B501209C
:1056C000044908600021800702F077FA02210248AD
:1056D000817010BD80024042840200202DE9F04F0D
:1056E0002DED068B87B0FE48807800287ED10446D9
:1056F0000546FB48407801280AD1F948D0E906451B
:10570000F849611A75F1000010D2F74804600DE005
:10571000F348407850B9F248B030D0E90445F14937
:10572000611A75F1000001D2EF480460EF4800787B
:1057300018B1EE48007801280BD142F21071611ABD
:1057400075F1000005D2012007B0BDEC068BBDE865
:10575000F08FE6480078022803D0E4480078032858
:1057600007D144F62061611A75F1000001D20120D1
:10577000EAE7DE48007818B1DC48007801280ED14D
:10578000FA22002320462946FAF724FD401ED84974
:10579000086008460068A0F11C0008600DE0FA22CD
:1057A000002320462946FAF715FD401ED04908601F
:1057B00008460068A0F1480008604FF00100CD499C
:1057C00008604FF00000CC49C1F880024FF00A0099
:1057D000FBF70AFBC248407830B94FF40040C74994
:1057E00008800A20FBF700FB002100E006E0C44827
:1057F0008170BF480068FBF7A5FC3FE2B84880789D
:10580000012877D100200446054606460746B448DD
:10581000407801280CD1B248D0E91045D0E9126790
:10582000B049611A75F1000012D2AF4804600FE070
:10583000AB48407860B9AA48D830D0E90445D0E9EF
:105840000667A849611A75F1000001D2A6480460F4
:10585000A648007818B1A5480078012807D142F27F
:105860001071611A75F1000001D201206CE79F48A8
:105870000078022803D09D480078032807D144F619
:105880002061611A75F1000001D201205CE79549A1
:10589000711A77F1000001D2012055E79348007892
:1058A00018B19248007801280ED1FA220023204630
:1058B0002946FAF78FFC401E8D49086008460068AB
:1058C000A0F11C0008600DE0FA22002320462946C2
:1058D000FAF780FC401E8649086008460068A0F17F
:1058E000480008608248006822462B46CDE90067E0
:1058F000029000E060E083A005F0BAFB00BF00BFAB
:1059000000BF4FF014094FF47A7200233046394635
:10591000FAF760FC06460F4630463946FAF792FE23
:1059200041EC190B53EC192B9FED800B51EC100B34
:10593000FAF7D9FD41EC180B9FED7E0B53EC102BC1
:1059400051EC180BFAF7CFFD9FED7C0B53EC102BAD
:10595000FAF751FDFAF782FE804653EC182B79A036
:10596000CDF8008005F084FB61480068404502D90D
:105970005F48C0F8008001205E49086000205E4951
:10598000C1F880020A20FBF72FFA5548407830B959
:105990004FF40040594908800A20FBF725FA1FFA06
:1059A00089F1404602F00DFA00215548817001212D
:1059B000880702F002F961E1494880780228FAD1AB
:1059C00000210C460D460E460F46002080468146BB
:1059D0004348407801280ED14148D0E91A45D0E922
:1059E0001C67D0E91E893F49611A75F1000016D283
:1059F0003D48046013E03A48407880B95648D0E901
:105A00000445D0E906673648D0F82491D0F82081C3
:105A10003449611A75F1000001D2334804603348FB
:105A2000007818B131480078012807D142F210718E
:105A3000611A75F1000001D2012085E62B4800783B
:105A4000022803D029480078032807D144F62061B2
:105A5000611A75F1000001D2012075E62149711A21
:105A600077F1000001D201206EE63C49B8EB01015C
:105A700079F1000001D2012066E61C48007818B1D7
:105A80001A48007801280ED1FA2200232046294620
:105A9000FAF7A0FB401E1649086008460068A0F10E
:105AA0001C0008600DE0FA22002320462946FAF780
:105AB00091FB401E0E49086008460068A0F14800AE
:105AC00008600B48CDE90489006822462B46CDE9E1
:105AD0000067029022A005F0CBFA00BF00BF5BE098
:105AE00048000020400D030014030020C0010020E6
:105AF00008030020B08242420000404218140240D5
:105B00008402002070756C73653D256C6C646E7347
:105B10002C667265713D256C6C646D687A2C7469B5
:105B20006D355F6172723D25640D0A00000000A2B0
:105B3000941A6D420000000000406F400000000019
:105B40000000F03F543D256C662C74696D325F6136
:105B500072723D25640D0A0048010020A0860100F4
:105B600070756C73653D256C6C646E732C66726524
:105B7000713D256C6C646D687A2C74696D355F615C
:105B800072723D25642C6475726174696F6E3D2577
:105B90006C6C640D0A00000000BF142006904FF4E6
:105BA0007A72002330463946FAF714FB06460F4650
:105BB00030463946FAF746FD41EC190B53EC192BE8
:105BC0001FED260B51EC100BFAF78DFC41EC180B76
:105BD0001FED280B53EC102B51EC180BFAF783FC3C
:105BE0001FED2A0B53EC102BFAF705FCFAF736FDE4
:105BF000824623480068504502D92148C0F800A0D9
:105C00004FF47A700021A8FB002B09FB00B001FBC8
:105C100008011046FAF716FD53EC182BFAF763FC4F
:105C2000FAF71CFD174908600846006853EC182B6A
:105C3000CDE900A014A005F01BFA01201B49086063
:105C400000201B49C1F880020A20FBF7CDF8194853
:105C5000407830B94FF40040174908800A20FBF71C
:105C6000C3F8069881B2504602F0ABF80021134801
:105C700081700121880701F0A0FF00BF002063E5CB
:105C80000803002010030020543D256C662C746925
:105C90006D325F6172723D25642C747261696E5F52
:105CA00061636F756E743D25640D0A00B0824242D7
:105CB00000004042480000201814024084020020E6
:105CC00010B5FBF79DF800214FF0804001F075FF03
:105CD00000204FF0804148620F48407810B9C81347
:105CE0000E49088000200E4908600E490860012115
:105CF0000D48817000210320FAF791FE00200B4926
:105D000008600B49C1F8840201200A49086000209C
:105D10000949086010BD0000480000201A14024024
:105D2000100300200C03002084020020B0824242B5
:105D30000080404280024042D00200202DE9F0471E
:105D40002DED028B04464FF000099FED4C0AB0EE9A
:105D5000408AE06818B1E168002006F001FB48487D
:105D60000078401C00EB80004100002006F00AFB98
:105D7000E060E06820B90520BDEC028BBDE8F0874B
:105D80003F484078012829D13D48806B20603C493C
:105D90003831D1E904714FF47A7200233846FAF7AA
:105DA00019FA0546FAF70EFC08EE100A34493831A4
:105DB000D1E902211046FAF705FC00EE100A20EEA8
:105DC000080ADFED300A20EE200ADFED2F0A80EE10
:105DD000201ABCEEC10A10EE109A29E02848D0F82B
:105DE000E00020602649E031D1E904514FF47A7295
:105DF00000232846FAF7EEF90746FAF7E3FB08EE28
:105E0000100A1F49E031D1E902211046FAF7DAFB06
:105E100000EE100A20EE080ADFED1A0A20EE200A32
:105E2000DFED190A80EE201ABCEEC10A10EE109ABE
:105E3000206808B901209FE7B5EEC08AF1EE10FA9C
:105E400001D1022098E7B9F1000F01D1032093E7B7
:105E5000E068DFED0E0A68EE200AB0EE600A00EEA0
:105E6000909AF8EE600A00F0D1F84FF6FF70E16802
:105E700008600120A060606000207DE70000000055
:105E80004800002000504347286B6E4E0000C84277
:105E90002DE9F0412DED028B0446002008EE100A9A
:105EA0009FED540AF0EE408AE06818B1E1680020E6
:105EB00006F056FA5048007800EB800041000020C0
:105EC00006F060FAE060E06820B90520BDEC028BC6
:105ED000BDE8F08148484078012803D14648006970
:105EE000206003E04448D0F8B8002060206808B97A
:105EF0000120EBE79FED410AF0EE408A4CF2503072
:105F000008EE100AE068F8EE480AB0EE680A00F001
:105F10007DF839484078012820D137491031D1E93E
:105F200002514FF47A7200232846FAF753F90746D4
:105F3000FAF748FB00EE100A9FED311AC8EE810A0D
:105F40009FED301AC0EE811A20EE210ADFED2C0AF7
:105F500080EE201A2C4880ED001A1FE02649B83147
:105F6000D1E902514FF47A7200232846FAF732F948
:105F70000746FAF727FB00EE100A9FED211AC8EE3C
:105F8000810A9FED201AC0EE811A20EE210ADFED72
:105F90001C0A80EE201A1C4880ED001A1A4890ED69
:105FA000000ABCEEC00A10EE100AE1680860124850
:105FB0000078022812D1E16801F10A00F8EE480ADF
:105FC000B0EE680A00F022F80F4890ED000ABCEE2F
:105FD000C00A10EE100AE168C1F80A00E068006823
:105FE00008B9042072E704480078A06001206060CE
:105FF00000206BE700000000480000208096984ACF
:1060000000007A440000C842C00200202DE9F0419F
:106010002DED088BB0EE409AF0EE608A0446002623
:1060200000279FED950AB0EE408A0025A846DFEDD7
:10603000930A89EE200ADFED920A80EE801AB0EE14
:10604000418A9FED900AB4EEC08AF1EE10FA05D8AD
:10605000BCEEC80A10EE105A012686E018EE100AAF
:10606000FAF715FB41EC1B0BB0EE4B0AF0EE6B0A96
:1060700005F022F8B0EE40AAF0EE60AA51EC1A0B3F
:10608000FAF7ECFA054600EE105AB8EE400AC8EEF0
:10609000000ABCEEE00A10EE100A86B29FED7A0A02
:1060A000B4EEC08AF1EE10FA0ADD9FED780AC8EE70
:1060B000000ABCEEE00A10EE108A4EF660273DE0C2
:1060C0009FED730AB4EEC08AF1EE10FA0ADD9FED7F
:1060D000710AC8EE000ABCEEE00A10EE108A42F225
:1060E00010772BE09FED6C0AB4EEC08AF1EE10FA47
:1060F0000ADD9FED6A0AC8EE000ABCEEE00A10EE67
:10610000108A4FF47A7719E09FED650AB4EEC08AE1
:10611000F1EE10FA09DD9FED590AC8EE000ABCEE57
:10612000E00A10EE108A642708E0B2EE040AC8EE16
:10613000000ABCEEE00A10EE108A0A2705FB06F002
:1061400000EE100AB8EE400A78EE400A08FB07F0AD
:1061500000EE100AB8EE400A38EE400AF4EEC00A2B
:10616000F1EE10FA01DD45463E46681EA080701E25
:10617000E0809FED4C0AF4EEC08AF1EE10FA03DBEA
:10618000A088401C20816DE0F5EEC08AF1EE10FA87
:1061900002D10020208165E09FED420AC0EE280A6E
:1061A000A088401C00EE100AB8EEC00AF4EEC00A47
:1061B000F1EE10FA37DDA08800EE100AB8EE400AC2
:1061C000B0EE408ADFED370A80EEA80AF7EE000A4B
:1061D00030EE600ABCEEC00A10EE100AA080E08823
:1061E00000EE100AB8EE400A60EE080AA08800EE41
:1061F000100AB8EE400A80EE801AB0EE418AB7EE7F
:10620000000AB4EEC08AF1EE10FA03D2B7EE000A2B
:10621000B0EE408AB7EE000A38EE400ABCEEC00A83
:1062200010EE100AE080A088401C00EE100AB8EEC4
:10623000C00A20EE280ADFED1B0A80EE201AB0EE1D
:10624000418A18EE100AFAF722FA41EC1B0B9FED77
:10625000160B53EC102BFAF72DF841EC1A0BFAF74A
:10626000FDF92081E288A18811A004F001FF00203F
:10627000BDEC088BBDE8F081000000000000C842C2
:10628000A037A04C00FF7F47643F1C4E00606A4768
:1062900006FF794C00401C4638FFC74A00007A448C
:1062A00060FF1F4900504347000000000000E03F2E
:1062B000617272313D25642C707363313D25640D2C
:1062C0000A0000002DE9F0472DED028B04464FF047
:1062D00000099FED710AB0EE408AE06818B1E168EC
:1062E000002006F03DF86D480078401C00EB80006F
:1062F0004100002006F046F8E060E06820B9052083
:10630000BDEC028BBDE8F08764484078012803D1DA
:106310006248006E206003E06048D0F80801206009
:10632000206808B90120EBE75C484078012827D1B4
:106330005A48006E206059484FF47A720023D0E921
:106340001C512846F9F746FF0746FAF73BF908EED5
:10635000100A5248D0E91A211046FAF733F900EE34
:10636000100A20EE080ADFED4E0A20EE200ADFEDCB
:106370004D0A80EE201ABCEEC10A10EE109A27E0FA
:106380004648D0F8080120604749D1E904514FF44C
:106390007A7200232846F9F71DFF0746FAF712F92B
:1063A00008EE100A4049D1E902211046FAF70AF92D
:1063B00000EE100A20EE080ADFED390A20EE200A6E
:1063C000DFED380A80EE201ABCEEC10A10EE109AFA
:1063D000206808B9012093E7B5EEC08AF1EE10FA03
:1063E00001D102208CE7B9F1000F01D1032087E72A
:1063F000E068DFED2E0A68EE200AB0EE600A00EEDB
:10640000909AF8EE600AFFF701FE2448806FE16879
:1064100008602248407801281AD120484FF47A7247
:106420000023D0E91E512846F9F7D4FE0746FAF7B3
:10643000C9F800EE100A20EE080ADFED1D0A80EE12
:10644000201ABCEEC10A10EE100AE168086019E0DB
:106450001549D1E906714FF47A7200233846F9F7ED
:10646000B9FE0546FAF7AEF800EE100A20EE080A6B
:10647000DFED0F0A80EE201ABCEEC10A10EE100A02
:10648000E1680860E068006808B9042038E7012086
:10649000A0606060002033E700000000480000209A
:1064A00000504347286B6E4E500100200000C84248
:1064B00000007A4429B1064A12680243044B1A606C
:1064C00004E0034A12688243014B1A6070470000DF
:1064D0003038024029B1064A12680243044B1A6060
:1064E00004E0034A12688243014B1A6070470000BF
:1064F0003838024029B1064A12680243044B1A6038
:1065000004E0034A12688243014B1A60704700009E
:106510004038024029B1064A12680243044B1A600F
:1065200004E0034A12688243014B1A60704700007E
:106530002038024029B1064A12680243044B1A600F
:1065400004E0034A12688243014B1A60704700005E
:106550004438024029B1064A12680243044B1A60CB
:1065600004E0034A12688243014B1A60704700003E
:10657000243802400348006840F0807001490860F8
:106580007047000074380240F0B50021002200245A
:10659000022500260223324F3F6807F00C0121B18B
:1065A000042905D0082937D105E02E4F076036E0D1
:1065B0002D4F076033E02A4F3F1F3F68C7F38056D7
:1065C000274F3F1F3F6807F03F036EB1264FB7FBD1
:1065D000F3F7DFF88CC0ACF1040CDCF800C0CCF3AE
:1065E000881C07FB0CF40CE01E4FB7FBF3F7DFF839
:1065F00070C0ACF1040CDCF800C0CCF3881C07FBC5
:106600000CF4174F3F1F3F68C7F301477F1C7D0005
:10661000B4FBF5F7076002E0124F076000BF00BF50
:106620000F4F3F6807F0F0010909104F7A5C0768C7
:10663000D74047600A4F3F6807F4E051890A0B4F83
:106640007A5C4768D7408760054F3F6807F4604130
:10665000490B064F7A5C4768D740C760F0BD000021
:10666000083802400024F40040787D012003002017
:1066700010B501460022002300204A11012A02D150
:106680000A4C236808E0022A03D1084C70342368BE
:1066900002E0064C7434236801F01F020124944088
:1066A0001C400CB1012000E0002010BD0038024069
:1066B0000021024A117011460870704702380240EA
:1066C0002DE9F04104460D4600260027B04605F0AE
:1066D00081FC204605F052FC05F0A4FC284605F09C
:1066E0004DFC05F09FFC05F075FC44F0010005F041
:1066F00045FC05F097FC05F01FFC064605F0B8FBCD
:1067000005F01AFC074605F003FC05F07BFC47EAA0
:1067100006284046BDE8F08100B587B00121080396
:10672000FFF708FF01210846FFF7C4FE05221146C6
:106730002F48FAF769FE052207212D48FAF764FE73
:1067400004202B4908830820088310200883A020F8
:10675000009002208DF8040000208DF80600022031
:106760008DF8070003208DF8050069462048FAF7E8
:1067700003FE1C20009001208DF8040000208DF8FD
:10678000060001208DF8070003208DF805006946FA
:106790001748FAF7F1FD0021164800F051F81548A6
:1067A00000F05AF80020ADF808004FF48270ADF800
:1067B0000A000020ADF80C00ADF80E00ADF8100096
:1067C0004FF40070ADF812000820ADF8140000205E
:1067D000ADF816000720ADF8180002A9054800F032
:1067E00093F80121034800F02BF807B000BD00002A
:1067F00000000240003001404FF6FF7100BF0F4A19
:10680000128902F002021AB90A1EA1F10101F6D1A1
:106810000A4A9081128902F00102084B1A814FF650
:10682000FF7100BF054A128902F08002802A03D15D
:106830000A1EA1F10101F5D17047000000300140AE
:1068400021B1028842F04002028004E002884FF643
:10685000BF731A400280704710B504462448844232
:1068600008D101218014FFF775FE0021A014FFF765
:1068700071FE3CE01F48844208D101210014FFF75B
:1068800049FE00212014FFF745FE30E01A488442FB
:1068900008D10121C013FFF73DFE0021E013FFF7EF
:1068A00039FE24E01548844208D101214014FFF745
:1068B00051FE00216014FFF74DFE18E0104884429D
:1068C00009D101210805FFF745FE00214FF4801092
:1068D000FFF740FE0BE00B48844208D10121480538
:1068E000FFF738FE00214FF40010FFF733FE10BD14
:1068F0000030014000380040003C004000340140BE
:10690000005001400054014010B50022028802F4FA
:1069100041520B884C8823438C882343CC882343E3
:106920000C8923434C8923438C892343CC892343FB
:106930001A430280838B4FF2FF74234083830B8AB8
:10694000038210BD30B5F0B12C4BD3F854315B1C31
:106950002A4CE4781C44294BC3F85841D3F85431ED
:106960000833264CE47803EBC40330CB244BC3E953
:106970000445224BDB78234C04EBC303D3E90054DA
:106980001F4BC3E9065419B31C4B5C790123934098
:106990001C403CB9194B5B79012494402343174CAC
:1069A000637106E0154B5C79012393409C43134BC4
:1069B0005C71124B5C79D3F854311C700F4B93F817
:1069C00071310BB9012400E000240C4B83F87141B4
:1069D0000A4B5B79012494402340002B01DD012305
:1069E00000E00023054C84F850312346DB78022B6D
:1069F00002D1012384F8503130BD0000480000204E
:106A000098010020C80100207047000030B5002226
:106A10008B071C0F0F2303FA04F20B4B8C1053F857
:106A200024309343084C8D1044F8253023468C10B5
:106A300053F824308C07240F00FA04F42343024C4B
:106A40008D1044F8253030BD083801401CB50020B9
:106A5000019000903648006840F480203449086076
:106A60000520FFF725FE00BF3148006800F4003024
:106A700000900198401C0190009818B90198B0F559
:106A8000A04FF1D12A48006800F4003010B1012075
:106A9000009001E0002000900098012846D1244891
:106AA0004030006840F08050214940310860214862
:106AB000006840F440401F4908601D4808300068E5
:106AC0001B49083108600846006840F4004008602F
:106AD0000846006840F4A05008601748091F086085
:106AE000081F006840F08070091F086000BF104850
:106AF000006800F000700028F9D040F205700F49DE
:106B000008600B480830006820F00300084908318D
:106B100008600846006840F00200086000BF0448B2
:106B20000830006800F00C000828F8D11CBD0000F7
:106B3000003802400070004019544007003C0240F9
:106B400070B504460D4600260CB905B970BD404825
:106B5000C678407801283BD13E4800213E4A03C216
:106B60003B48807830B101280FD0022818D0032884
:106B70002CD120E0364808303549C1F8540132465E
:106B800029462046FFF7DEFE21E03148303030490B
:106B9000C1F85401324629462046FFF7D3FE16E0DD
:106BA0002B4858302A49C1F854013246294620461C
:106BB000FFF7C8FE0BE0264880302549C1F8540194
:106BC000324629462046FFF7BDFE00E000BF3CE00C
:106BD00022480021204A03C206B904261C488078B6
:106BE00030B101280FD0022818D003282BD11FE084
:106BF0001748B0301649C1F854013246294620469C
:106C0000FFF7A0FE20E01248D8301149C1F8540126
:106C1000324629462046FFF795FE15E010480C49FC
:106C2000C1F85401324629462046FFF78BFE0BE09F
:106C30000B4828300649C1F85401324629462046FF
:106C4000FFF780FE00E000BF00BF00BF7EE700004E
:106C500048000020804A5D05C80100200048E80186
:106C6000480100202DE9F04781464FF47A74F94835
:106C70008078FF2803D0F748C078FF2801D1BDE80D
:106C8000F087F44890F85001012800D1F24CB9F196
:106C9000110F7CD2DFE809F0090A0B0C0D0E0F1062
:106CA00011127BCFFEFDFCFBFA0000BF00BF00BF4E
:106CB00000BF00BF00BF00BF00BF00BFE54890F8A5
:106CC0007001012804D0E34890F87101012815D122
:106CD0000220E04981F870010021DE4880F872113D
:106CE00080F8711190F87211D0F85801017009FB09
:106CF00004F00021D94AC2E904019BE0D54890F88C
:106D00005001012879D1D34890F87201042805D1A7
:106D10000321D048D0F85801017005E0CD4890F823
:106D20007211D0F858010170CA4890F8720130B160
:106D3000012817D002282ED003285CD142E0C74892
:106D40000A25D0E904310020A3FB052601FB0561DB
:106D500003FB001509FB04F151186841BF4AC2E961
:106D6000041049E0BB4890F87201401CC1B2B94818
:106D700080F8721109FB04F00A21B0FBF1F0B74A68
:106D8000D2E90432C01842F10001B44A00E0DEE367
:106D9000C2E9040130E0AF4890F87201401CC1B272
:106DA000AC4880F8721109FB04F06421B0FBF1F0EB
:106DB000AA4AD2E90432C01842F10001A74AC2E946
:106DC000040119E0A34890F87201401CC1B2A14827
:106DD00080F8721109FB04F04FF47A71B0FBF1F006
:106DE0009E4AD2E90432C01842F100019B4AC2E92E
:106DF000040101E001E000BF1CE00421954880F897
:106E000072110321D0F85801017094490A2300251A
:106E1000D1E90402A0FB031602FB036200FB052379
:106E200009FB04F02A460D46281843EB02018B4A61
:106E3000C2E904018CE3874890F87001012810D161
:106E40000220844981F87001084690F85001012819
:106E500007D104217F4880F872110321D0F858012E
:106E600001707C4890F8500101286FD1794890F862
:106E7000720138B1774890F87201401EC1B275486E
:106E800080F87211734890F8720104E085E2C4E161
:106E900041E1C2E0AFE030B101281FD002283DD06F
:106EA00003286DD153E004EB84004FEA400C6B499A
:106EB000D1E90451624600232846F9F78BF9674867
:106EC000D0E904108F1A60EB03010A220023384630
:106ED000F9F780F9614AC2E9040152E05D4890F88F
:106EE0007201401EC1B25B4880F872110A20B4FBE7
:106EF000F0F000EB80004500002358482A46D0E916
:106F000004713846F9F766F95448D0E90410891A33
:106F100060EB0300514AC2E9041032E06420B4FB84
:106F2000F0F000EB8000470000234C483A46D0E9DF
:106F300004512846F9F74EF94848D0E90410891A57
:106F400060EB0300454AC2E904101AE030E04FF458
:106F50007A70B4FBF0F000EB8000470000233F485C
:106F60003A46D0E904512846F9F734F93B48D0E9CC
:106F70000410891A60EB0300384AC2E9041000E0EB
:106F800000BF00BF334890F87211D0F8580101706B
:106F90003048D0F85801007860B32E48D0F8580136
:106FA0000078401EC1B22B48D0F85801017021E092
:106FB0000421284880F872110321D0F8580101708B
:106FC00004EB84004FEA400C244862460023D0E9D9
:106FD00004512846F9F7FEF82048D0E904108F1A2A
:106FE00060EB03010A2200233846F9F7F3F81B4A45
:106FF000C2E90401ACE20120164981F870010021C8
:10700000144880F8721190F87211D0F8580101708C
:1070100000221248026142619AE20E4890F8700123
:10702000012821D102200B4981F87001084690F80F
:107030005001012818D10846D0F85801007878B1DD
:107040000846D0F858010078401CC1B2014880F8C9
:10705000721109E04800002040420F009801002012
:107060000021FE4880F87211FC4890F85001012878
:107070003FD1FA48D0F85801007830B101280ED03D
:10708000022819D0032832D123E0F548D0E90420A2
:10709000111940F10000F24AC2E9041028E00A2068
:1070A000B4FBF0F0EE4BD3E90423801843F1000168
:1070B000EB4AC2E904011BE06420B4FBF0F0E84AAB
:1070C000D2E90432C01842F10001E54AC2E90401E4
:1070D0000EE04FF47A70B4FBF0F0E14BD3E90423F7
:1070E000801843F10001DE4AC2E9040100E000BF5C
:1070F00010E00421D94880F872110321D0F858011A
:107100000170D748D0E90420121940F10000D44999
:10711000C1E904201CE2D14890F8700101281BD17C
:107120000220CE4981F87001084690F850010128EC
:1071300012D10846D0F85801007848B10846D0F876
:1071400058010078401CC1B2C44880F8721103E0B5
:107150000021C24880F87211C04890F850010128FF
:1071600047D1BE48D0F85801007830B1012810D07E
:1071700002281DD003283AD129E0B948D0E90421DA
:1071800004EB8400101841F10001B54AC2E9040182
:107190002EE004EB84000A21B0FBF1F0B04AD2E902
:1071A0000432C01842F10001AD4AC2E904011FE0F7
:1071B00004EB84006421B0FBF1F0A94AD2E9043267
:1071C000C31842F10001A648C0E9043110E004EB05
:1071D00084004FF47A71B0FBF1F0A14AD2E9043295
:1071E000C01842F100019E4AC2E9040100E000BF5C
:1071F00012E00421994880F872110321D0F8580157
:1072000001709748D0E9043004EB8401591840F12B
:107210000000934AC2E904109AE1904890F8700186
:1072200001281BD102208D4981F87001084690F891
:107230005001012812D10846D0F85801007848B111
:107240000846D0F858010078401CC1B2834880F845
:10725000721103E00021814880F872117F4890F894
:10726000500101287BD17D48D0F85801007830B119
:1072700001281AD0022834D003286ED14DE0784876
:10728000D0E90420121B70F1000009D37448D0E942
:107290000420111B60F10000714AC2E9041003E0F0
:1072A00000226F480261426158E00A20B4FBF0F00E
:1072B0006B49D1E90431181A71F100010CD30A208D
:1072C000B4FBF0F06649D1E90421101A61F1000124
:1072D000634AC2E9040103E0002261490A614A618C
:1072E0003CE06420B4FBF0F05D49D1E90431181AA8
:1072F00071F100010CD36420B4FBF0F15848D0E9DF
:107300000430591A60F10000554AC2E9041003E044
:10731000002253490A614A6120E04FF47A70B4FBBD
:10732000F0F14F48D0E90430591A70F100000FD342
:107330004FF47A70B4FBF0F14948D0E90430591A9F
:1073400060F10000464AC2E9041005E007E004E0ED
:10735000002243480261426100E000BF1CE0404857
:10736000D0E90420121B70F1000009D33C48D0E999
:107370000420111B60F10000394AC2E9041003E047
:10738000002237490A614A610421344880F87211A9
:107390000321D0F858010170DAE0304890F870010C
:1073A00001281BD102202D4981F87001084690F870
:1073B0005001012812D10846D0F85801007848B190
:1073C0000846D0F858010078401CC1B2234880F824
:1073D000721103E00021214880F872111F4890F8D3
:1073E000500101287ED11D48D0F85801007830B1F5
:1073F00001281ED0022841D0032874D15EE018482D
:10740000D0E9043004EB8401591A70F100000BD369
:107410001348D0E9043004EB8401591A60F10000EC
:107420000F4AC2E9041003E000220D490A614A61D3
:107430006AE004EB84000A21B0FBF1F10848D0E9CE
:107440000430591A70F1000013D304EB84000A21B0
:10745000B0FBF1F10248D0E9043003E0480000201D
:1074600098010020591A60F100004A4AC2E904104C
:1074700003E0002247490A614A6145E004EB8400C9
:107480006421B0FBF1F14348D0E90430591A70F19E
:1074900000000ED304EB84006421B0FBF1F03D4901
:1074A000D1E90431181A61F100013A4AC2E9040134
:1074B00003E0002137480161416125E004EB8400CD
:1074C0004FF47A71B0FBF1F03249D1E90431181A66
:1074D00071F1000112D304EB84004FF47A71B0FB18
:1074E000F1F101E011E00EE02A48D0E90420511A40
:1074F00060F10000274AC2E9041003E00022254899
:107500000261426100E000BF20E02248D0E904317E
:1075100004EB8400181A71F100010BD31D48D0E967
:10752000042004EB8401511A60F10000194AC2E9F9
:10753000041003E0002217490A614A610421164839
:1075400080F872110321D0F85801017000E000BFEB
:1075500000BF1048D0E906100E4AD2E90432C91A19
:10756000904104D20B48D0E90621C0E90421094822
:10757000D0E90410084AD2F854210832064BDB78CF
:1075800002EBC302C2E9001001200449088100BFD8
:10759000FFF775BB9801002048000020C8060020B6
:1075A00010B504464C4840784B490978884203D1CD
:1075B0004A480078A0427DD0012C2ED14648407820
:1075C00000F0010068B146A003F052FD00204E49D2
:1075D00008604E49C1F8B00200210220F9F71FFAF5
:1075E00061E04BA003F044FD012047490860524888
:1075F0008078032806D14FF40040504908801E20AF
:10760000F9F7F2FB01204E4908600A20F9F7ECFB7C
:1076100000210120F9F703FA45E0022C43D12E485E
:10762000407800F00100B8B146A003F021FD002031
:10763000354908603549C1F8B0023F4880780328D1
:1076400005D1A0033D4908801E20F9F7CDFB00219C
:107650000220F9F7E4F926E044A003F009FD012037
:107660002949086034488078032806D14FF4004047
:10767000324908801E20F9F7B7FB01203049086025
:107680000A20F9F7B1FB2C488078032807D14FF482
:1076900000402A49891E08800A20F9F7A5FB00212D
:1076A0000120F9F7BCF93B48007828B13948007847
:1076B000012800E00FE002D100F0A0FD01E000F0A1
:1076C000D9FD0548407804490870044804704FF417
:1076D000FA70F9F789FB10BDE8010020EA010020EB
:1076E0005357204D6F646520746F20566F6C746122
:1076F00067652C20506F73697469766520766F6CAE
:1077000074616765210D0A00808242420080404218
:107710005357204D6F646520746F204375727265F6
:107720006E742C20506F736974697665206375726E
:1077300072656E74210D0A00480000201A14024080
:10774000B08240425357204D6F646520746F2056BD
:107750006F6C746167652C204E656761746976652E
:1077600020766F6C74616765210D0A005357204DB8
:107770006F646520746F2043757272656E742C207F
:107780004E656761746976652063757272656E74A3
:10779000210D0A00C00100201CB501212020FEF7A8
:1077A00089FE01210220FEF785FE4FF480500090F3
:1077B00001208DF8040000208DF8060003208DF8CC
:1077C000050001208DF8070069460548F9F7D4FD4A
:1077D0004FF48050009069460248F9F7CDFD1CBD7A
:1077E00000140240000402401848006820B1174805
:1077F0000068401E1549086015480068401C14497F
:10780000086014480068401C124908600846006877
:10781000282804D30020086001200F4908700C4874
:10782000006840F28A21884203D140200B494883F6
:107830000AE007480068B0F5307F05D940200749C5
:107840000883002002490860704700000C000020F7
:10785000040000200800002010000020001002405A
:1078600010B51548006840F47000134908601348CB
:10787000006840F001001149086000200F490831FC
:1078800008600E4800680E4908400C4908600D4821
:10789000091D0860081F006820F48020091F086087
:1078A000002006490C310860FFF7D0F84FF0006067
:1078B00001498039086010BD88ED00E000380240C1
:1078C000FFFFF6FE1030002410B50121880700F0FC
:1078D00080F9D8B10E480068F9F734FC0121880717
:1078E00000F068F90B48807802280FD10A48006838
:1078F000401C094908600846006808490968884230
:1079000004D9002004490860FEF7DAF910BD000030
:1079100008030020480000200C0300201003002072
:1079200010B501210F4800F054F9C8B10E480068A5
:10793000012803D100210D4881700DE001210B4881
:107940008170084800884FF6FE710840054908809C
:1079500000200449243108600121024800F02AF97E
:1079600010BD00000004004000824042840200205C
:1079700010B501216C4800F02CF900287AD06B4832
:10798000007818B16948007801281FD16849487803
:1079900001220021FDF758FC002066490860F9F734
:1079A0002FFA6348807800280FD1634908600120CE
:1079B0006249C1F880025E48407818B94FF400402F
:1079C0005F49088001215F488170A7E058488078AE
:1079D000032850D15C480068401C5B490860084699
:1079E0000068022816D151480078022809D1574A68
:1079F0005268126851424E4A50780122FDF724FC29
:107A00008CE0524A52681168494A50780122FDF7C9
:107A10001BFC83E04C48006803287FD34C48006877
:107A200049F64041884203D2092005F081F802E07E
:107A30001E2005F07DF83E49487801220021FDF71F
:107A400003FC3B48407818B94FF400403C4908809B
:107A500000204049087037490860F9F7D1F9002043
:107A60003949086001203549C1F8800200203A49AF
:107A7000086053E056E034480068401C3249086012
:107A800008460068022816D128480078022809D143
:107A90002E4A526812685142254A50780122FDF759
:107AA000D3FB3BE0294A52681168214A50780122F1
:107AB000FDF7CAFB32E02448006803282ED324488F
:107AC000006849F64041884203D2092005F030F8A9
:107AD00002E01E2005F02CF815494878012200210B
:107AE000FDF7B2FB002013490860F9F789F900207F
:107AF000154908600E48807880B900200E4908605A
:107B000001200E49C1F880020948407818B94FF4A5
:107B100000400B49088001210A4881700121024878
:107B200000F048F810BD0000000C0040C00100202B
:107B30004800002084824042B0824242000040421D
:107B40001A14024084020020D0020020A00200206B
:107B500014030020DC0200208002424210B50D48D0
:107B6000008A00F00100A0B100F016FB0A488078FE
:107B7000401CC0B2084988700A2804DB00F008FBEA
:107B80000020054988700348008A20F0010001495F
:107B9000088210BD00100040C806002021B10288F4
:107BA00042F08002028004E002884FF67F731A40A0
:107BB00002807047CA430282704721B1028842F0B6
:107BC0000102028004E002884FF6FE731A40028030
:107BD000704730B50246002000230024158A05EACC
:107BE0000103958905EA010413B10CB1012000E0FD
:107BF000002030BD1AB183890B43838102E0838961
:107C00008B4383817047000070B50024002200235D
:107C1000058C4FF6FE7635400584028C8388048BF4
:107C20004FF68F752C40B51E2C400D882C43751EC9
:107C30002A408D892A434D882A43104DA84202D0FC
:107C40000F4DA84213D14FF6F7752A40CD892A432C
:107C50004FF6FB752A408D882A434FF6FF652B406F
:107C60004FF6FF552B400D8A2B434D8A2B438380C3
:107C700004838D684563028470BD000000000140EC
:107C8000000401400A460021018B4FF6F7731940AA
:107C9000114301837047416370470000002202884E
:107CA000184B98420ED0184B98420BD0B0F1804F31
:107CB00008D0164B984205D0154B984202D0154B70
:107CC000984204D14FF68F731A404B881A43124BD7
:107CD000984207D0114B984204D04FF6FF431A4008
:107CE0000B891A4302804B68C3620B880385054BDE
:107CF000984202D0044B984201D18B7A038601232B
:107D000083827047000001400004014000040040ED
:107D100000080040000C004000100040001400402B
:107D200010B51C484089002833DD1A484089B0F559
:107D30007A7F2EDA17484089401C16494881084648
:107D40004089FA2825DD1448007878B11248007877
:107D5000042803DB0E20FEF785FF02E00D20FEF76E
:107D600081FF00200C4908700A4948810B480078BF
:107D700078B10A480078042803DB1020FEF772FF70
:107D800002E00F20FEF76EFF002004490870014951
:107D9000488110BDC8060020E4020020E502002052
:107DA0000288002A05DD02888A4202DA0288521C13
:107DB000028070470188002902DD0188491E018088
:107DC00070477FB505460C4601210846FEF792FB39
:107DD0001C208DF8000001208DF8010002208DF894
:107DE000020001208DF803006846FDF7D3F90295E3
:107DF000ADF804400020ADF80600ADF80C0001A974
:107E00004FF08040FFF74AFF012211469007FFF72D
:107E1000F1FE7FBD7FB505460C4601210220FEF72D
:107E200069FB1D208DF8000002208DF80100032061
:107E30008DF8020001208DF803006846FDF7AAF9CD
:107E40000295ADF804400020ADF80600ADF80C0036
:107E500001A90648FFF722FF01210448FFF7AAFE07
:107E6000012211460148FFF7C5FE7FBD0004004016
:107E70007FB505460C4601210820FEF73BFB32206A
:107E80008DF8000001208DF8010002208DF802001D
:107E900001208DF803006846FDF77CF90295ADF8E6
:107EA00004400020ADF80600ADF80C0001A906481A
:107EB000FFF7F4FE01210448FFF77CFE0122114682
:107EC0000148FFF797FE7FBD000C00407FB50546D7
:107ED0000C4601211020FEF70DFB0295ADF8044081
:107EE0000020ADF80600ADF80C0001A90D48FFF721
:107EF000D5FE012211460B48FFF77CFE01210948FF
:107F0000FFF75BFE36208DF8000002208DF801009F
:107F100003208DF8020001208DF803006846FDF76C
:107F200039F97FBD0010004010B52DED0C8B8AB0E3
:107F3000B0EE408A002008EE900A9FED4D0AB0EEA8
:107F4000409A01211020FEF7B5FA01210804FEF73E
:107F5000F1FA032205214748F9F756FA2020089044
:107F600002208DF8240000208DF8260003208DF8D3
:107F7000250001208DF8270008A93E48F9F7FCF9F3
:107F800020213C48F9F763FA9FED3B0AB0EE409A96
:107F9000B5EEC09AF1EE10FA03D8B7EE000AB0EED3
:107FA000409AB5EEC08AF1EE10FA03D29FED300A86
:107FB000B0EE408A9FED310AB4EEC08AF1EE10FABD
:107FC00003DD9FED2B0AB0EE408A2D4808EE900AA3
:107FD000F8EE680A80EE890AF7EE000A30EE600AD1
:107FE000BCEEC00A8DED060A0120ADF81400002099
:107FF000ADF81600ADF81C0005A92248FFF74EFEAB
:108000006020ADF800000120ADF80200F8EE680A2B
:1080100080EE890AF7EE000A30EE600A10EE104A90
:108020002046F8F734FB41EC1B0B18EE100AF8F76A
:108030002EFB41EC1D0B9FED140B53EC102BF8F7AE
:1080400052FA41EC1C0B53EC1B2BF8F7DAF941EC1C
:108050001A0BF8F703FB02900020ADF80C006946FC
:108060000848FFF7D1FD0AB0BDEC0C8B10BD000035
:10807000000000000010024000007A440000C842E6
:1080800080DE8002004001400000000000005940F6
:108090001CB52020009002208DF8040000208DF8EF
:1080A000060001208DF8070003208DF805006946C1
:1080B0000A48F9F761F9032205210848F9F7A4F9FC
:1080C00008210748FFF7DEFD01210548FFF766FD9F
:1080D00001210348FFF771FD1CBD000000100240A4
:1080E0000040014070B52DED0C8BB0EE408A0020B1
:1080F00008EE900A9FED200AB0EE409A9FED1F0A0D
:10810000B0EE409AB5EEC09AF1EE10FA03D8B7EE91
:10811000000AB0EE409A1A4808EE900AF8EE680A93
:1081200080EE890AF7EE000A30EE600A10EE105A6F
:108130002846F8F7ACFA41EC1B0B18EE100AF8F7DA
:10814000A6FA41EC1D0B9FED0F0B53EC102BF8F72B
:10815000CAF941EC1C0B53EC1B2BF8F752F941EC1C
:108160001A0BF8F77BFA044621460848FFF793FDFF
:10817000BDEC0C8B70BD00000000000000007A44D4
:1081800080DE8002000000000000594000400140F5
:1081900010B503F0E5FC10BD10B5FFF7C1FD1448A4
:1081A000FFF708FE1248801CFFF704FE1148FFF796
:1081B00001FE1048001DFFF7FDFD0E480830FFF7D7
:1081C000F9FD4EF66A210A48001DFFF7E9FD08484F
:1081D000001FC0680849884204D20548001FC068D3
:1081E000401C00E000200249091FC86010BD0000CB
:1081F000CC060020DA060020005C260500B585B01C
:1082000001210220FEF756F901218803FEF792F9B9
:108210000120039000208DF8100002208DF813003B
:1082200003A91348F9F7A8F800210120FEF7EEFB97
:108230000120009000208DF8040010208DF805002A
:1082400001208DF806006846F8F732FF06208DF809
:10825000080001208DF8090000208DF80A00012097
:108260008DF80B0002A8FCF795FF05B000BD0000DB
:108270000004024000B585B001210220FEF71AF982
:1082800001218803FEF756F90120039000208DF8A4
:10829000100001208DF8130003A91348F9F76CF8BA
:1082A00000210120FEF7B2FB0120009000208DF894
:1082B000040008208DF8050001208DF806006846AE
:1082C000F8F7F6FE06208DF8080001208DF8090069
:1082D00000208DF80A0001208DF80B0002A8FCF7A1
:1082E00059FF05B000BD0000000402401CB501218B
:1082F0000220FEF7DFF80220009001208DF8040034
:1083000000208DF8060003208DF8050001208DF86F
:10831000070069460348F9F72FF800200249086072
:108320001CBD000000040240848240421FB5FB488F
:10833000807801281ED0F948807820B9F8A1FA4841
:1083400002F0A6FE07E0F5488078022803D1F7A1E5
:10835000F54802F09DFEF748807818B1F54880781E
:10836000032803D10020F449086011E00120F249FC
:1083700008600DE0E9488078012809D1EFA1EA48BA
:1083800002F086FE0020EC490860EE49C1F8840244
:10839000E8480078012804D10020E7490831086046
:1083A00003E00120E44908310860E748007800282C
:1083B00069D10390E5A1DC481E3002F069FE00207F
:1083C00003900CE0039800F5C27080B20022FA21FD
:1083D0000290F9F793FF0398401C80B20390039832
:1083E0001428EFDB002003900EE00398C0F1FA00A0
:1083F00080B20022014602904FF4CC70F9F77EFF64
:108400000398401C80B2039003981228EDDB0020F3
:1084100003900CE0039800F5CC7080B20022E821B4
:108420000290F9F76BFF0398401C80B20390039809
:108430002828EFDB002003900EE00398C0F1FA003B
:1084400080B20022014602904FF4E070F9F756FF27
:108450000398401C80B2039003981228EDDB0020A3
:1084600003900CE0039800F5E07080B20022FA213E
:108470000290F9F743FF0398401C80B203900398E1
:108480001428EFDBBAE1B0480078012869D1002058
:108490000390AFA1A4481E3002F0FAFD0020039023
:1084A0000CE0039800F5C27080B20022FA2102901D
:1084B000F9F724FF0398401C80B203900398142816
:1084C000EFDB002003900DE00398FA3080B2002229
:1084D000014602904FF4CC70F9F710FF0398401C4E
:1084E00080B2039003981228EEDB002003900DE089
:1084F000039800F5CC7080B200224FF48671029090
:10850000F9F7FCFE0398401C80B2039003982828DA
:10851000EEDB002003900DE00398FA3080B20022D9
:10852000014602904FF4E070F9F7E8FE0398401C12
:1085300080B2039003981228EEDB002003900CE039
:10854000039800F5E07080B20022FA210290F9F75A
:10855000D5FE0398401C80B2039003981428EFDBEB
:108560004CE17948007802287ED10020039079A15F
:108570006D481E3002F08CFD002003900CE0039843
:1085800000F5C27080B20022FA210290F9F7B6FE1F
:108590000398401C80B2039003981428EFDB00205E
:1085A00003900EE00398C0F1FA0080B20022014669
:1085B00002904FF4CC70F9F7A1FE0398401C80B2F2
:1085C000039003981228EDDB002003900CE0039841
:1085D00000F5CC7080B20022E8210290F9F78EFEFF
:1085E0000398401C80B2039003981428EFDB00200E
:1085F00003900DE00398E83080B20022014602901B
:108600004FF4D670F9F77AFE0398401C80B20390BD
:1086100003982428EEDB002003900DE0039800F57A
:10862000D67080B200224FF486710290F9F766FE90
:108630000398401C80B2039003981428EEDB0020BE
:1086400003900DE00398FA3080B2002201460290B8
:108650004FF4E070F9F752FE0398401C80B203908B
:1086600003981228EEDB00E013E0002003900CE0FA
:10867000039800F5E07080B20022FA210290F9F729
:108680003DFE0398401C80B2039003981428EFDB52
:10869000B4E00020039030A123481E3002F0F8FC23
:1086A000002003900CE0039800F5C27080B2002215
:1086B000FA210290F9F722FE0398401C80B2039041
:1086C00003981428EFDB002003900DE00398FA30A4
:1086D00080B20022014602904FF4CC70F9F70EFEF2
:1086E0000398401C80B2039003981228EEDB002010
:1086F00003900DE0039800F5CC7080B200224FF497
:1087000086710290F9F7FAFD0398401C80B203903D
:1087100003981428EEDB0020039030E08402002050
:1087200052756E6E696E67002A0500205061757380
:1087300065000000480000208002424253746F70C0
:108740000000000000004242C001002020000000A4
:1087500020200000202020002020202000000000F9
:108760000398C0F5867080B20022014602904FF453
:10877000D670F9F7C3FD0398401C80B203900398AC
:108780002428EDDB002003900CE0039800F5D67060
:1087900080B20022E8210290F9F7B0FD0398401C56
:1087A00080B2039003981428EFDB002003900EE0C2
:1087B0000398C0F1FA0080B20022014602904FF403
:1087C000E070F9F79BFD0398401C80B2039003987A
:1087D0001228EDDB002003900CE0039800F5E07018
:1087E00080B20022FA210290F9F788FD0398401C1C
:1087F00080B2039003981428EFDB00BFFC48407858
:1088000001287DD1FBA1FD4802F042FCF8488078A8
:1088100030B1012875D0022874D0032873D1FDE34C
:10882000F7A1F6485A3002F033FCF7A1F3486A305A
:1088300002F02EFCF6A1F1487A3002F029FCF6A1F4
:10884000EE488A3002F024FCF5A1EC489A3002F0A0
:108850001FFCF6A1E948B03002F01AFCAFF220117B
:10886000E648C63002F014FCAFF22C11E348DC30CD
:1088700002F00EFCDE48407900F0020058B3DC48FC
:10888000C078012813D1DA4890F8700178B101203E
:10889000D74910310090D1E9020102460B46CDE9DB
:1088A0000201D649F231012002F070FB0EE00020F7
:1088B000CF4910310090D1E9020102460B46CDE9C3
:1088C0000201CE49F231012002F060FBDAA1DB485F
:1088D00002F0DEFB2FE0C648C078012818D1C4485A
:1088E00090F87001A0B10120C14910310090D1E988
:1088F000020102460B46CDE90201D049A03903E04E
:10890000FEE389E001E2FCE3002002F03FFB0EE021
:108910000020B74910310090D1E9020102460B4610
:10892000CDE90201C549A039002002F02FFBC4A106
:10893000C24802F0ADFBAE48407900F0010048B3F8
:10894000AB48C07890B9AA4890F8700170B1012086
:10895000A7490090D1E9040102460B46CDE9020186
:10896000B6497839012002F011FB0DE00020A04942
:108970000090D1E9040102460B46CDE90201AF495E
:108980007839012002F002FBAEA1AC480A3002F0B7
:108990007FFB28E09648C07890B9954890F8700120
:1089A00070B1012092490090D1E9040102460B46C2
:1089B000CDE90201A1497839002002F0E7FA0DE083
:1089C00000208B490090D1E9040102460B46CDE915
:1089D00002019A497839002002F0D8FA9AA1974802
:1089E0000A3002F055FBAFF2A8219448503802F04B
:1089F0004FFBAFF2B4219148143002F049FBAFF2C3
:108A0000C0218E48283802F043FBAFF2CC218B48BE
:108A10001E3002F03DFB46E379A178485A3002F05F
:108A200037FB79A175486A3002F032FB78A17348B0
:108A30007A3002F02DFB78A170488A3002F028FBD2
:108A400077A16E489A3002F023FB78A16B48B030D2
:108A500002F01EFB7DA16948C63002F019FBAFF29F
:108A600020317648B63802F013FB6148407900F0B7
:108A7000020058B35E48C078012813D15C4890F8D2
:108A8000700178B101205A4938310090D1E90201D2
:108A900002460B46CDE902016849A039012002F0E7
:108AA00075FA0EE00020524938310090D1E90201F8
:108AB00002460B46CDE902016049A039012002F0CF
:108AC00065FA5DA15D4802F0E3FA2AE04848C07803
:108AD000012813D1464890F8700178B1012044492B
:108AE00038310090D1E9020102460B46CDE902017E
:108AF0005249A039002002F049FA0EE000203C491A
:108B000038310090D1E9020102460B46CDE902015D
:108B10004A49A039002002F039FA49A1474802F039
:108B2000B7FA3348407900F0010048B33048C078C4
:108B300090B92F4890F8700170B101202C49009035
:108B4000D1E90E0102460B46CDE902013B497839D5
:108B5000012002F01BFA0DE0002025490090D1E928
:108B60000E0102460B46CDE9020134497839012055
:108B700002F00CFA33A131480A3002F089FA28E0F9
:108B80001B48C07890B91A4890F8700170B1012064
:108B900017490090D1E90E0102460B46CDE90201CA
:108BA00026497839002002F0F1F90DE00020104943
:108BB0000090D1E90E0102460B46CDE902011F49A2
:108BC0007839002002F0E2F91FA11C480A3002F0B7
:108BD0005FFA0748407900F00400E8B30448C07821
:108BE000022848D1024890F87001B0B3012035E066
:108BF00048000020566F6C74616765000C0500200A
:108C000053696E676C6500004672656552756E004B
:108C1000547261696E000000457874426E63000012
:108C200050756C736557696474680000416D706CB1
:108C300069747564650000006D7300009E06002075
:108C40007E730000560000006D560000467265718C
:108C500075656E637900000020E00CE0FE4900902D
:108C6000D1E9040102460B46CDE90201FB4901208E
:108C700002F08CF90CE00020F7490090D1E90401E2
:108C800002460B46CDE90201F449012002F07EF9CB
:108C9000F3A1F248643002F0FBF929E0EE483838DD
:108CA000C078022812D1EC48383890F8700168B1C9
:108CB0000120E9490090D1E9040102460B46CDE9C3
:108CC0000201E649012002F061F90CE00020E249CE
:108CD0000090D1E9040102460B46CDE90201DF49CB
:108CE000012002F053F9DFA1DC48643002F0D0F932
:108CF000AFF2B451D948283002F0CAF9AFF2C051EE
:108D0000D6486E3002F0C4F915E3AFF20C11D34827
:108D1000E83802F0BDF9AFF21011D048D83802F0AF
:108D2000B7F9AFF21411CD48C83802F0B1F9AFF27B
:108D30001811CA48B83802F0ABF9AFF21C11C74895
:108D4000A83802F0A5F9AFF21C11C448923802F01D
:108D50009FF9AFF20811C1487C3802F099F9C2A11D
:108D6000BE48663802F094F9BB483838407900F0C4
:108D7000020078B3B8483838C078012814D1B64812
:108D8000383890F8700178B10120B349283100904B
:108D9000D1E9020102460B46CDE90201AF49503943
:108DA000012002F0F3F80EE00020AB4928310090DA
:108DB000D1E9020102460B46CDE90201A74950392B
:108DC000012002F0E3F8AFF29011A448503002F015
:108DD0005FF92FE0FFE7A0483838C078012814D1A8
:108DE0009D48383890F8700178B101209A492831AF
:108DF0000090D1E9020102460B46CDE902019749F4
:108E00005039002002F0C2F80EE0002092492831CB
:108E10000090D1E9020102460B46CDE902018F49DB
:108E20005039002002F0B2F8AFF2EC118B4850300C
:108E300002F02EF988483838407900F0010070B30C
:108E400085483838C078A0B98348383890F8700120
:108E500078B10120804938390090D1E918010246E3
:108E60000B46CDE902017D492839012002F08EF838
:108E70000EE00020784938390090D1E91801024607
:108E80000B46CDE9020175492839012002F07EF830
:108E9000AFF2502171485A3002F0FAF82EE0FFE7A5
:108EA0006D483838C078A0B96B48383890F87001F0
:108EB00078B10120684938390090D1E9180102469B
:108EC0000B46CDE9020165492839002002F05EF821
:108ED0000EE00020604938390090D1E918010246BF
:108EE0000B46CDE902015D492839002002F04EF819
:108EF000AFF2AC2159485A3002F0CAF85648383817
:108F0000407900F0040060B353483838C078022834
:108F100013D15148383890F8700170B101204E4992
:108F200028310090D1E9040102460B46CDE9020147
:108F30004A49012002F02AF80DE000204649283174
:108F40000090D1E9040102460B46CDE902014349F4
:108F5000012002F01BF842A14048643002F098F86A
:108F60002BE03D483838C078022813D13A483838C9
:108F700090F8700170B10120374928310090D1E993
:108F8000040102460B46CDE902013449012001F0FB
:108F9000FDFF0DE00020304928310090D1E90401A7
:108FA00002460B46CDE902012C49012001F0EEFFFB
:108FB0002CA12A48643002F06BF8274838384079F1
:108FC00000F0080058B324483838C078032814D17A
:108FD0002148383890F8700178B101201E492831B5
:108FE0000090D1E9060102460B46CDE902011B497A
:108FF0002831012001F0CAFF0EE000201649283177
:109000000090D1E9060102460B46CDE90201134961
:109010002831012001F0BAFF16A101E044E004E08C
:109020000E486E3002F034F83DE00B483838C07816
:10903000032825D10848383890F8700100B3012082
:10904000009005483838C16F806F02460B46CDE965
:109050000201024928310FE0800000204E06002066
:109060004B487A00487A00004475726174696F6EEB
:109070000000000073000000002001F087FF0CE0FA
:109080000020F7490090D1E9060102460B46CDE9E0
:109090000201F449002001F079FFAFF26441F14888
:1090A000463001F0F5FF46E1AFF2AC41EE4801F089
:1090B000EFFFAFF2AC41EC48103001F0E9FFAFF246
:1090C000B041E948203001F0E3FFAFF2B441E64897
:1090D000303001F0DDFFAFF2AC41E348563001F033
:1090E000D7FFAFF27401E0486C3001F0D1FFAFF26E
:1090F0008001DD48823001F0CBFFDC48007801E0E0
:109100001AE117E118B1D9480078012812D1AFF25D
:10911000A001D548403001F0BBFFAFF2AC01D1480F
:10912000783801F0B5FFAFF2B801CE48283001F031
:10913000AFFF84E0AFF21851CB48403001F0A8FFF8
:10914000C7486038407900F0020078B3C4486038FE
:10915000C078012814D1C248603890F8700178B105
:109160000120BF4928310090D1E9020102460B4697
:10917000CDE90201BB497839012001F007FF0EE07B
:109180000020B74928310090D1E9020102460B4680
:10919000CDE90201B3497839012001F0F7FEAFF2C1
:1091A0006851B048283001F073FF2FE0FFE7AC486A
:1091B0006038C078012814D1A948603890F870014F
:1091C00078B10120A64928310090D1E90201024678
:1091D0000B46CDE90201A3497839002001F0D6FE03
:1091E0000EE000209E4928310090D1E9020102469C
:1091F0000B46CDE902019B497839002001F0C6FEFB
:10920000AFF2C4519748283001F042FF98480168F6
:10921000436893482030D0E90442614083EA020069
:1092200001430CD08E482030D0E90410904A1160E0
:10923000506016228E49891EE620F7F7D2FC884836
:109240006038407900F0010070B385486038C0781C
:10925000A0B98348603890F8700178B10120804946
:1092600020310090D1E9020102460B46CDE902010E
:109270007C495039012001F089FE0EE00020009069
:1092800077482030C168806802460B46CDE902016C
:1092900074495039012001F079FEAFF258617148EC
:1092A000323001F0F5FE2DE06D486038C078A0B98D
:1092B0006B48603890F8700178B10120684920311E
:1092C0000090D1E9020102460B46CDE90201654951
:1092D0005039002001F05AFE0EE000206049203194
:1092E0000090D1E9020102460B46CDE902015D4939
:1092F0005039002001F04AFEAFF2B46159483230D3
:1093000001F0C6FEAFF298215648283801F0C0FEA1
:10931000AFF2A42153483C3001F0BAFEAFF2B021C5
:10932000504801F0B5FEAFF2B8214E48463001F08A
:10933000AFFE00E000BFFCE34EA14B485A3801F0FD
:10934000A7FE47486038807830B101286AD00228EB
:1093500069D0032868D1EDE3AFF25C71424801F0B7
:1093600097FEAFF25C714048103001F091FEAFF211
:1093700060713D48203001F08BFEAFF264713A48D5
:10938000303001F085FEAFF268713748403001F0AF
:109390007FFEAFF268713448563001F079FEAFF2CB
:1093A000303131486C3001F073FEAFF23C312E4861
:1093B000823001F06DFE2A486038407900F00200EA
:1093C00078B327486038C078012814D12448603821
:1093D00090F8700178B10120214958310090D1E90D
:1093E000020102460B46CDE902011E4978390120EF
:1093F00001F0CCFD0EE00020194958310090D1E970
:10940000020102460B46CDE90201164978390120D6
:1094100001F0BCFDAFF2E0711248283001F038FED7
:109420003FE002E0B7E023E2FEE30D486038C07899
:10943000012823D10A48603890F87001F0B101206A
:10944000074958310090D1E9020102460B46CDE9A7
:10945000020104497839002001F098FD1BE000006A
:10946000A80000207606002066050020C00100202C
:109470004A03002043757272656E74000020F8493B
:109480000090D1E9020102460B46CDE90201F549FF
:10949000002001F07BFDAFF65801F248A03001F04A
:1094A000F7FDEF48B838407900F0100068B3EC4899
:1094B000B838C078A0B9EA48B83890F8700178B1E7
:1094C0000120E74908390090D1E9020102460B4624
:1094D000CDE90201E3492831012001F057FD0EE0FA
:1094E0000020DF4908390090D1E9020102460B460D
:1094F000CDE90201DB492831012001F047FDDAA165
:10950000D848AA3001F0C4FD2CE0D548B838C0785E
:10951000A0B9D348B83890F8700178B10120D0498B
:1095200008390090D1E9020102460B46CDE902015B
:10953000CC492831002001F029FD0EE00020C84967
:1095400008390090D1E9020102460B46CDE902013B
:10955000C4492831002001F019FDC4A1C148AA3036
:1095600001F096FDAFF2F841BE48503001F090FD99
:10957000AFF20451BB48B43001F08AFDAFF2105194
:10958000B848783001F084FDAFF21C51B548BE30C8
:1095900001F07EFD16E3AFF69811B248983801F05D
:1095A00077FDAFF69C11AF48883801F071FDAFF63A
:1095B000A011AC48783801F06BFDAFF6A411A948B2
:1095C000683801F065FDAFF6A811A648583801F0DB
:1095D0005FFDAFF6A811A348423801F059FDAFF680
:1095E0009411A0482C3801F053FDAFF27C519D48F6
:1095F000163801F04DFD9A48B838407900F0020065
:1096000068B39748B838C078012813D19448B8385F
:1096100090F8700170B101200090914820304169AC
:10962000006902460B46CDE902018E49012001F096
:10963000ADFC0DE0002000908948203041690069B0
:1096400002460B46CDE902018649012001F09EFC4D
:10965000AFF61C218348A03001F01AFD2CE08048B1
:10966000B838C078012813D17D48B83890F8700117
:1096700070B101207A4928310090D1E902010246F7
:109680000B46CDE902017749002001F07FFC0DE097
:109690000020734928310090D1E9020102460B46AF
:1096A000CDE902016F49002001F070FCAFF6702196
:1096B0006C48A03001F0ECFC6948B838407900F003
:1096C000100068B36648B838C078A0B96448B838A4
:1096D00090F8700178B10120614920310090D1E902
:1096E000020102460B46CDE902015E492831012004
:1096F00001F04CFC0EE00020594920310090D1E9E6
:10970000020102460B46CDE90201564928310120EB
:1097100001F03CFC54A15348AA3001F0B9FC2CE004
:109720004F48B838C078A0B94D48B83890F87001A3
:1097300078B1012000904A482030C1688068024614
:109740000B46CDE9020147492831002001F01EFCFB
:109750000EE00020009042482030C1688068024638
:109760000B46CDE902013F492831002001F00EFCF3
:109770003EA13C48AA3001F08BFC3948B83840790A
:1097800000F0040078B33648B838C078022814D105
:109790003348B83890F8700178B101203049283149
:1097A0000090D1E9040102460B46CDE902012D49A2
:1097B0005031012001F0EAFB0EE000202849283159
:1097C0000090D1E9040102460B46CDE9020125498A
:1097D0005031012001F0DAFBAFF27C712148B43046
:1097E00001F056FC2FE0FFE71D48B838C07802288A
:1097F00014D11B48B83890F8700178B1012000905E
:1098000017482030C169806902460B46CDE9020144
:1098100014495031012001F0B9FB0EE00020009006
:109820000F482030C169806902460B46CDE902012C
:109830000C495031012001F0A9FBAFF2D871094861
:10984000B43001F025FCAFF2D8710648783001F051
:109850001FFCAFF2E4710348BE3001F019FCF2E2E4
:1098600000010020FE0500206D4100007E41000047
:10987000AFF67441FE4801F00BFCAFF67441FC48B2
:10988000103001F005FCAFF67841F948203001F0C6
:10989000FFFBAFF67C41F648303001F0F9FBAFF644
:1098A0008041F348403001F0F3FBAFF68041F048CF
:1098B000563001F0EDFBAFF66C41ED486C3001F035
:1098C000E7FBAFF65C01EA48823001F0E1FBE948D2
:1098D000407900F0020058B3E648C078012812D160
:1098E000E44890F8700170B10120E3490090D1E99B
:1098F000020102460B46CDE90201DD499831012003
:1099000001F044FB0EE000200090DB48083841697C
:10991000006902460B46CDE90201D5499831012084
:1099200001F034FBAFF6F041D44801F0B1FB29E07F
:10993000D048C078012812D1CE4890F8700170B19B
:109940000120CD490090D1E9020102460B46CDE944
:109950000201C7499831002001F018FB0DE00020FA
:10996000C5490090D1E9020102460B46CDE902014A
:10997000BF499831002001F009FBAFF63C51BF48C8
:1099800001F086FBBB48407900F0100060B3B94895
:10999000C07898B9B74890F8700178B1012000906C
:1099A000B5480838C168806802460B46CDE9020117
:1099B000B2497839012001F0E9FA0EE00020AE4901
:1099C00008390090D1E9020102460B46CDE90201B7
:1099D000AA497839012001F0D9FAAFF27411A748E9
:1099E0000A3001F055FB2BE0A248C07898B9A14895
:1099F00090F8700178B101209F4908390090D1E9B1
:109A0000020102460B46CDE902019C49783900204B
:109A100001F0BCFA0EE00020974908390090D1E926
:109A2000020102460B46CDE9020194497839002033
:109A300001F0ACFAAFF2CC1190480A3001F028FBEB
:109A40008C48407900F0040068B38A48C078022846
:109A500013D1884890F8700178B1012000908648B1
:109A60000838C169806902460B46CDE90201834985
:109A70005039012001F08AFA0EE0002000907E4863
:109A80000838C169806902460B46CDE902017B496D
:109A90005039012001F07AFAAFF63C2177481430B2
:109AA00001F0F6FA2BE07348C078022813D1714810
:109AB00090F8700178B1012000906F480838C169B2
:109AC000806902460B46CDE902016C4950390120FC
:109AD00001F05CFA0DE0002067490090D1E9040133
:109AE00002460B46CDE9020164495039012001F0DC
:109AF0004DFAAFF690216148143001F0C9FA5D4883
:109B0000407900F0080078B35A48C078032815D18E
:109B1000584890F8700188B1012057490090D1E968
:109B2000060102460B46CDE90201544928390120BD
:109B300001E089E147E001F029FA0EE00020009001
:109B40004D480838416A006A02460B46CDE90201D9
:109B50004A492839012001F019FAAFF6E8214748AF
:109B60001E3001F095FA2DE0FFE74248C078032847
:109B700013D1404890F8700178B1012000903E4820
:109B80000838416A006A02460B46CDE902013B49AA
:109B90002839002001F0FAF90EE000200090364844
:109BA0000838416A006A02460B46CDE90201334992
:109BB0002839002001F0EAF9AFF684712F481E30F1
:109BC00001F066FA3FE1AFF6C871294801F060FA8A
:109BD000AFF6CC712648103001F05AFAAFF6D071CA
:109BE0002348203001F054FAAFF6D47120483030C9
:109BF00001F04EFAAFF6CC711D48563001F048FA2C
:109C0000AFF694311A486C3001F042FAAFF6A03149
:109C10001748823001F03CFA1948007818B118480A
:109C20000078012813D100E00CE1AFF6BC311048F8
:109C3000403001F02DFAAFF6C8310D48983001F0F0
:109C400027FAAFF6D4310D4801F022FA83E00D492E
:109C50000748403001F01CFA0648407900F0020045
:109C6000B0B30448C07801281FD102480CE00000BE
:109C70006605002048000020500100209E060020BC
:109C8000C0010020208C000890F8700168B101200C
:109C90006E490090D1E9020102460B46CDE902016E
:109CA0006B49012001F072F90CE000206749009037
:109CB000D1E9020102460B46CDE9020164490120C7
:109CC00001F064F963A16248A03001F0E1F929E0F4
:109CD000FFE76148C078012812D15F4890F8700111
:109CE00070B1012000905948083841690069024666
:109CF0000B46CDE902015649002001F047F90CE07E
:109D0000002052490090D1E9020102460B46CDE9FC
:109D100002014F49002001F039F950A14C48A03010
:109D200001F0B6F94E480168426848480838D0E961
:109D30000434594082EA040001430CD043480838F7
:109D4000D0E90410464A11605060162244490A398D
:109D5000E620F6F746FF4048407900F0100060B377
:109D60003D48C07898B93C4890F8700178B101201E
:109D7000364908390090D1E9020102460B46CDE987
:109D8000020133492831012001F000F90EE00020E2
:109D900000902E480838C168806802460B46CDE91D
:109DA00002012B492831012001F0F0F8AFF24851AF
:109DB0002748AA3001F06CF92BE02748C07898B901
:109DC000254890F8700178B1012000901F480838AC
:109DD000C168806802460B46CDE902011C49283162
:109DE000002001F0D3F80EE000200090174808385A
:109DF000C168806802460B46CDE90201144928314A
:109E0000002001F0C3F8AFF29C511148AA3001F0D4
:109E10003FF9AFF6A4510E48503001F039F9AFF6D2
:109E2000B0510B48B43001F033F9AFF6BC510848DB
:109E3000783001F02DF9AFF6C8510548BE3001F079
:109E400027F900E000BF00BF1FBD0000780100201F
:109E5000FE0500206D730000480000207E730000A6
:109E60005203002008B501F0F9F842F20410F8F7A7
:109E7000C9F901F0F3F84FF4AD40D6239E2200213A
:109E800000909420F8F77AFA08BD000000B585B07C
:109E9000FE4890F8BA01012803D10220FB4981F85D
:109EA000BA01FA490F31F948F6F7DEF920B9F74857
:109EB00090F8BA0102281BD146F2C330F449088059
:109EC00000204880084640880988F04A1823CDE9D8
:109ED0000132CDE903102A209E23E52200210090C3
:109EE0000620FBF7B5FAE94901F10F00F6F7CAF9C8
:109EF000E6492D31A1F10F00F6F7B6F920B9E34894
:109F000090F8BA01022827D1E2488078012804D1CC
:109F10004FF44840DE49088003E04FF4AD40DC498F
:109F200008800020DA494880084640880988D74AD6
:109F30001E321823CDE90132CDE903102A209E23D9
:109F4000E522A42100900720FBF782FACF491E31B9
:109F500001F10F00F6F796F9CC494B31A1F10F0052
:109F6000F6F782F920B9C94890F8BA0102281ED143
:109F70004FF2E760C64908800020488008464088C4
:109F80000988C24A3C321823CDE90132CDE90310D9
:109F90002A209E23E5224FF4A47100900820FBF7AD
:109FA00057FABA493C3101F10F00F6F76BF9B7499E
:109FB0006231A1F10800F6F757F920B9B34890F8DB
:109FC000BA01022853D1B448807828BB4FF4AD4081
:109FD000AF49088000204880084641880088AB4A85
:109FE0005A321823CDE90132CDE903013420882308
:109FF0000022114600900120FBF72AFA4FF4AD40F1
:10A00000A349088008460088342393220021009049
:10A010008920F8F7B3F924E04AF655509C490880A6
:10A0200000204880084640880988984A5A321823F8
:10A03000CDE90132CDE903103420882300221146F6
:10A0400000900120FBF704FA42F2041090490880C6
:10A050000846008834239322002100908920F8F7D5
:10A060008DF98A495A3101F10800F6F70BF9874951
:10A070007231A1F10800F6F7F7F820B9834890F89B
:10A08000BA01022854D184488078012825D14FF4A0
:10A09000AD407F49088000204880084641880088FC
:10A0A0007A4A6A321823CDE90132CDE9030134201E
:10A0B00088233622002100900120FBF7C9F94FF4D4
:10A0C000AD4073490880084600886A2393223621F0
:10A0D00000908920F8F752F924E04AF655506C496F
:10A0E000088000204880084640880988674A6A320C
:10A0F0001823CDE90132CDE903103420882336221C
:10A10000002100900120FBF7A3F942F204106049FE
:10A110000880084600886A2393223621009089200F
:10A12000F8F72CF959496A3101F10800F6F7AAF855
:10A1300056498231A1F10800F6F796F820B9534844
:10A1400090F8BA01022854D153488078022825D1CA
:10A150004FF4AD404E4908800020488008464088B2
:10A1600009884A4A7A321823CDE90132CDE9031031
:10A17000342088236C22002100900120FBF768F92D
:10A180004FF4AD404249088008460088A02393223E
:10A190006C2100908920F8F7F1F824E04AF6555038
:10A1A0003B49088000204880084640880988374A93
:10A1B0007A321823CDE90132CDE903103420882307
:10A1C0006C22002100900120FBF742F942F20410BA
:10A1D0002F49088008460088A02393226C21009014
:10A1E0008920F8F7CBF829497A3101F10800F6F710
:10A1F00049F826499231A1F10800F6F735F820B95F
:10A20000224890F8BA0102285CD1234880780328BC
:10A2100025D14FF4AD401E490880002048800846F3
:10A2200041880088194A8A321823CDE90132CDE9E4
:10A23000030134208823A222002100900120FBF793
:10A2400007F94FF4AD401249088008460088D6232C
:10A250009322A22100908920F8F790F82DE04AF689
:10A2600055500B49088000204880084640880988DE
:10A27000064A8A321823CDE90132CDE90310342091
:10A280008823A22200210090012007E00C05002075
:10A29000C40200208402002048000020FBF7D8F808
:10A2A00042F20410FB49088008460088D623932216
:10A2B000A22100908920F8F761F8F74901F1080020
:10A2C000F5F7E0FFF4491B31A1F10B00F5F7CCFFE6
:10A2D00028B9F1488A3890F8BA0102282AD1EF4803
:10A2E000C078012806D04AF65550EA490880002077
:10A2F000488006E044F22820E64908804AF251608E
:10A300004880E4484088E3490988E34A1032102332
:10A31000CDE90132CDE9031034206F2336229E218E
:10A3200000900220FBF794F8DB49103101F10B009B
:10A33000F5F7A8FFD8493131A1F10B00F5F794FFEB
:10A3400028B9D5488A3890F8BA01022828D1D348CC
:10A35000C07830B14AF65550CE4908800020488078
:10A3600006E044F22820CB4908804AF25160488038
:10A37000C84841880088C84A26321023CDE90132F6
:10A38000CDE9030134206F2300229E21009002209A
:10A39000FBF75EF8C049263101F10B00F5F772FFBB
:10A3A000BD494731A1F10B00F5F75EFF28B9BA4866
:10A3B0008A3890F8BA0102282AD1B848C078022811
:10A3C00006D04AF65550B34908800020488006E080
:10A3D00044F22820AF4908804AF251604880AD48D5
:10A3E0004088AC490988AC4A3C321023CDE901329F
:10A3F000CDE9031034206F236C229E2100900220AF
:10A40000FBF726F8A4493C3101F10B00F5F73AFFC0
:10A41000A1495D31A1F10B00F5F726FF28B99E484F
:10A420008A3890F8BA01022829D19C48C0780328BC
:10A4300006D04AF65550974908800020488006E02B
:10A4400044F22820934908804AF25160488091489C
:10A4500041880088904A52321023CDE90132CDE97B
:10A46000030134206F23A2229E2100900220FAF7DC
:10A47000EFFF8949523101F10B00F5F703FF8649DF
:10A480007C31A1F11400F5F7EFFE28B982488A3833
:10A4900090F8BA0102283DD18048C078012819D02F
:10A4A0004AF655507B49088000204880084640887D
:10A4B0000988794A68321023CDE90132CDE90310C9
:10A4C0003420812336224FF4877100900320FAF75D
:10A4D000BFFF19E042F204106E4908804AF2516051
:10A4E00048800846418800886B4A68321023CDE9CD
:10A4F0000132CDE903013420812336224FF48771E4
:10A5000000900420FAF7A4FF6349683101F11400B8
:10A51000F5F7B8FE6049A431A1F11400F5F7A4FEE7
:10A5200028B95D488A3890F8BA0102283CD15B48C6
:10A53000C078C8B14AF65550564908800020488076
:10A54000084640880988544A90321023CDE90132E8
:10A55000CDE903103420812300224FF4877100904D
:10A560000320FAF775FF19E042F204104949088008
:10A570004AF251604880084641880088464A903235
:10A580001023CDE90132CDE90301342081230022DB
:10A590004FF4877100900420FAF75AFF3E4990313A
:10A5A00001F11400F5F76EFE3B49CC31A1F1140026
:10A5B000F5F75AFE28B938488A3890F8BA010228C7
:10A5C0003DD13648C078022819D04AF65550314955
:10A5D0000880002048800846418800882E4AB8320A
:10A5E0001023CDE90132CDE90301342081236C220F
:10A5F0004FF4877100900320FAF72AFF19E042F226
:10A600000410244908804AF2516048800846408876
:10A610000988214AB8321023CDE90132CDE903106F
:10A62000342081236C224FF4877100900420FAF7C4
:10A630000FFF1949B83101F11400F5F723FE16494F
:10A64000F431A1F11400F5F70FFE28B912488A3849
:10A6500090F8BA01022841D11048C07803281FD0D1
:10A660004AF655500B49088000204880084640882B
:10A670000988094AE0321023CDE90132CDE90310FF
:10A6800034208123A2224FF4877100900320FAF72F
:10A69000DFFE1EE0C40200209605002048000020D6
:10A6A00042F204107D4908804AF251604880084611
:10A6B000418800887A4A1023CDE90132CDE90301AF
:10A6C00034208123A2224FF4877100900420FAF7EE
:10A6D000BFFE734901F11400F5F7D4FD70492D3127
:10A6E000481FF5F7C1FD20B96E4890F8BA0102285D
:10A6F00029D16D48C078012806D04AF655506749DF
:10A7000008800020488006E044F228206349088041
:10A710004AF251604880614841880088604A283286
:10A720001023CDE90132CDE9030134204E23362236
:10A730004FF4C87100900520FAF78AFE5849283175
:10A74000481DF5F79FFD56493731481FF5F78CFD39
:10A7500020B9544890F8BA01022829D15248C0784B
:10A7600030B14AF655504D4908800020488006E037
:10A7700044F22820494908804AF2516048804748FD
:10A78000408846490988464A32321023CDE90132D1
:10A79000CDE9031034204E2300224FF4C8710090FD
:10A7A0000520FAF755FE3E493231481DF5F76AFD9E
:10A7B0003B494131481FF5F757FD20B9394890F81A
:10A7C000BA01022829D13848C078022806D04AF6B2
:10A7D0005550324908800020488006E044F2282085
:10A7E0002E4908804AF2516048802C4841880088F0
:10A7F0002B4A3C321023CDE90132CDE9030134204C
:10A800004E236C224FF4C87100900520FAF720FE09
:10A8100023493C31481DF5F735FD21494B31481F8F
:10A82000F5F722FD20B91F4890F8BA01022829D176
:10A830001D48C078032806D04AF6555017490880AD
:10A840000020488006E044F22820144908804AF29B
:10A8500051604880114841880088114A46321023CF
:10A86000CDE90132CDE9030134204E23A2224FF479
:10A87000C87100900520FAF7EBFD09494631481DE3
:10A88000F5F700FD074890F8BA01022803D100202F
:10A89000044981F8BA0105B000BD0000C4020020DF
:10A8A000760600200C050020480000201FB5044655
:10A8B00000F0D4FBFDF73AFD00F0D0FBFFF7E6FA1D
:10A8C00000F0CCFB3048007828B96420F8F792F803
:10A8D00001202D490870012C54D100F0BFFB42F239
:10A8E0000410C1234FF4D77234210090C820F7F729
:10A8F00045FD4FF4AD4042F2041124A21823CDE9E6
:10A900000032CDE90210B0234FF4B47242214FF46B
:10A910008770F8F701FB00F0A1FB4FF4AD4042F265
:10A9200004111CA21023CDE90032CDE90210BE2390
:10A930004FF4D7726E21DC20F8F7EEFA4FF4AD40F9
:10A9400042F2041119A21023CDE90032CDE9021020
:10A95000BE234FF4D7728A21DC20F8F7DDFA00F02D
:10A960007DFB4FF4AD4042F2041115A21023CDE956
:10A970000032CDE90210BE234FF4D772A621DC20AD
:10A98000F8F7CAFA1FBD0000C80200205761726EB6
:10A99000696E670045786365656420746865207337
:10A9A0006166652076616C7565000000436F6E74AA
:10A9B000696E75653A50726573732052554E00008A
:10A9C00043616E63656C3A507265737320504155F4
:10A9D0005345000010B5044600F040FBF5F7E1FBDD
:10A9E0008648807830B1012842D002287ED00428E1
:10A9F0007DD1BBE0012C18D181494868FBF748FAAA
:10AA000030B98048007840F002007E4908702EE09E
:10AA10007C48007820F002007A4908700846807867
:10AA2000012824D0FBF74CF921E0022C1FD17348F8
:10AA30004078012805D1714800697149496808606A
:10AA400005E06E48D0F8B8006D49496808606C4868
:10AA50004068006858B96B48007820F002006949E6
:10AA6000087008468078012801D0FBF729F990E0AA
:10AA7000012C18D162494868FBF760F930B9614888
:10AA8000007840F002005F4908702EE05D480078D1
:10AA900020F002005B49087008468078012824D025
:10AAA000FBF70EF921E0022C1FD154484078012811
:10AAB00005D15248806B52494968086005E04F480B
:10AAC000D0F8E0004E49496808604D484068006889
:10AAD00058B94C48007820F002004A4908700846EE
:10AAE0008078012801D0FBF7EBF852E000E04FE05E
:10AAF000012C18D142494868FBF7E4FB30B94148C2
:10AB0000007840F002003F4908702EE03D48007890
:10AB100020F002003B49087008468078012824D0C4
:10AB2000FBF7CEF821E0022C1FD1344840780128F1
:10AB300005D13248006E32494968086005E02F4867
:10AB4000D0F808012E49496808602D48406800681F
:10AB500058B92C48007820F002002A4908700846AD
:10AB60008078012801D0FBF7ABF812E02648407846
:10AB700006280AD2DFE800F003040506070805E00E
:10AB800004E003E002E001E000E000BF00BF00E0FD
:10AB900000BF00BF012C2DD119484068C0681B4977
:10ABA000498901EB810100EB41008088184949681F
:10ABB000086013484068C0681449498901EB810165
:10ABC00000EB4100C0881349496808800C48406880
:10ABD000C0680E49498901EB810100EB4100008901
:10ABE0000D4949680860002008494881002107484C
:10ABF000C1600161F5F7D7FA10BD000048000020E0
:10AC0000A002002084020020A02A00203C04002092
:10AC100024020020440200206402002010B5064CEB
:10AC2000D4E90010884202D14FF6FF7010BD4FF4F6
:10AC30007A7000F003F8F9E73042002010B50246C0
:10AC40000B49134606E0581E80B2031E02D14FF690
:10AC5000FF7010BDD1E90040A042F4D00C794868E3
:10AC6000401C04F03F04486001F10800005DF0E77B
:10AC70003042002070B51B4C40F225511A4800F0BC
:10AC80005DF8F0B140F22551174800F03CF8164845
:10AC900000F00EF9C5B2D4E90001401A402808D2EC
:10ACA000207800F03F0104F1080045542068401C62
:10ACB000206020782179401A00F03F000B4908807D
:10ACC0000FE040F22441084800F038F848B1064847
:10ACD0000088C6B20448001D0088C6B2012004499D
:10ACE000087070BD30420020001401401A0300209B
:10ACF0001803002001F40072B2F5007F00D100BFFC
:10AD0000CA430280704710B50022002340F66A143F
:10AD1000A14200D100BF0A1201249440A3B2DC4337
:10AD2000048010BD21B1828942F40052828104E086
:10AD300082894DF6FF731A408281704770B50246D2
:10AD4000002400230025002040F66A16B14200D1FD
:10AD500000BFC1F3421501F01F03012606FA03F3F9
:10AD6000012D02D19689334006E0022D02D1168AC8
:10AD7000334001E0968A33400C12012606FA04F4AF
:10AD80001688344013B10CB1012000E0002070BDE2
:10AD9000F0B50346002400260025002040F66A177F
:10ADA000B94200D100BF1846C1F3421401F01F069A
:10ADB000012707FA06F5012C01D10C3004E0022C22
:10ADC00001D1103000E014301AB107682F4307603A
:10ADD00002E00768AF430760F0BD00002DE9FF47C0
:10ADE00005460E460024A14600BFA046B08900B12A
:10ADF00000BF2C8A24F44054F08804432C82AC8990
:10AE000041F20C608443B08831890843718908435A
:10AE10000443AC81AC8A24F44074B0890443AC820E
:10AE20006846FBF7B1FB2048854202D01F488542A7
:10AE300002D1DDF80C9001E0DDF80890A88900F45B
:10AE4000004040B109EBC90000EB0910316849002E
:10AE5000B0FBF1F707E009EBC90000EB091031681E
:10AE60008900B0FBF1F76420B7FBF0F00401200982
:10AE7000642101FB1078A88900F4004040B1322021
:10AE800000EBC800B0FBF1F000F00700044308E05D
:10AE9000322000EB08106421B0FBF1F000F00F004D
:10AEA00004432C81BDE8FF870010014000140140DD
:10AEB00001468888C0F30800704700BFFEE7000025
:10AEC00010B588B0044601214020FBF7F3FA0121B8
:10AED0002020FBF72FFB082209212A48F6F794FAD5
:10AEE00008220E212748F6F78FFA4FF48440069087
:10AEF00002208DF81C0003208DF81D0000208DF825
:10AF00001E0001208DF81F0006A91E48F6F734FA2E
:10AF100002940020ADF80C00ADF80E00ADF8100062
:10AF2000ADF814000C20ADF8120002A91648FFF786
:10AF300055FF40211448FFF7DDFE10211248FFF7AE
:10AF4000D9FE012240F225510F48FFF721FF0122CF
:10AF500040F224410C48FFF71BFF47208DF8040006
:10AF600002208DF8050003208DF8060001208DF8E1
:10AF7000070001A8FAF70EF901210348FFF7D2FEF6
:10AF800008B010BD00180240001401402DE9FC413A
:10AF900006460F4614461D46DDF82080C6B3B8F1BC
:10AFA000000F2AD02A48C0684FF47A71B0FBF1F242
:10AFB00001FB1200C82804D226A1384600F068F828
:10AFC00043E00A21244890F8720122462B46CDE93D
:10AFD00000013946304601F07DFA1F4890F87001B3
:10AFE000012832D10A20042122462B46CDE9001047
:10AFF0003946304601F06EFA27E00A200421224645
:10B000002B46CDE900103946304601F063FA1CE0CA
:10B01000FFE7B8F1000F0ED00D48C0684FF47A7109
:10B02000B0FBF1F201FB1200C82804D209A1384696
:10B0300000F02EF809E00A20002122462B46CDE937
:10B0400000103946304601F045FABDE8FC810000A9
:10B05000C8060020000000004800002010B54FF492
:10B0600080510248F6F7F7F910BD000000080240D1
:10B070000FB4054B10B503A9044A029800F030F94B
:10B0800010BC5DF814FB0000C9BB00081C030020C5
:10B090000FB4084B10B504A902AA039800F020F9D8
:10B0A000044602A9002000F09EFC204610BC5DF87A
:10B0B00014FB0000E7B9000800B52DED048BB0EEDD
:10B0C000409AF0EE609A83B051EC190BF5F7E9FB6A
:10B0D00041EC180B18EE100A18EE901A8DED008B4B
:10B0E000002818BF0120084320F00040C0F17F6015
:10B0F00000F1E040C00F14D019EE101A19EE900ABA
:10B100008DED009B002918BF0121084320F000406D
:10B11000C0F17F6000F1E040C00F04BF012000F0EB
:10B1200017F8B0EE480A03B0F0EE680ABDEC048BE5
:10B1300000BD02E008C8121F08C1002AFAD17047FA
:10B140007047002001E001C1121F002AFBD17047A7
:10B150000149086070470000440300202DE9FF5FAB
:10B1600082B00021DDE90430020DDDF840B0034378
:10B1700018D044F61050A2F2FF3242431514119831
:10B1800001281FD0A5EB0B00401C5FEA000A4FF01E
:10B1900000064E4FDFF83891B046504615D5CAF13B
:10B1A000000413E0119801244AA3012801D16FEA99
:10B1B0000B010298119AC0E90031C0E9024206B0C1
:10B1C000BDE8F09FCBF10000DFE704460021404AD4
:10B1D000491842EB0450CDE9001012E0E00707D017
:10B1E00032463B4640464946F5F70BF980468946CC
:10B1F00032463B4610461946F5F703F906460F4618
:10B200006410002CEAD1DDE90401DDE90023BAF184
:10B21000000F06DAF5F7F5F842464B46F5F7F1F878
:10B2200005E0F5F760F942464B46F5F75CF9044650
:10B230000E460022284BF5F79DFB03D84FF0FF3058
:10B24000014607E00022254B20463146F5F732F84B
:10B25000F5F778FB102409E0002C0ADB0A22002312
:10B26000F4F7B8FF039B30321A55641E50EA01020E
:10B27000F2D1641C039AC4F111031444119A012AF7
:10B2800003D0012208430DD10AE0084304D0002076
:10B290004FF0110B119072E7A3EB0B056D1E0DE043
:10B2A0005B4504DD4FF0000205F1010504E003DA1F
:10B2B0004FF00002A5F10105002AECD00298119987
:10B2C000C0E90231C0E9004579E700000000144000
:10B2D0000000F03F300000000000F0430000E03FBD
:10B2E0002DE9FF4F95B09A46884606460025EEE1C7
:10B2F000252877D100242746F94A0121039400E04C
:10B30000044316F8013F203B01FA03F01042F7D145
:10B3100030782A2811D06FF02F033078A0F1300256
:10B32000092A16D8039A44F0020402EB820203EBC6
:10B3300042021044761C0390EFE758F8042B039266
:10B34000002A03DA504244F40054039044F002040B
:10B35000761C30782E2816D116F8010F44F004041C
:10B360002A280DD06FF02F023078A0F13003092B7E
:10B3700009D807EB870302EB4303C718761CF3E7F2
:10B3800058F8047B761C30786C280FD006DC4C28EB
:10B3900017D068280DD06A2814D104E0742810D082
:10B3A0007A280FD10DE044F400140AE044F480142C
:10B3B00001E044F440147278824202D104F5801412
:10B3C000761C761C307866280BD013DC582877D092
:10B3D00009DC002875D04528F6D04628F4D0472847
:10B3E0001AD193E118E0632835D0642879D0652814
:10B3F00012D18BE1702873D008DC6728F1D069285E
:10B400006FD06E280DD06F2806D1ACE073282CD0F9
:10B41000752874D0782853D05246179990476D1CE0
:10B4200054E1C4F30250022809D003280DD0D8F803
:10B43000001004280DD00D6008F1040846E1D8F88A
:10B440000010EA17C1E90052F6E7D8F800100D80A5
:10B45000F2E70D70F0E718F8041B8DF800100020DB
:10B460008DF80100EB46012003E058F804BB4FF0D3
:10B47000FF3061074FF0000102D40DE009F1010136
:10B480008946B9420FDA8145F8DB1BF8091000291B
:10B49000F4D108E009F1010189468142FADB1BF889
:10B4A00009100029F6D103985346A0EB090721465D
:10B4B0003846179A00F080FA284400EB090507E0A7
:10B4C00044E008E10DE01BF8010B52461799904744
:10B4D000B9F10109F7D2534621463846179AF2E0EE
:10B4E00039E00A21C4F302524FF0000B0091022A06
:10B4F00006D058F8040BC117032A09D00AE023E04C
:10B5000008F1070020F00702F2E80201904605E08A
:10B5100000B2C117042A01D140B2C117002906DACE
:10B520000A460021404261EB02012D2202E0220581
:10B5300004D52B228DF80420012203E0E20701D07C
:10B540002022F7E7914657E00A2100E010214FF052
:10B55000000B00910BE010214FF0000B44F00404AD
:10B560000827009103E008204FF0000B0090C4F37F
:10B570000252022A05D058F8040B0021032A08D0F1
:10B5800008E008F1070020F00702F2E80201904607
:10B5900003E080B2042A00D1C0B24FF000092207B4
:10B5A0002AD53278702A07D0DDF800C08CF0100C54
:10B5B0005CEA0B0C05D00EE040228DF8042001223D
:10B5C00008E050EA010306D030238DF804308DF8EE
:10B5D000052002229146009B83F0080353EA0B03E7
:10B5E0000AD150EA010201D1620705D530228DF857
:10B5F00004204FF001097F1E3278582A04D039A266
:10B600000C920CAA02920BE03BA2F9E75B46009A6F
:10B61000F4F7E0FD0C9B9B5C029A521E02921370A1
:10B6200050EA0102F2D1029804A9081A00F1200B95
:10B63000600702D524F4803400E001275F4502DD75
:10B64000A7EB0B0000E0002000EB0B01009003983B
:10B650004944401A0390E00306D453462146179A02
:10B66000039800F0A9F90544002706E001A8524616
:10B67000C05D179990476D1C7F1C4F45F6DBE003BA
:10B680000CD553462146179A039800F095F90544C6
:10B6900004E030205246179990476D1C0099481ECF
:10B6A00000900029F5DC08E00298029952460078E3
:10B6B000491C0291179990476D1CBBF10001ABF139
:10B6C000010BF1DC5BE100F065F90544761C307894
:10B6D00000287FF40DAE19B02846BDE8F08F0000B9
:10B6E0000928010030313233343536373839616258
:10B6F000636465660000000030313233343536371C
:10B70000383941424344454600000000600700D4F8
:10B71000062708F1070020F00700F0E80223804622
:10B7200003F0004C5FEA0C0001D097A009E020056F
:10B7300001D596A005E0E00701D095A001E0AFF2A9
:10B740004C001390307823F0004365280CD006DCC1
:10B75000452809D046281DD047287FD13BE06628E0
:10B7600018D067287AD136E00021112F01DB112093
:10B7700000E0781CCDE9000104A90CA8FFF7EEFC5D
:10B78000DDE90D010C9A4FF0000B07F10109109251
:10B7900000914EE04FF000400097CDE9011004A960
:10B7A0000CA8FFF7DBFCDDE90D020C9B0F994FF0B5
:10B7B000000B91461093009211B9791C00EB01091E
:10B7C000B7EB090003D4C0F1FF3B07F10109A9EB76
:10B7D0000700019042E0012F00DA01270021112F1C
:10B7E00001DD112000E03846CDE9000104A90CA8D4
:10B7F000FFF7B4FCDDE90D010C9A00914FF0000B4E
:10B80000B946109221070FD4009A4A4503DA9146AF
:10B8100001E0A9F10109B9F1010F05DD109AA9F1C3
:10B820000101515C3029F4D0B84202DA10F1040F62
:10B8300003DA0121CDE9011010E0002803DC834484
:10B84000A9EB000102E0411C494500DD8946A0EB5F
:10B850000B00401C01904FF000400290200705D4DF
:10B860000198484502DB4FF0FF30019000208DF831
:10B870004B0002980DF14B07B0F1004F25D002208C
:10B880000C902B200D90029800280CDA4042029078
:10B890002D200D9007E00A210298F4F727FF3031A0
:10B8A000029007F8011D0C99481E0C900029F2DC4B
:10B8B00002980028EFD1791E0D980870307800F0BA
:10B8C000200040F0450007F8020D11A8C01BC01D64
:10B8D00002901398007800B1012000EB0901019853
:10B8E00001EBE071029801440398401A401E039056
:10B8F000E00306D453462146179A039800F05CF8FB
:10B9000005441398007818B15246179990476D1C5A
:10B91000E00323D553462146179A039800F04CF8CC
:10B9200005441BE0BBF1000F07DB0098584504DD20
:10B930001098179910F80B0001E017993020524623
:10B94000904701980BF1010B401E05F10105019094
:10B9500004D12E205246179990476D1CB9F1000171
:10B96000A9F10109DEDC05E017F8010B5246179931
:10B9700090476D1C0299481E02900029F4DC534642
:10B980002146179A03989EE62D0000002B00000028
:10B99000200000002DE9F041044600251E46174610
:10B9A000880404D405E039462020B0476D1C641E8D
:10B9B000F9D52846BDE8F0812DE9F041044600257F
:10B9C0001E469046C80301D5302700E02027880492
:10B9D00004D505E041463846B0476D1C641EF9D5D4
:10B9E0002846BDE8F0810A68531C0B601070704750
:10B9F00070B5054605EB8500304901EB400428464B
:10BA0000F6F768FAA8423ED12078052802DA052028
:10BA1000207052E020780A2803DA2078401C207039
:10BA20004BE0A07938B90120A07105EB4501491C14
:10BA3000C8B200F0A1F8A08800283EDD6088A18887
:10BA400088420DDA6088401C80B26080A1888842FC
:10BA500033D105EB4501C91CC8B200F08DF82CE0CC
:10BA6000E079002829DD207A401CC0B22072E179FB
:10BA7000884222DB0020207205EB4501491CC8B238
:10BA800000F07AF819E02078052802DD0520207002
:10BA900010E0207818B12078401E20700AE0A079CC
:10BAA000012807D10020A07105EB4501891CC8B20F
:10BAB00000F062F800206080207270BDE406002073
:10BAC0000E4890F832000D4A92F83320904201D18E
:10BAD00000207047094890F83200084A115C10466F
:10BAE00090F83200401CC0B282F83200322802DBEB
:10BAF000002082F832000846EBE700004C080020E6
:10BB000000200021144A82F8321082F8331082F8A3
:10BB1000341000BF1DE0642100EB80020F4B03EBEB
:10BB200042029180052100EB800203F812100021EF
:10BB300000EB800203EB4202917100EB800203EB09
:10BB40004202D17100EB800203EB42021172411CF0
:10BB5000C8B22428DFDB70474C080020E406002030
:10BB600010B5002404E02046FFF742FF601CC4B279
:10BB7000242CF8DB10BD0000084991F83310074A67
:10BB80005054114691F83310491CC9B282F8331051
:10BB9000322902DB002182F8331070474C08002064
:10BBA0004FF0E02252694FF47A73B2FBF3F2504344
:10BBB0004FF0E022916900BF4FF0E02292698A1AAB
:10BBC0008242F9D37047000000BF054A128802F094
:10BBD0004002002AF9D0C2B2014B1B1D1A807047E7
:10BBE0000014014010B586B0044600200390049074
:10BBF000059000900190029012480068C0F30B007D
:10BC0000039011A00399FFF733FA144850F8240069
:10BC100000680390114850F82400406804900F48D1
:10BC200050F82400806805900DA00099FFF720FAD5
:10BC300010A00199FFF71CFA13A00299FFF718FA58
:10BC400006B010BD002004E04D43552069645B3010
:10BC50005D3A307825780D0A0000000014000020BD
:10BC60004D4355206964315B305D3A307825780D5D
:10BC70000A0000004D4355206964315B315D3A3064
:10BC80007825780D0A0000004D4355206964315B2A
:10BC9000325D3A307825780D0A00000000B52DEDB0
:10BCA000048B85B001A8FAF76FFC0298F4F7A9FCA1
:10BCB00041EC190B9FED230B53EC102BF4F713FC05
:10BCC00041EC180B53EC182B20A0FFF7D1F9039887
:10BCD000F4F797FC41EC190B9FED1A0B53EC102B6A
:10BCE000F4F701FC41EC180B53EC182B1EA0FFF7E6
:10BCF000BFF90498F4F785FC41EC190B9FED110B8B
:10BD000053EC102BF4F7EFFB41EC180B53EC182B12
:10BD10001CA0FFF7ADF90198F4F773FC41EC190B87
:10BD20009FED080B53EC102BF4F7DDFB41EC180BE7
:10BD300053EC182B1AA0FFF79BF905B0BDEC048B50
:10BD400000BD00000000000080842E4148434C4BA1
:10BD50005F4672657175656E63793A252E33664D5F
:10BD6000487A0D0A0000000050434C4B315F467288
:10BD7000657175656E63793A252E33664D487A0D87
:10BD80000A00000050434C4B325F46726571756586
:10BD90006E63793A252E33664D487A0D0A0000000D
:10BDA000535953434C4B5F4672657175656E6379A9
:10BDB0003A252E33664D487A0D0A000010B512223E
:10BDC00004494FF40070F4F7CFFE024902A0FFF7D8
:10BDD0004FF910BDF00100204465766963655F533B
:10BDE0004E3A25730D0A000070B500240025002688
:10BDF000FFF766FE04468CB1601E032190FBF1F054
:10BE0000C5B2601E90FBF1F201FB1200C6B21EB972
:10BE1000242D01DA284670BD0020FCE70020FAE757
:10BE200010B52DED048B9FED0C0AB0EE408A9020EA
:10BE3000F5F716FBB0EE408A18EE100AF4F727FC6F
:10BE400041EC190B53EC192B04A0FFF711F9B0EEDC
:10BE5000480ABDEC048B10BD000000006765745FEC
:10BE600074656D703A25302E32660D0A00000000B0
:10BE700010B580200949088000F012F840200749D9
:10BE8000891E088000F00CF840200449088000F06A
:10BE900007F880200149891E088010BD1A1402404D
:10BEA000002001E0411C88B22628FBDB704700001F
:10BEB0001CB501212020FAF7FDFA01212020FAF714
:10BEC000F9FA4020009001208DF804008DF806005A
:10BED00003208DF8050001208DF8070069460B4806
:10BEE000F5F74AFA8020009001208DF804008DF8C3
:10BEF000060003208DF8050001208DF80700694633
:10BF00000248F5F739FA00F07DF81CBD0014024034
:10BF100010B5802007490880FFF7C2FF402005497F
:10BF20000880FFF7BDFF40200249891C0880FFF709
:10BF3000B7FF10BD1814024070B50025002400BFE3
:10BF400016E040200C490880FFF7AAFF6006040EA7
:10BF500009480838006800F0800008B1601CC4B2CD
:10BF600040200549891C0880FFF79AFF681CC5B26C
:10BF7000082DE6DB204670BD1814024070B504465B
:10BF800040201349088000251BE004F0800020B108
:10BF900080200F49891E088002E080200C4908801B
:10BFA0006006040EFFF77CFF40200949891E0880C7
:10BFB000FFF776FF402006490880FFF771FF681CF5
:10BFC000C5B2082DE1DB80200149891E088070BDC3
:10BFD0001A14024010B580200949088040200880CA
:10BFE000FFF75EFF80200649891C0880FFF758FF95
:10BFF00040200349891C0880FFF752FF10BD000054
:10C000001814024010B58020054908804020891E80
:10C010000880FFF745FF80200149891E088010BD78
:10C020001A14024070B50024002580200C490880B5
:10C03000FFF736FF40200A490880FFF731FF084824
:10C040000838006800F0800008B1012400E00024F6
:10C0500040200349891C0880FFF722FF204670BD5D
:10C060001814024092B000BFF5F7CEFCFEF7F6FFC1
:10C070009FED500AFCF736F84FF4C870F4F7B4FEA1
:10C08000FEF7ECFF94E04C48006808B9FFF7C8FEE3
:10C09000FEF7E4FFF7F7E2F8FEF7E0FFF8F7E6FD5A
:10C0A000FEF7DCFF4548007848B10020434908709E
:10C0B000FEF7D4FF0020FEF7F9FBFEF7CFFFFEF7F7
:10C0C000CDFFF6F7FFFFFEF7C9FF3D4800780028D7
:10C0D0006CD03C4800881C2868D1002400254021F1
:10C0E00002A8F4F7AFF838A000680190FF224021C1
:10C0F00002A8F4F7A0F800BF05E0FEF78FFD02A943
:10C100000855601C84B22F4800888442F5DB2D4816
:10C110000088801EC1B202A8F4F7E8FD0546294850
:10C120000088801E02A9095C26480088401E02AAD9
:10C13000105C41EA0020A84211D022480088401E2D
:10C1400002A9085C9DF8041088421FD11D48008890
:10C15000801E02A9085C9DF80510884216D10822AD
:10C1600002A91A48F4F797F880B904AB02AA154857
:10C17000018817A0FEF77CFFFEF770FF122204A9CA
:10C180004FF40070F4F72DFDFEF768FF00200C4916
:10C1900008700C490880FEF761FF12221A494FF41B
:10C1A0000070F4F7E1FCFEF759FF00BFFEF756FF01
:10C1B00069E700000000C8420400002010000020D1
:10C1C000180300201A0300204141000064CB00083E
:10C1D000557361727436466C61673D312C557361DD
:10C1E0007274365F72785F6C656E3A25642C756187
:10C1F00072745F6275663A252D3238732C534E3A4D
:10C20000252D3138730D0A00F00100202DE9F04191
:10C2100004460E461548005D38B9144818380168C0
:10C22000204688470120BDE8F081114850F82400DD
:10C23000B04219D90F4850F82400B6FBF0F10B4872
:10C24000083850F8240030F81120002508E00023B9
:10C250000648083850F824004F1920F817306D1C94
:10C260009542F4DB0020DEE70220DCE7000300203B
:10C270007CCB000874CB00082DE9F04704460F463C
:10C280000025A9462348005D20B9224818380168D6
:10C29000204688471FB94FF0FF30BDE8F0871E48A1
:10C2A00050F82400B7FBF0F61B4850F82400B7FB09
:10C2B000F0F100FB117000B1761C184850F8240012
:10C2C000451E22E01348083850F8240030F81500C5
:10C2D00010B909F1010901E04FF00009B14513D18E
:10C2E0004FF0000809E00B48083850F8240005EB2F
:10C2F000080220F8126008F10108B045F3D306489F
:10C3000050F824006843C8E76D1E002DDADA4FF0BC
:10C31000FF30C2E70003002074CB00086CCB00089C
:10C3200010B501460023002207E00B4850F8210019
:10C3300030F8120000B15B1C521C084850F8210074
:10C340009042F2D864205843044C54F82140B0FB8A
:10C35000F4F0C0B210BD0000F80200206CCB000861
:10C3600070B505460C4604B970BD054850F8250067
:10C37000261A31462846FFF749FF00BFF4E70000C0
:10C38000F002002070B504460E4631462046FFF705
:10C3900073FF0546681C08B9002070BD024850F8BC
:10C3A00024002844F9E70000F002002030B50346DD
:10C3B00001E003F8011B141EA2F10102F9D130BD06
:10C3C00010B53F48C07801283CD13E48007818B1EC
:10C3D0003C48007801281BD13B48D0E9043042F2A8
:10C3E00010729A1A70F1000005D242F21072002108
:10C3F0003548C0E904213449D1E90401304AD2F872
:10C40000542108322E4BDB7802EBC30203C219E041
:10C410002D48D0E9042044F62063D21A70F10000C0
:10C4200004D21A4600212848C0E904212649D1E94E
:10C430000401234AD2F854210832214BDB7802EB65
:10C44000C30203C21E48C078022819D11E491F4AE0
:10C45000D1E90440A21A70F1000004D21B4A002165
:10C460001948C0E904211848D0E904211448D0F83B
:10C4700054010830124BDB7800EBC300C0E9002107
:10C480000F48C078032819D10F48D0E90420104B79
:10C49000D21A70F1000004D21A4600200A49C1E9FC
:10C4A00004200948D0E90410054AD2F85421083282
:10C4B000034BDB7802EBC302C2E9001010BD0000A1
:10C4C00048000020C001002098010020400D03001A
:10C4D000A08601002DE9FF5F82B08A4616461F46FE
:10C4E000DDF844B04FF00008C14600BF02980028B4
:10C4F0007DD0FE4A002330463946F3F76BFE0446F2
:10C500000D461098052873D2DFE800F00356B2FC00
:10C51000FB000BE00A22002320462946F3F75AFECF
:10C5200004460D4608F1010000F0FF08002184EAEE
:10C53000010069400843EDD1B8F1000F01D14FF07F
:10C5400001084FF0000906E020200AF8090009F16F
:10C55000010000F0FF095846A0EB08004845F3DC55
:10C56000E24A002330463946F3F734FE04460D46CE
:10C57000002009EB08010AF8010019E0A8F1010008
:10C5800000F0FF080A22002320462946F3F722FE86
:10C590003020101809EB08010AF801004FF00A02D8
:10C5A0004FF0000320462946F3F714FE04460D46DB
:10C5B000B8F1000FE2D1FCE10BE00A220023204693
:10C5C0002946F3F707FE04460D4608F1010000F086
:10C5D000FF08002184EA010069400843EDD1B8F169
:10C5E000000F01D14FF001084FF0000908E0E1E130
:10C5F000DEE120200AF8090009F1010000F0FF093E
:10C60000ABF10100A0EB08004845F2DCB74A00237B
:10C6100030463946F3F7DEFD04460D462E2009EB81
:10C6200008010AF80100002109EB0800401C0AF883
:10C63000001019E0A8F1010000F0FF080A22002311
:10C6400020462946F3F7C6FD3020101809EB0801F3
:10C650000AF801004FF00A024FF000032046294675
:10C66000F3F7B8FD04460D46B8F1000FE2D1A0E1A2
:10C670000BE00A22002320462946F3F7ABFD0446CF
:10C680000D4608F1010000F0FF08002184EA0100D6
:10C6900069400843EDD1B8F1000F01D14FF0010816
:10C6A0004FF0000906E020200AF8090009F1010016
:10C6B00000F0FF09ABF10200A0EB08004845F2DCF6
:10C6C0008A4A002330463946F3F784FD04460D4676
:10C6D0002E2009EB08010AF80100854A00233046A4
:10C6E0003946F3F777FD0A220023CDE90001F3F77D
:10C6F00071FD30201018C1B209EB080000F10100F3
:10C7000001E0B1E028E00AF800104FF0000109EB69
:10C71000080000F102000AF8001019E0A8F1010079
:10C7200000F0FF080A22002320462946F3F752FDB5
:10C730003020101809EB08010AF801004FF00A0236
:10C740004FF0000320462946F3F744FD04460D460A
:10C75000B8F1000FE2D12CE10BE00A2200232046C1
:10C760002946F3F737FD04460D4608F1010000F0B5
:10C77000FF08002184EA010069400843EDD1B8F1C7
:10C78000000F01D14FF001084FF0000906E0202012
:10C790000AF8090009F1010000F0FF09ABF10300FC
:10C7A000A0EB08004845F2DC504A002330463946E9
:10C7B000F3F710FD04460D462E2009EB08010AF898
:10C7C00001004B4A002330463946F3F703FD0A22A5
:10C7D0000023CDE90001F3F7FDFC30201018C1B2B1
:10C7E00009EB080000F101000AF8001042F2107293
:10C7F0004FF0000330463946F3F7ECFC0A220023E1
:10C80000CDE90001F3F7E6FC30201018C1B209EBC6
:10C81000080000F102000AF800104FF0000109EBD7
:10C82000080000F103000AF8001019E0A8F1010067
:10C8300000F0FF080A22002320462946F3F7CAFC2D
:10C840003020101809EB08010AF801004FF00A0225
:10C850004FF0000320462946F3F7BCFC04460D4682
:10C86000B8F1000FE2D1A4E00BE00A220023204639
:10C870002946F3F7AFFC04460D4608F1010000F02D
:10C88000FF08002184EA010069400843EDD1B8F1B6
:10C89000000F01D14FF001084FF0000906E0202001
:10C8A0000AF8090009F1010000F0FF09ABF10400EA
:10C8B000A0EB08004845F2DC0C4A0023304639461C
:10C8C000F3F788FC04460D462E2009EB08010AF810
:10C8D0000100074A002330463946F3F77BFC0A2261
:10C8E0000023CDE90001F3F775FC03E040420F009F
:10C8F000A086010030201018C1B209EB080000F139
:10C9000001000AF8001042F210724FF000033046A6
:10C910003946F3F75FFC0A220023CDE90001F3F763
:10C9200059FC30201018C1B209EB080000F10200D8
:10C930000AF800104FF47A724FF00003304639467F
:10C94000F3F748FC0A220023CDE90001F3F742FC8B
:10C9500030201018C1B209EB080000F103000AF8FA
:10C9600000104FF0000109EB080000F104000AF884
:10C97000001019E0A8F1010000F0FF080A220023CE
:10C9800020462946F3F726FC3020101809EB080151
:10C990000AF801004FF00A024FF000032046294632
:10C9A000F3F718FC04460D46B8F1000FE2D100E0A1
:10C9B00000BF60E04FF47A72002330463946F3F747
:10C9C00009FC04460D461098A0BB0BE00A22002388
:10C9D00020462946F3F7FEFB04460D4608F1010008
:10C9E00000F0FF08002184EA010069400843EDD10E
:10C9F000B8F1000F01D14FF001084FF0000906E037
:10CA000020200AF8090009F1010000F0FF09ABEB52
:10CA100008004845F4DC4FF47A720023304639466A
:10CA2000F3F7D8FB04460D46002009EB08010AF88D
:10CA300001001AE01DE0A8F1010000F0FF080A2241
:10CA4000002320462946F3F7C5FB3020101809EBD8
:10CA500008010AF801004FF00A024FF000032046D7
:10CA60002946F3F7B7FB04460D46B8F1000FE2D1B3
:10CA700000E000BF00BF06B0BDE8F09FF0B5B9B060
:10CA80000027E02101A8F3F7DDFB0024DE24FEF7F8
:10CA9000E5FA224601A94FF40070F4F765F8FEF7B5
:10CAA000DDFA09A0FEF7E4FA9DF8BC100AA0FEF733
:10CAB000DFFADDF8BD50DDF8C1302A4611A0FEF7DF
:10CAC000D7FA39B0F0BD0000746573745F656570A6
:10CAD000726F6D0D0A000000734D656D44617461E5
:10CAE0005F74742E435F4D6F6465457874426E6366
:10CAF0005F506172616D4E41445F414D504C3A252B
:10CB0000640D0A00734D656D446174615F74742E29
:10CB1000435F4D6F6465457874426E635F50617228
:10CB2000616D5F414D504C3A256C6C640D0A0000FC
:10CB3000002105E00A2100BF0A1EA1F10101FBD17D
:10CB4000021EA0F10100F5D17047002105E00A2185
:10CB500000BF0A1EA1F10101FBD1021EA0F10100DC
:10CB6000F5D170477367737A6864677300010000DA
:10CB70002000000020000000200000000020000035
:10CB800000040000000000000000000000000000A1
:10CB9000000000003F4000000000000000003000E6
:10CBA000400030004000000009000BC03D000BC0F9
:10CBB0003D00090018C024407FE022403180000081
:10CBC000180024C01B000D803240018003801C40EF
:10CBD00027401C800740004010006000000000005B
:10CBE000000000000000000000001F8020404020E6
:10CBF0000000402020401F800000000009000600C7
:10CC00001F80060009000000040004003F800400AB
:10CC100004000000001000600000000000000000A0
:10CC200004000400040004000400000000000040B0
:10CC30000000000000000000002001C006003800D5
:10CC4000400000001F802040204020401F80000046
:10CC5000000010403FC000400000000018C021400C
:10CC600022402440184000001080204024402440EE
:10CC70001B80000002000D0011003FC001400000B9
:10CC80003C80244024402440238000001F80244016
:10CC900024403440038000003000200027C03800CA
:10CCA000200000001B802440244024401B80000002
:10CCB0001C0022C0224022401F8000000000000013
:10CCC00008400000000000000000000004600000B8
:10CCD00000000000000004000A0011002080404015
:10CCE0000900090009000900090000000000404097
:10CCF000208011000A0004001800200023402400B6
:10CD0000180000001F802040274029401F400000DD
:10CD1000004007C039000F0001C0004020403FC064
:10CD2000244024401B8000001F80204020402040E1
:10CD30003080000020403FC0204020401F80000085
:10CD400020403FC024402E4030C0000020403FC063
:10CD500024402E00300000000F00108020402240B0
:10CD60003380020020403FC0040004003FC0204048
:10CD7000204020403FC02040204000000060202094
:10CD800020203FC02000200020403FC024400B0056
:10CD900030C0204020403FC020400040004000C044
:10CDA0003FC03C0003C03C003FC0000020403FC0EB
:10CDB0000C4023003FC020001F8020402040204026
:10CDC0001F80000020403FC02440240018000000C5
:10CDD0001F802140214020E01FA0000020403FC0D4
:10CDE0002440260019C0004018C02440244022409E
:10CDF00031800000300020403FC020403000000063
:10CE000020003F80004000403F80200020003E0086
:10CE100001C0070038002000380007C03C0007C0F0
:10CE200038000000204039C0060039C02040000012
:10CE30002000384007C0384020000000304021C0AA
:10CE40002640384020C00000000000007FE0402065
:10CE500040200000000070000C0003800040000033
:10CE60000000402040207FE0000000000000200083
:10CE70004000200000000000001000100010001012
:10CE80000010001000000000400000000000000042
:10CE9000000002800540054003C0004020003FC064
:10CEA000044004400380000000000380044004406C
:10CEB0000640000000000380044024403FC00040C2
:10CEC00000000380054005400340000000000440CE
:10CED0001FC0244024402000000002E005500550FF
:10CEE0000650042020403FC00440040003C000401E
:10CEF0000000044027C000400000000000100010A7
:10CF0000041027E00000000020403FC0014007005F
:10CF100004C00440204020403FC0004000400000CA
:10CF200007C0040007C0040003C00000044007C09D
:10CF30000440040003C0004000000380044004409B
:10CF400003800000041007F0045004400380000038
:10CF5000000003800440045007F00010044007C0A4
:10CF600002400400040000000000064005400540A7
:10CF700004C00000000004001F80044000400000C6
:10CF8000040007800040044007C000400400070080
:10CF900004C0018006000400060001C0070001C0B3
:10CFA00006000000044006C0010006C00440000066
:10CFB0000410071004E00180060004000000044093
:10CFC00005C00640044000000000000004007BE0B3
:10CFD00040200000000000000000FFF00000000002
:10CFE000000040207BE004000000000040008000C2
:10CFF0004000200020004000000000000000000071
:10D0000000000000000000000000000000001FCC35
:10D01000000C00000000000000000800300060006C
:10D020000800300060000000022003FC1E200220E7
:10D0300003FC1E200220000000000E1811043FFF18
:10D0400010840C78000000000F0010840F3800C01E
:10D05000077818840078000000780F8410C4112429
:10D060000E9800E4008400080800680070000000CA
:10D07000000000000000000000000000000007E0C9
:10D080001818200440020000000040022004181874
:10D0900007E00000000000000240024001800FF0A5
:10D0A00001800240024000000080008000800FF8F4
:10D0B00000800080008000000001000D000E0000D4
:10D0C00000000000000000000000008000800080E0
:10D0D00000800080008000800000000C000C000038
:10D0E00000000000000000000000000600180060C2
:10D0F0000180060018002000000007F00808100456
:10D100001004080807F000000000080408041FFCD1
:10D11000000400040000000000000E0C1014102495
:10D12000104411840E0C000000000C1810041104AF
:10D13000110412880C700000000000E00320042499
:10D1400008241FFC0024000000001F981084110414
:10D150001104108810700000000007F00888110406
:10D16000110418880070000000001C00100010FC62
:10D1700013001C001000000000000E381144108441
:10D18000108411440E38000000000700088C104481
:10D190001044088807F00000000000000000030CA5
:10D1A000030C000000000000000000000001010668
:10D1B000000000000000000000000080014002208C
:10D1C000041008081004000002200220022002209F
:10D1D00002200220022000000000100408080410B1
:10D1E000022001400080000000000E001200100C20
:10D1F000106C10800F00000003E00C1813E41424DE
:10D2000017C4082807D000000004003C03C41C40D9
:10D21000074000E4001C000410041FFC110411046A
:10D2200011040E880070000003E00C1810041004B4
:10D23000100410081C10000010041FFC100410043F
:10D240001004080807F0000010041FFC110411046A
:10D2500017C410040818000010041FFC110411006A
:10D2600017C010000800000003E00C1810041004A0
:10D2700010441C780040000010041FFC1084008043
:10D28000008010841FFC10040000100410041FFC18
:10D290001004100400000000000300011001100140
:10D2A0001FFE10001000000010041FFC110403807A
:10D2B0001464181C1004000010041FFC1004000467
:10D2C00000040004000C000010041FFC1F0000FC00
:10D2D0001F001FFC1004000010041FFC0C040300BE
:10D2E00000E010181FFC100007F0080810041004DC
:10D2F0001004080807F0000010041FFC10841080C0
:10D30000108010800F00000007F00818102410246F
:10D31000101C080A07F2000010041FFC1104110081
:10D3200011C011300E0C000400000E1C11041084FA
:10D33000108410441C3800001800100010041FFC5A
:10D34000100410001800000010001FF81004000462
:10D35000000410041FF8100010001E0011E0001C53
:10D36000007013801C0010001FC0103C00E01F0064
:10D3700000E0103C1FC000001004180C163401C05F
:10D3800001C01634180C100410001C00130400FC1B
:10D3900013041C00100000000804101C106410840A
:10D3A00013041C04101800000000000000007FFEA1
:10D3B0004002400240020000000030000C000380E8
:10D3C0000060001C00030000000040024002400218
:10D3D0007FFE000000000000000000002000400070
:10D3E0004000400020000000000100010001000199
:10D3F0000001000100010001000040004000200089
:10D40000000000000000000000000098012401441A
:10D410000144014400FC000410001FFC00880104CA
:10D420000104008800700000000000700088010402
:10D43000010401040088000000000070008801045D
:10D44000010411081FFC0004000000F8014401441D
:10D450000144014400C800000000010401040FFC65
:10D460001104110411001800000000D6012901293F
:10D47000012901C90106000010041FFC00840100FD
:10D480000100010400FC000400000104190419FC5F
:10D49000000400040000000000000003000101017E
:10D4A000190119FE0000000010041FFC00240040B8
:10D4B00001B4010C010400000000100410041FFC62
:10D4C0000004000400000000010401FC010401004C
:10D4D00001FC0104010000FC010401FC00840100C6
:10D4E0000100010400FC0004000000F80104010434
:10D4F0000104010400F80000010101FF008501049E
:10D500000104008800700000000000700088010421
:10D510000104010501FF00010104010401FC008474
:10D520000104010001800000000000CC012401245E
:10D53000012401240198000000000100010007F807
:10D540000104010400000000010001F800040004CF
:10D550000004010801FC0004010001800170000CBE
:10D56000001001600180010001F0010C003001C0D9
:10D570000030010C01F0010000000104018C007476
:10D580000170018C01040000010101810171000E94
:10D59000001801600180010000000184010C0134C9
:10D5A00001440184010C00000000000000000000A4
:10D5B00001003EFC400240020000000000000000AC
:10D5C000FFFF0000000000000000400240023EFC9F
:10D5D0000100000000000000008000FF00040004C3
:10D5E0000004008800FC00040000000000000000AF
:10D5F000000000000000000000000000000000002B
:10D60000000000000000000000000000000000001A
:10D6100000000000000000000000000F80380FFE36
:10D62000380F8038000000000000000000000000FB
:10D630000000000000000100000600000C0000389F
:10D6400000003100000600000C000038000030002F
:10D65000000000000000000061800067F807F9800A
:10D660000061800061800061800061800067F807D0
:10D67000F98000618000000000000000000001C08F
:10D68000E003E0F00630080418081FFFFE040E084F
:10D690000787F00381E000000000000001F00006B1
:10D6A0000C00040408060C7001F9C0000E00003BD9
:10D6B000E000EC18070808040C180003E000000064
:10D6C0000001E00007F003F818041C08041708071D
:10D6D000E1D003C0E00023B0003C080020080000B7
:10D6E00010000000000000010000310000320000C6
:10D6F0001C0000000000000000000000000000000E
:10D700000000000000000000000000000000000019
:10D7100000000000000000007F0001FFC00780F053
:10D720000C0018100004200002000000000000207F
:10D7300000021000040C00180780F001FFC0007FF9
:10D7400000000000000000000000000000000000D9
:10D75000000000004200006600006600003C00007F
:10D76000180003FFC0001800003C000066000066BF
:10D77000000042000000000008000008000008004F
:10D7800000080000080001FFC000080000080000B9
:10D790000800000800000800000000000001000070
:10D7A0003100003200001C000000000000000000FA
:10D7B0000000000000000000000000000000000069
:10D7C0000800000800000800000800000800000829
:10D7D0000000080000080000080000080000000029
:10D7E0000000000000000000380000380000380091
:10D7F0000000000000000000000000000000000029
:10D800000000000000000000000600001C00007086
:10D81000000180000E0000380000C0000700001C5E
:10D820000000300000000000000000007F8001FFC9
:10D83000E0038070060018040008040008060018C1
:10D8400003807001FFE0007F800000000000000006
:10D85000000001000801000801000803FFF807FFAD
:10D86000F8000008000008000008000000000000A8
:10D8700000000001C03802C05804009804011804D8
:10D880000218040418061C1803F81801E0F8000038
:10D890000000000000000001C0E003C0F004000828
:10D8A00004080804080806180803F41801E7F00043
:10D8B00001E0000000000000000000000300000D77
:10D8C0000000110000610000810803010807FFF853
:10D8D0000FFFF80001080001080000000000000030
:10D8E00000E007FCD006080806100806100806101D
:10D8F00008061838060FF00607C0000000000000F8
:10D90000000000003F8001FFE0038430020818049B
:10D910001008041008041008071810030FF000077F
:10D92000C000000000000000000003C0000700006D
:10D930000600000600F80607F806180006E00007D3
:10D94000000006000000000000000001E1E003F715
:10D95000F0063410041808041808040C08040C0815
:10D9600006161803F3F001C1E000000000000000FB
:10D97000F80003FC3003063804020804020804021D
:10D98000080404100308F001FFC0007F000000003D
:10D990000000000000000000000000000000000087
:10D9A000703800703800703800000000000000007F
:10D9B0000000000000000000000000000000000067
:10D9C00000000000301A00301C00000000000000C1
:10D9D000000000000000000000000000000000083F
:10D9E000000014000022000041000080800100407F
:10D9F00002002004001008000800000000000000E1
:10DA00002100002100002100002100002100002150
:10DA10000000210000210000210000210000000082
:10DA200000000000000008000804001002002001AF
:10DA30000040008080004100002200001400000827
:10DA40000000000000000003C00004C0000400004B
:10DA5000080038080F380808380810000C30000794
:10DA6000E00003C000000000000000003F8000FF55
:10DA7000E0038070020F1006708804C088048308D9
:10DA8000047F8802C09003012000FE4000000800CF
:10DA900000180001F8003E0801C20007020007E27A
:10DAA0000000FE00001FC80001F800003800000858
:10DAB00004000807FFF807FFF80408080408080432
:10DAC000080804080806180803F41801E7F0000124
:10DAD000E0000000000000003F8001FFE0038070D4
:10DAE00002001804000804000804000804001006DE
:10DAF00000200780C000000004000807FFF807FFAF
:10DB0000F8040008040008040008040018020010CB
:10DB100003807001FFE0007F800000000400080720
:10DB2000FFF807FFF80408080408080408080408B8
:10DB300008043E0804000806001801006000000008
:10DB400004000807FFF807FFF804080804080004A9
:10DB50000800040800043E000600000600000180E2
:10DB600000000000000000003F8001FFE003807023
:10DB70000600180400080402080402080203F00763
:10DB800083F000020000020004000807FFF807FF0E
:10DB9000F804080800080000080000080000080059
:10DBA00004080807FFF807FFF80400080000000059
:10DBB000000004000804000804000807FFF807FF3D
:10DBC000F804000804000804000800000000000039
:10DBD000000000000006000007000001040001042E
:10DBE000000104000307FFFE07FFFC04000004001F
:10DBF0000004000004000807FFF807FFF8040C0801
:10DC0000001800003E0004C7800503C80600F804A1
:10DC1000003804001800000804000807FFF807FF98
:10DC2000F8040008000008000008000008000008D0
:10DC30000000080000180000600000000400080751
:10DC4000FFF807800807FC00007FC00003F800070A
:10DC5000C000780007800807FFF807FFF8040008F5
:10DC600004000807FFF807000803C00000E00000F8
:10DC70003800001E000007000001C00400F007FF8C
:10DC8000F8040000000000007F8001FFE0038070C6
:10DC900006001804000804000806001803003001FC
:10DCA000FFE0007F8000000004000807FFF807FF86
:10DCB000F80404080404000404000404000404003C
:10DCC000060C0003F80001F0000000000000000056
:10DCD0007F8001FFE0038070060088040088040054
:10DCE000C806003C03003E01FFE6007F8400000000
:10DCF00004000807FFF807FFF804080804080004F8
:10DD00000C00040F00040BC00610F003F03801E013
:10DD10000800000800000001E0F803F030063010B1
:10DD2000041808041808040C08040C080206180259
:10DD300007F00781E00000000180000600000400F9
:10DD40000004000004000807FFF807FFF8040008BB
:10DD50000400000400000600000180000400000729
:10DD6000FFE007FFF00400180000080000080000B2
:10DD70000800000800000804001007FFE00400008D
:10DD800004000006000007E00007FE00041FE0009A
:10DD900001F80000380001E0043E0007C000060062
:10DDA0000004000004000007E00007FFC0041FF8A3
:10DDB0000007C007F80007FF80043FF80007C00411
:10DDC000F80007000004000000000004000806003E
:10DDD0001807C07805F1C8003E00001F800463E802
:10DDE0000780F80600180400080000000400000680
:10DDF000000007800007E008047C08001FF8000707
:10DE0000F800180804E008070000060000040000FD
:10DE10000000000100080600380400F80403E804CC
:10DE20000F08047C0805F00807C008070018040064
:10DE30006000000000000000000000000000000082
:10DE40000000003FFFFE2000022000022000022010
:10DE50000002200002000000000000000000080096
:10DE60000007000000C0000038000006000001C0EC
:10DE700000003000000E0000010000000000000063
:10DE800000002000022000022000022000022000EA
:10DE9000023FFFFE00000000000000000000000044
:10DEA000000000000000000000080000100000302A
:10DEB00000002000003000001000000800000000FA
:10DEC000000000000000010000010000010000014E
:10DED000000001000001000001000001000001003D
:10DEE000000100000100000100000000000000002F
:10DEF00000200000200000100000100000000000C2
:10DF00000000000000000000000000000000000011
:10DF100000F00019F8001B18002208002608002451
:10DF200008002410003FF8001FF800000800001847
:10DF300000000004000007FFF80FFFF000181800B1
:10DF40001008002008002008003018001FF0000F03
:10DF5000C00000000000000007C0001FF0001830E3
:10DF6000002008002008002008003C08001C1000C9
:10DF700000600000000000000000000007C0001F5B
:10DF8000F0003818002008002008002008041010B5
:10DF900007FFF80FFFF00000100000000000000075
:10DFA00000000007C0001FF00012300022180022FD
:10DFB00008002208003208001E10000E2000000099
:10DFC00000000000200000200800200801FFF803E6
:10DFD000FFF806200804200804200807200003009A
:10DFE0000000000000000000000E000E6E001FF395
:10DFF0000031B10020B10020B1003191001F1300A9
:10E000002E1E00200E00300000000004000807FF54
:10E01000F80FFFF800100800200000200000200882
:10E02000003FF8001FF8000008000000000000009A
:10E030000000002008002008002008063FF8063FE6
:10E04000F8000008000008000008000000000000C0
:10E050000000000000000000030000030020010099
:10E060002001002003063FFE063FFC0000000000E8
:10E070000000000000000004000807FFF80FFFF890
:10E08000000188000300002FC00038F8002038008D
:10E09000200800000800000000000000000004004C
:10E0A0000804000804000807FFF80FFFF800000844
:10E0B0000000080000080000000000000020080028
:10E0C0003FF8003FF8001008002000003FF8003F34
:10E0D000F8001008002000003FF8003FF80000089A
:10E0E000000000002008003FF8003FF80010080082
:10E0F0001000002000002008003FF8001FF800007A
:10E10000080000000000000007C0000FF0001830F9
:10E1100000300800200800200800300800183000F7
:10E120000FF00007C0000000000000002001003FC9
:10E13000FF003FFF00101100200900200800200808
:10E14000003038001FF0000FC00000000000000089
:10E1500007C0001FF0003818002008002008002029
:10E1600009001011001FFF003FFF00000100000028
:10E17000002008002008002008003FF8003FF800B9
:10E1800008080010080020080020000030000030BF
:10E1900000000000000000000000000C78001E18C5
:10E1A000003308002308002108002188002198007E
:10E1B00030F0003860000000000000002000002067
:10E1C0000000200000FFF003FFF8002008002008F6
:10E1D00000200800003000000000000000000000E7
:10E1E0002000003FF0007FF8000018000008000049
:10E1F00008002010003FF8007FF000001000000031
:10E20000000000002000003000003C00003F8000C3
:10E2100023F0000078000070002380003C000030F4
:10E2200000002000002000003C00003FE00023F838
:10E230000000E0002700003E00003FE00021F80061
:10E2400001E0003E00002000000000002008002047
:10E2500008003838003E680027800003C8002CF80A
:10E2600000383800201800200800000000000000DE
:10E270002000003003003C01003F830023EC00003D
:10E2800070002380003C00002000002000000000FF
:10E290000000000000000038080020380020F800CE
:10E2A00023E8002F88003E080038080020180000EE
:10E2B00070000000000000000000000000000000EE
:10E2C0000000000008000014001FF7FC30000620CA
:10E2D000000200000000000000000000000000003C
:10E2E00000000000000000000000FFFFFF00000031
:10E2F000000000000000000000000000000000001E
:10E3000000002000023000061FF7FC001400000887
:10E3100000000000000000000000000000000000FD
:10E32000000000002000003FFC007FFC00001800FF
:10E330000008000008002010003FF8007FF00000F7
:10E34000100000002A2A2A2A2A2A2A2A2A2A2A2AC5
:10E350002A2A2A2A2A2A2A2A2A2A2A2A2A2A2A2A1D
:10E360002A2A2A2A2A2A2A2A2A2A2A2A2A2A2A2A0D
:10E370002A2A2A2A2A2A2A2A2A2A2A2A2A2A2A2AFD
:10E380002A2A2A2A0D0A0000A8E30008000000201B
:10E3900048030000C8090008A0E400084803002062
:10E3A0004043000042B1000801141EACF7FF1FE813
:10E3B000042D107AFF1F0C29081620F4F01F503A84
:10E3C000F8044B907510C1120114FFFFFF02A1FF6A
:10E3D00009A0A2013655804A5D0545B864D9454576
:10E3E000902F5009B598D05802680A74657374303C
:10E3F00030313130012231172448014024081C40BB
:10E400002404041A400C21190C29084301401A2C39
:10E41000201A2C201A2C201A2C201A2C201A2C20DE
:10E420005A2C201A28201A28201A28201A28201AA4
:10E4300028201A28205A28201A34201A3C201A345E
:10E44000201A34201A3C201A34205A4020115A0134
:10E450000101111201138C041B209C041AAC041A34
:10E46000BC041ACC041ADC041AEC041AFC0441059E
:10E470002004210421134D51140821C33C08A00895
:10E48000341C68A0280812040224682D0102030429
:10E49000041506070809AC7A030A1839143100007C
:040000050800018965
:00000001FF
