:020000040800F2
:1000000088460020B1010008654F0008D51400089B
:10001000513E0008E10C00080FAD00080000000090
:10002000000000000000000000000000D56700088C
:10003000DD0D0008000000006D540008E1750008A7
:10004000CB010008CB010008CB010008CB01000860
:10005000CB010008CB010008390E0008CB010008D5
:10006000CB010008CB010008CB010008CB01000840
:10007000CB010008CB010008CB010008CB01000830
:10008000CB010008CB010008CB010008CB01000820
:10009000CB010008CB010008CB010008CB01000810
:1000A000CB010008CB010008CB010008CB01000800
:1000B000C176000819770008CB010008CB010008C1
:1000C000CB010008CB010008CB010008CB010008E0
:1000D000CB010008CB010008CB010008CB010008D0
:1000E000DD0F0008CB010008CB010008CB010008A0
:1000F000CB010008CB010008CB010008CB010008B0
:10010000CB010008CB010008F9770008CB010008FB
:10011000CB010008CB010008D5790008CB0100080D
:10012000CB010008CB010008CB010008CB0100087F
:10013000CB010008CB010008CB010008CB0100086F
:10014000CB010008CB010008CB010008CB0100085F
:10015000CB010008CB010008CB010008C9AA0008A8
:10016000CB010008CB010008CB010008CB0100083F
:10017000CB010008CB010008CB010008CB0100082F
:10018000CB010008CB010008DFF810D000F00AFC1A
:1001900000480047CDBE0008AFF30080884600202D
:1001A00030BF72B6704762B6704780F308887047F8
:1001B0000648804706480047FEE7FEE7FEE7FEE701
:1001C000FEE7FEE7FEE7FEE7FEE7FEE759760008FA
:1001D000890100082DE9F05F0546002092469B4604
:1001E00088460646814640241BE02846414647464D
:1001F000224600F0A0FA53465A46C01A914110D345
:1002000011461846224600F087FA2D1A67EB0108BE
:100210004F4622460120002100F07EFA17EB00092C
:100220004E41201EA4F10104DFDC484631462A4637
:100230004346BDE8F09FD2B201E000F8012B491E11
:10024000FBD270470022F6E710B513460A46044673
:100250001946FFF7F0FF204610BD421C10F8011BA5
:100260000029FBD1801A704710B5002200E0521C13
:10027000835C8C5CA34201D1002BF8D1D8B2E1B2EF
:10028000401A10BD034611F8012B00F8012B002A7B
:10029000F9D11846704730B505460020034600E006
:1002A0005B1C934205D2EC5CC85C201A01D1002C87
:1002B000F6D130BD2DE9FE4F804681EA0300C00F24
:1002C0000C46009021F0004123F00045B8EB0200FD
:1002D000A94105D24046214690461C460B4602469F
:1002E00023F00040104347D0270DC7F30A00C3F3A3
:1002F0000A510290401A019040286BDAC3F31300B0
:1003000040F4801B0098924620B10023D2EB030AF0
:1003100063EB0B0B01985946C0F14002504600F0C8
:10032000FBF906460D4650465946019A00F013FA6D
:1003300010EB08006141002487EA115284EAE77358
:100340001A4340D0009A62B3019A012A4FEA075239
:1003500015DC001B61EB02014FF0004202EA07527C
:10036000CDE90042001C41F5801132462B4600F0D9
:100370004AFA03B0BDE8F08F40462146F9E7001B7A
:1003800061EB0201001C41F5801300185B4120184D
:10039000A2F5001747EB030140EAD570B6196D418D
:1003A00011E06D084FEA360645EAC0754FEA07527C
:1003B000001B61EB0201001C41F5801149084FEA66
:1003C00030000019514132462B4603B0BDE8F04FD2
:1003D00000F00ABA0098012240000023D0EB02028C
:1003E00063EBE073009821464FEAE074B8EB00003D
:1003F00061EB0401E9E783F000435BE781F0004132
:1004000058E72DE9FE4F81EA030404F0004421F08F
:10041000004100944FF0000B23F0004350EA010428
:100420005ED052EA03045BD0C3F30A54C1F30A5509
:100430002C44A4F2F3340194A0FB0254C1F3130141
:1004400041F48011C3F3130343F4801301FB02440E
:1004500000FB034E840A970A44EA815447EA835713
:10046000A4FB076802958D0A05FB07854FEA932CCC
:1004700004FB0C542705029D4FEA065847EA16373D
:10048000B5EB08056EEB070C870E920E47EA811755
:1004900042EA8312A7FB0201B6EB0B0164EB0004F6
:1004A0002B0D43EA0C335E1844EB1C50DA465146E0
:1004B000E7FB0201C5F313044FEA0B3343EA14537D
:1004C0004FEA0432019C43EA0603A4F10C040294AF
:1004D000009CCDE900B400F096F903B0BDE8F08FC0
:1004E00000200146F9E72DE9F04D81EA030404F00C
:1004F000004B21F0004514464FF0000A23F0004164
:1005000050EA050220D054EA01021DD0C5F30A5773
:100510000246C5F31303C1F31300C1F30A5640F4B6
:10052000801543F48013A7EB0608101BD64608F28B
:10053000FD3873EB050002D308F1010801E09218C1
:100540005B41B8F1000F03DA00200146BDE8F08DF1
:1005500000204FF48011064684460EE0171B73EB13
:10056000050705D3121B63EB050306434CEA010C98
:1005700049084FEA300092185B4150EA0107EDD17B
:1005800052EA030012D082EA040083EA050108431C
:1005900005D0101BAB4106D20122002306E0002249
:1005A0004FF0004302E06FF0010253101AEB060017
:1005B0004CEB085110EB0A0041EB0B01BDE8F04D8C
:1005C00000F012B930B4044696230800214604D046
:1005D000B62330BC002200F0D9B820460021F8E74D
:1005E0000EB5C10F80EAE0700844CA07002140F24E
:1005F00033438DE80E000A460B4600F004F903B0C1
:1006000000BD0EB540F2334102910021CDE9001149
:100610000A460B4600F0F7F803B000BD3EB5CA1716
:10062000CB0F002450405140C0186141DA0740F21E
:1006300033430094CDE901232246234600F0E3F83A
:1006400003B030BD0EB540F2334202920022CDE934
:100650000022134600F0D7F803B000BDC1F30A52E0
:1006600010B5C1F3130140F2FF3341F480119A42F7
:1006700001DA002010BD40F233439A42A2F2334225
:1006800003DC524200F057F810BD904010BD00F05E
:10069000004230F000400AD0C10D01F56071C0F396
:1006A000160042EA0151C20840071143704700207A
:1006B0000146704701F0004330B421F0004150EA98
:1006C000010206D00A0DA2F56072C1F31301002ADF
:1006D00002DC30BC00207047440F44EAC104C10072
:1006E000E01830BC00EBC25000F047B830B50B4604
:1006F000014600202022012409E021FA02F59D4252
:1007000005D303FA02F5491B04FA02F52844151E25
:10071000A2F10102F1DC30BD202A04DB203A00FA0C
:1007200002F1002070479140C2F1200320FA03F348
:10073000194390407047202A04DB203A21FA02F046
:100740000021704721FA02F3D040C2F1200291400B
:10075000084319467047202A06DBCB17203A41FA96
:1007600002F043EAE07306E041FA02F3D040C2F13E
:10077000200291400843194670470029A8BF7047DE
:10078000401C490008BF20F00100704710B4B0FAC7
:1007900080FC00FA0CF050EA010404BF10BC704762
:1007A00049B1CCF1200421FA04F411FA0CF118BF7C
:1007B000012121430843A3EB0C01CB1D4FEA00614B
:1007C0004FEA102042BF002010BC704700EBC3501E
:1007D00010440029A4BF10BC7047401C490008BF4A
:1007E00020F0010010BC704710B5141E73F1000416
:1007F00008DA401C41F1000192185B411A4301D113
:1008000020F0010010BD2DE9F04D92469B4611B13C
:10081000B1FA81F202E0B0FA80F220329046FFF79E
:100820007BFF04460F4640EA0A0041EA0B015346AB
:100830005A46084313D0114653EA010019D0C8F1B3
:1008400040025046FFF777FF05460E465046594690
:100850004246FFF761FF084305D0012004E020462F
:100860003946BDE8F08D0020054346EAE0762C438A
:1008700037430A986305E40AA0EB08000022FD0A4A
:1008800044EA47540A3002D500200146E9E7010551
:1008900010196941DDE9084500196941BDE8F04DCD
:1008A000A2E72DE9F04D00231A461B1A8A4103DB0B
:1008B00000200146BDE8F08DC1F30A52C1F31301D7
:1008C00041F480154FF0000BD10702D100186D41A3
:1008D000521E0027044640F2FF11384601EB620A1F
:1008E0003E468046024600204FF48011FFF723FF6A
:1008F000C2197141BB1846EB0100B4EB030C75EB58
:10090000000C04D3E41A65EB000517460E462419C3
:1009100008F101006D4180463428E3DDF91946EB0A
:100920000600091BA84103D24FF0FF32134601E035
:10093000002213461BEB070046EB0A51BDE8F04DC1
:10094000FFF752BFC1F30A52C1F3130140F2FF3364
:1009500041F480119A4202DA00200146704740F2C9
:1009600033439A42A2F2334202DC5242FFF7E3BE23
:10097000FFF7D2BE30B5041E71F1000404DB4FF066
:100980000044404264EB0101141E73F1000405DBD6
:100990001C464FF00043524263EB0403994208BFE8
:1009A000904230BD064C074D06E0E06840F0010380
:1009B00094E8070098471034AC42F6D3FFF7E8FB01
:1009C00060E2000880E2000870B58C1810F8015B46
:1009D00015F0070301D110F8013B2A1106D110F8D8
:1009E000012B03E010F8016B01F8016B5B1EF9D1DC
:1009F0002B0705D40023521E0DD401F8013BFAE762
:100A000010F8013BCB1A921C03E013F8015B01F8CC
:100A1000015B521EF9D5A142D8D3002070BD70B53C
:100A200005460C46012D04D12046E11700F014F8CC
:100A300010E0022D04D12046E11700F04FF809E044
:100A4000032D07D12046E11700F006F82046E117F4
:100A500000F044F870BD000070B52DED088B054620
:100A60000E4628463146FFF7D9FD9FED150B53EC96
:100A7000102BFFF7C6FC9FED140B53EC102BFFF768
:100A800019FC9FED130B53EC102BFFF713FCFFF732
:100A9000E5FD84B210201049088304204883201209
:100AA00005F090FDE0B205F08DFD10200A49488365
:100AB0000420088308200883BDEC088B70BD00006B
:100AC0000000000000002040000000000000E03FA7
:100AD00000000000C0FFDF400000024070B52DEDB7
:100AE000088B05460E4628463146FFF797FD9FEDD9
:100AF000150B53EC102BFFF784FC9FED140B53ECFC
:100B0000102BFFF7D7FB9FED130B53EC102BFFF7C8
:100B1000D1FBFFF7A3FD84B2102010490883082001
:100B20004883201205F04EFDE0B205F04BFD102089
:100B30000A4948830420088308200883BDEC088BF9
:100B400070BD000000000000000020400000000018
:100B50000000E03F00000000C0FFDF400000024056
:100B600010B500F0E1FC10BD70B506460C46154608
:100B700008E03046721C96B200F007F804F8010B4A
:100B8000681E85B2002DF4D170BD70B504460026F4
:100B900000F07CFDA02000F045FD00F0C3FD201218
:100BA00000F040FD00F0BEFD2546E11704EB1161A9
:100BB0000912A4EB0121C8B200F034FD00F0B2FD2F
:100BC00000F064FDA12000F02DFD00F0ABFD002041
:100BD00000F0F6FC064600F07FFD304670BD70B5B3
:100BE00005460C46164606E02178284600F009F82E
:100BF000681C85B2641C301EA6F101018EB2F3D1CF
:100C000070BD70B504460E4600F040FDA02000F017
:100C100009FD00F087FD201200F004FD00F082FDC8
:100C20002546E11704EB11610912A4EB0121C8B2BA
:100C300000F0F8FC00F076FD304600F0F3FC00F028
:100C400071FD00F049FD0A2000F0CAF870BD0000F7
:100C50001CB50121202005F013FB0121402005F0E7
:100C60000FFB01208DF8040000208DF80600032002
:100C70008DF8050001208DF80700202000906946BE
:100C8000014800F057FB1CBD001802401CB50AF0DB
:100C90006DFE0121042005F0F3FA3F2000900020B2
:100CA0008DF8040001208DF8070069460B4800F01C
:100CB00041FB4FF47C60009001208DF8040000207F
:100CC0008DF8060003208DF8050001208DF807003F
:100CD0006946024800F02EFB1CBD000000080240DF
:100CE00000BFFEE770B502464FF6FF70002313E029
:100CF00012F8015B684000240AE000F0010525B10C
:100D00004AF2010585EA600000E04010651CECB283
:100D1000082CF2DB5D1CEBB28B42E9DB70BD0000FE
:100D200000B585B00121022005F0AAFA012188034F
:100D300005F0E6FA4FF46040039000208DF81000B3
:100D400001208DF8130003A9234800F0F3FA0D21C8
:100D5000012005F041FD0F21012005F03DFD4FF47C
:100D60000050009000208DF8040010208DF8050040
:100D700001208DF80600684600F086F928208DF8DD
:100D8000080003208DF809008DF80A0001208DF875
:100D90000B0002A804F0E8F84FF400400090002097
:100DA0008DF8040010208DF8050001208DF8060054
:100DB000684600F069F928208DF8080003208DF8B6
:100DC00009008DF80A0001208DF80B0002A804F03C
:100DD000CBF805B000BD00000004024070470000E1
:100DE00001B504490098086000BF02480068002867
:100DF000FBD108BD0C00002010B500210B4806F007
:100E000018FE002009492431086008492C31086087
:100E10004FF6FE7005491031088005488078032898
:100E200002D101210348817010BD0000000C004078
:100E3000480000208402002070B5012000F018F95D
:100E400000287DD05B48807803285ED15A4800781E
:100E500018B159480078012857D1564840780128E0
:100E600006D15448D0F8880054494968086008E021
:100E70005048407828B94F48D0F830014F49496868
:100E8000086002200BF0CDFD4D480068012828D1F4
:100E900000204C49086001204B49C1F88002002124
:100EA0004A48817001204A4908704A48008840F049
:100EB0000100484908804048007840B93F4A5268DC
:100EC00011683C4A5078012204F0A8F86EE03B4AD1
:100ED000526812685142374A5078012204F09EF855
:100EE00064E037480068002860D132494878012220
:100EF000002104F093F801203249086000203249B3
:100F0000C1F880023249087050E02A4880780328EE
:100F10004CD129480078022803D0274800780328BC
:100F200044D105200BF07DFD2548006801283DD106
:100F3000002400251F48407801280BD11D4800E0FF
:100F400037E0D0F888001D49496808601948D0F892
:100F500090500BE01748407840B91648D0F830015F
:100F60001649496808601348D0F83851EDB101209E
:100F700019490860FA20B5FBF0F0441E483C0020F7
:100F80001049086001201049C1F8800200210F4873
:100F9000817001200E4908700E48008840F0010061
:100FA0000C490880204600F0B9F800BF012000F08D
:100FB00059F870BD48000020C0010020A0020020A8
:100FC00000824042800240420000424284020020EF
:100FD000DC02002000040040EC01002010B51B489A
:100FE000006800F4005080B364200AF00FFD184838
:100FF00000681849D1F8381288420DD01648007898
:10100000401C154908701548007890B113480078C5
:10101000401E124908700CE010480078401C0F492F
:1010200008700D48007820B10B480078401E0A492E
:1010300008700B48408910B90120094948810348CC
:10104000006840F400500149086010BD143C0140A4
:101050003482404200804042E4020020E502002049
:10106000C80600200149086070470000143C014098
:1010700001460020034A12680A400AB1012000E03C
:1010800000207047143C0140002123498279002A46
:101090003AD00A46126803689A430B461A600A1D42
:1010A000126803689A430B1D1A60027911440A689A
:1010B00003681A430A60184A0832126803689A43A0
:1010C000154B08331A601A1D126803689A43124BB5
:1010D0000C331A604279102A0ED11A1F1268036865
:1010E0001A430D4B08331A601A1D126803681A431D
:1010F000094B0C331A600DE00749427911440A6824
:1011000003681A430A6005E0027911440A6803681B
:101110009A430A6070470000003C014070B50446E5
:1011200000252848007840B9274A52681168274AA4
:101130005078012203F072FF23E022480078012852
:1011400009D1214A526812685142204A507801223E
:1011500003F064FF15E01B480078022808D11A4A02
:1011600052681168194A5078012203F057FF08E0CD
:10117000154A526812685142144A5078012203F00D
:101180004DFF10480078012801DC651C01E0601C5F
:1011900045080F48056000200D49083908604FF6E2
:1011A000FE700B491C39088009482C38008840F033
:1011B000010007492C3908800120064908600649CA
:1011C000086070BDC0010020A0020020480000207F
:1011D0002C0C004084824042D002002051B1820099
:1011E000A2F1C042126842F001038200A2F1C042A3
:1011F000136009E08200A2F1C0421268034B1A405A
:101200008300A3F1C0431A6070470000FEFF0F0087
:1012100030B50021002200230468A400A4F1C044DA
:101220002168424C2140D0E901452C43C5682C433C
:1012300005692C4345692C4385692C43C5692C43BA
:10124000056A2C43456A2C43856A2C43C56A2C43A6
:10125000056B2C4321430468A400A4F1C044216021
:101260008468082C0BD10468A400A4F1C04424684D
:1012700044F040050468A400A4F1C044256004685B
:10128000641CA400A4F1C044226802F04042446BF4
:101290002468456B6D6844EA0514456BAD6844EA03
:1012A0000524456BAD8944EA0544456B2D8A44EA23
:1012B0000554456B2D7D44EA0564456BAD692C43AF
:1012C00022430468641CA400A4F1C0442260C46AE0
:1012D000B4F5804F20D10468A400A4F1C044D4F830
:1012E0000431134C2340846B2468856B6D6844EA99
:1012F0000514856BAD6844EA0524856BAD8944EA25
:101300000544856BAD692C4323430468A400A4F114
:10131000C044C4F8043107E06FF070450468A400CD
:10132000A4F1C044C4F8045130BD00008000F7FFB0
:101330000000F0CFF0B50A4600210023002400BFD2
:101340003DE0012505FA01F3156805EA03049C4216
:1013500034D105684F000326BE40B54305601579BA
:101360004E00B5400668354305601579012D02D061
:101370001579022D16D185684F000326BE40B5436E
:10138000856055794E00B54086683543856045686F
:1013900001268E40B5434560456896798E40B6B2C9
:1013A00035434560C5684F000326BE40B543C56060
:1013B000D5794E00B540C6683543C560491C102933
:1013C000BFD3F0BDF0B5002300244D07ED0E02FAA7
:1013D00005F3CE1000F1200555F826504E07F70E04
:1013E0000F26BE40B543CF1000F1200646F8275027
:1013F000CE1000F1200555F8265045EA0304CE1022
:1014000000F1200545F82640F0BD41837047018377
:101410007047000070B52DED088B054600249FED48
:101420001E0AB0EE408A0021284605F02FF8044637
:10143000B4F5004F11DA2046FFF7E3F841EC1A0B40
:101440009FED160B53EC102BFEF7DBFF41EC190B55
:10145000FFF730F908EE100A19E0E043401CFFF7EF
:10146000BFF841EC1B0B9FED0D0B53EC102BFEF75F
:10147000C8FF41EC1A0B9FED0B0B53EC102BFEF742
:10148000BDFF41EC190BFFF715F908EE100AB0EE9D
:10149000480ABDEC088B70BD000000000000000091
:1014A0000000803F000000000000000010B5162280
:1014B0000749E620FFF758FB0548D0F81200401C0A
:1014C0000349C1F812001622E620FFF788FB10BD81
:1014D0004803002000BFFEE710B500200F49086058
:1014E0000F48006820F440000D4908600846006875
:1014F00040F48000086000200A49C1F8AC020420D2
:101500000AF084FA01200549086004200AF07EFAF6
:1015100000200449C1F8A80210BD0000A882404282
:1015200000040240008040421CB50121022004F06A
:10153000A7FE4FF44060009001208DF804008DF864
:10154000060003208DF8050001208DF8070069468C
:101550000448FFF7EFFE0120034908600349C1F882
:10156000A8021CBD00040240AC8240420080404200
:1015700010B500200F4908600F48006820F44000B3
:101580000D4908600846006840F4800008600120AA
:101590000A49C1F8AC0204200AF038FA01200549D2
:1015A000086004200AF032FA00200449C1F8A802B9
:1015B00010BD0000A882404200040240008040426A
:1015C00070B5054600241448006820F44000124914
:1015D0000860002616E000201049086004200AF088
:1015E00015FA01200E49C1F8A8026006040E0B4846
:1015F0007C38006808B1601CC4B202200AF006FA08
:10160000701CC6B2082EE6DB15B9FFF7B1FF01E08A
:10161000FFF762FF204670BD00040240A8824042EE
:101620000080404270B504461548006820F4400030
:10163000134908600846006840F4800008600020F4
:1016400010490860002517E0E0090E49091D0860EF
:101650006006040E04200AF0D9F901200A49C1F8F5
:10166000A80204200AF0D2F90020064908600420EC
:101670000AF0CCF9681CC5B2082DE5DB70BD00008E
:1016800000040240A88240420080404210B50F484A
:10169000006820F440000D4908600846006840F4E6
:1016A0008000086001200A4908600A49C1F8A802C0
:1016B00008200AF0ABF900200549086008200AF06C
:1016C000A5F900200349C1F8A80210BD000402409A
:1016D000AC8240420080404210B50F48006820F4C0
:1016E00040000D4908600846006840F4800008602A
:1016F00000200A4908600A49C1F8AC0208200AF033
:1017000085F901200549086008200AF07FF90120C9
:101710000349C1F8AC0210BD00040240A882404257
:101720000080404210B500241248006820F44000B8
:101730001049086001201049086002200AF066F98B
:1017400001200E49C1F8A80202200AF05FF907E063
:10175000601CC4B2FA2C03DDFFF7BEFF012010BDF0
:101760000548803800680028F2D10349091F086045
:1017700000BFF4E700040240AC82404200804042D7
:101780001CB50121084604F07BFD0121022004F074
:1017900077FD0121022004F073FD0121082004F0EF
:1017A0006FFD0121102004F06BFD0121202004F0C9
:1017B00067FD0121402004F063FD4FF400406649BD
:1017C000088048F24000009001208DF804000020BD
:1017D0008DF8060003208DF8050001208DF8070024
:1017E00069465E48FFF7A6FD4020009001208DF875
:1017F000040000208DF8060003208DF8050001206C
:101800008DF8070069465648FFF794FD08200090C0
:10181000694651481A38FFF78DFD4FF40C4000908F
:1018200069465048FFF786FD0C214C48FFF7EFFD55
:101830004FF400414948FFF7E8FD41F601100090E0
:1018400001208DF8040000208DF8060003208DF89B
:10185000050001208DF8070069464048FFF76AFD42
:101860004FF43070009001208DF8040000208DF8B6
:10187000060003208DF8050001208DF80700694659
:101880003948FFF757FD43F24C00009001208DF8D6
:10189000040000208DF8060003208DF805000120CB
:1018A0008DF8070069463148FFF744FD4F2000904E
:1018B00001208DF8040000208DF8060003208DF82B
:1018C000050001208DF8070069462548FFF732FD25
:1018D00048F20100009001208DF8040000208DF8EE
:1018E000060003208DF8050001208DF807006946E9
:1018F00019481A38FFF71EFD00201D4908601D49D0
:10190000C1F880021A49091D086001201A490860BF
:10191000091D0860091D0860091D08601749086055
:1019200017490860164910310860091F08601049FE
:101930000C31086011492C390860091D08600F49F5
:101940001C3908600D49091F08600E490860C00372
:10195000014908801CBD00001A140240000002402A
:10196000001002400018024000040240000C024037
:10197000988240420000404280024242B48241428A
:10198000A0024042808242424CF6CC4001490860AD
:1019900070470000003000404AF6AA200149086064
:1019A0007047000000300040014948607047000067
:1019B000003000400149886070470000003000405E
:1019C0000149086070470000003000402DE9FC47E5
:1019D00000270020009001908046814600240025C9
:1019E0004FF4A06003F0FCFA00F036FA4FF47A618D
:1019F000052009F061FAFFF7C3FE4FF4E13009F06A
:101A000089F988A009F06AFA874809F067FA87A07F
:101A100009F064FA09F04CFA04200AF019F80AF007
:101A200073F801F0C7FA4FF4E13184A009F056FAD7
:101A30006420FFF7D5F909F03BFA08208A490880AD
:101A40008AA009F04BFA90A009F048FA4FF496707A
:101A5000FFF7C6F909F02CFA01F0DCF995A009F0BE
:101A60003DFAFFF7F5F897A009F038FAFFF71EFDE9
:101A70009848D0F8121098A009F030FA0AF0D4F87B
:101A800009F016FAFFF702F998A009F027FA04F016
:101A900029FD00210320FEF7C2FF98A009F01EFADD
:101AA000FFF73EF9A0A009F019FA09F001FA06F0D3
:101AB000E1FA06F057FBA1A009F010FA002003F0AC
:101AC0002FFA05F065FD09F0F3F90AF025F99FED0D
:101AD000A20A06F065F906F017FA00F03DFB09F0DE
:101AE000E7F99EA009F0FAF94FF41670FFF778F9BC
:101AF00009F0DEF900F056FC9C4881889CA009F0B2
:101B0000EDF94FF4FA70FFF76BF909F0D1F9FFF72F
:101B100027F89EA009F0E2F90AF020FF09F0C8F9C1
:101B20003220FFF75DF902F095F99DA009F0D6F992
:101B300009F0BEF908F0D2F809F0BAF940F2E7343A
:101B400053252946204606F0FDF899A009F0C6F96C
:101B50002A4621469BA009F0C1F9601C691C10FBB4
:101B600001F090FBF1F631469CA009F0B7F909F0BD
:101B70009FF9142142F20F7006F0B6F842F2CF013D
:101B8000601C06F083F83220FFF72AF909F090F97B
:101B90000020994908609948007818B19748007862
:101BA000012802D106F066FA01E006F09FFA09F07A
:101BB0007FF900209249086001209249C1F8800213
:101BC0008F49091D086000208F490860091D0860C1
:101BD000091D0860091D08608C4908608C4908606F
:101BE0008B4910310860091F086085490C31086075
:101BF00086492C390860091D086084491C39086031
:101C00008249091F08607C4930390860012303229A
:101C1000114680A009F062F985A009F05FF9BDE8DE
:101C2000FC8700000D0A00001CE200084D4355200F
:101C30005374617274210D0A0000000044656267EC
:101C4000755F5561727420696E6974204F4B212055
:101C50006261756420726174653D256420626974F7
:101C60002F730D0A0D0A000018140240416E676CB4
:101C70006F6720706F77657220686173206F706581
:101C80006E210D0A000000005761697420666F72B2
:101C900020616E616C6F6720706F77657220746F62
:101CA0002073746162696C697A652E2E2E2E2E2E39
:101CB000210D0A004C45445F496E6974204F4B2149
:101CC0000D0A0000426565705F496E6974204F4BD4
:101CD000210D0A00480300204D43555F504F525FCD
:101CE00054696D65733A25640D0A000042746E5F95
:101CF000496E6974204F4B210D0A0000414435356F
:101D000034325F496E6974204F4B2C536574204107
:101D10004435353432204F757470757420746F20DB
:101D20007A65726F210D0A00436F6465635F496EC7
:101D30006974204F4B210D0A00000000547269673E
:101D40006765724578494E31325F496E6974204F3C
:101D50004B210D0A00000000000000005265736571
:101D600074204C4344210D0A000000002042002052
:101D70004C4344204F4B21204C43444445565F493B
:101D8000443D307825780D0A00000000415432347B
:101D90004358585F496E6974204F4B210D0A00006B
:101DA00047657420506172204F4B0D0A00000000FF
:101DB000496E69742054696D657236204F4B210D50
:101DC0000A00000054696D657236204152523D256B
:101DD000642C5053433D25640D0A000054696D6521
:101DE0007236204F766572666C6F775F74696D65C9
:101DF0003D256475730D0A00B0824242C001002087
:101E0000988240420000404280024242B4824142F5
:101E1000A0024042736F6674776172655F76657287
:101E200073696F6E3A25642E25642E25640D0A00B1
:101E3000486172647761726520696E6974204F4BE6
:101E400021205379732072756E6E696E672E2E2E67
:101E50002E2E2E0D0A0D0A0010B5104800684FF402
:101E60007A71B0FBF1F4601EB0F1807F00D30FE017
:101E7000601E4FF0E02148610F214FF0FF3003F06A
:101E8000B9F800204FF0E02188610720086100BF09
:101E90000021481E03F0AEF810BD00003003002002
:101EA0000146062935DA0020A94A10600120A94A16
:101EB000C2F89C02A64A08321060121D1060121D62
:101EC0001060A44AC2F8AC02A1489838006808B96A
:101ED000002070479E489438006808B90120F8E750
:101EE0009B489038006808B90220F2E798488C387F
:101EF000006808B90320ECE795488838006808B9FD
:101F00000420E6E7924884380068002873D1052051
:101F1000DFE70C2936DA01208D4A106000208D4A57
:101F2000C2F89C0201208A4A08321060121D10601B
:101F3000121D1060874AC2F8AC02854898380068C4
:101F400008B90620C5E782489438006808B9072018
:101F5000BFE77F489038006808B90820B9E77C4897
:101F60008C38006808B90920B3E7794888380068D8
:101F700008B90A20ADE77648843800680028C5D142
:101F80000B20A6E7122937DA0120714A1060714A46
:101F9000C2F89C0200206E4A083210600120121D17
:101FA0001060121D10606B4AC2F8AC026848983885
:101FB000006808B90C208CE765489438006808B9B7
:101FC0000D2086E762489038006808B90E2080E747
:101FD0005F488C38006808B90F207AE75C48883879
:101FE000006808B9102074E7594884380068002850
:101FF0008CD111206DE7A1E0182936DA0120544A6E
:102000001060544AC2F89C02514A08321060002005
:10201000121D10600120121D10604E4AC2F8AC0261
:102020004B489838006808B9122052E7484894385D
:10203000006808B913204CE745489038006808B993
:10204000142046E742488C38006808B9152040E75C
:102050003F488838006808B916203AE73C48843879
:102060000068002871D1172033E71E2935DA0120D6
:10207000374A1060374AC2F89C02354A083210606D
:10208000121D10600020121D10600120314AC2F89C
:10209000AC022F489838006808B9182019E72C4876
:1020A0009438006808B9192013E729489038006867
:1020B00008B91A200DE726488C38006808B91B209B
:1020C00007E723488838006808B91C2001E7204842
:1020D0008438006890BB1D20FBE6242935DA0120F6
:1020E0001B4A10601B4AC2F89C02194A0832106051
:1020F000121D1060121D10600020164AC2F8AC02BA
:1021000013489838006808B91E20E2E61048943851
:10211000006808B91F20DCE60D489038006808B94F
:102120002020D6E60A488C38006808B92120D0E67D
:1021300007488838006810B92220CAE605E004483C
:102140008438006808B92320C3E6FF20C1E60000F8
:1021500098024142000041421CB50121402004F098
:102160008FF80820009001208DF8040000208DF8E1
:10217000060003208DF8050001208DF80700694650
:102180001248FFF7D7F808F093FE08200F491A31DC
:102190000880C820FEF724FE08200C49183108806A
:1021A00008F086FE4FF41670FEF71AFE08F080FE67
:1021B000082006491A310880C820FEF711FE0820C1
:1021C00002491831088008F073FE1CBD0018024057
:1021D00070B5044600261948058808F069FE1748BE
:1021E000408845431548808846F60401884216D148
:1021F00012488079012812D10020104988712A20C4
:1022000048812B2088810021084600F0C7FC01206E
:102210000A4988712B2048812A20888103E0002107
:10222000084600F0BBFC00F0E3FD002602E0044895
:102230000480761CAE42FAD370BD0000204200201C
:102240000000026010B5044608F032FEDCB9002040
:102250001C498871F02008804FF4A070488008461F
:10226000808841F66311884228D12C2015490881C5
:102270002B2048812A2088814FF4F07008804FF489
:10228000487048801AE001200E4988714FF4A07010
:102290000880F02048800846808841F66311884213
:1022A0000CD12C20074908812A2048812B208881C5
:1022B0004FF4F07008804FF488704880002000F0E0
:1022C000F3FA10BD2042002070B504460D461646B4
:1022D00008F0EEFD1A48808841F66311884227D144
:1022E0001748807920B916480088401E001B84B228
:1022F0001349488900F076FD201200F06DFDE0B230
:1023000000F06AFD201200F067FDE0B200F064FD0D
:102310000B49888900F066FD281200F05DFDE8B2E7
:1023200000F05AFD281200F057FDE8B200F054FD0D
:102330000348008903490880881C068070BD00009E
:1023400020420020FEFF01602DE9F05F05460E46A9
:1023500017469846DDF828A04FF0000B08F0A8FDBE
:10236000781B401C1FFA80FB344615E021462846A6
:1023700000F014FC00F03CFD4FF0000906E00848B6
:10238000A0F800A009F101001FFA80F9D945F6DB99
:1023900008F08EFD601C84B24445E7DDBDE8F09F87
:1023A000000002602DE9F041A2B0002500260027C0
:1023B000A8460121182003F063FF0121084603F01D
:1023C0006FFF4CF6B370209002208DF8840000203F
:1023D0008DF8860003208DF8850001208DF8870098
:1023E00020A9FE48FEF7A6FF4FF68070209002203D
:1023F0008DF8840000208DF8860003208DF885007C
:1024000001208DF8870020A9F548FEF793FF0C22E4
:102410000021F248FEF7D6FF0C220121EF48FEF71B
:10242000D1FF0C220421ED48FEF7CCFF0C22052140
:10243000EA48FEF7C7FF0C220821E848FEF7C2FF72
:102440000C220921E548FEF7BDFF0C220A21E348D2
:10245000FEF7B8FF0C220E21E048FEF7B3FF0C2276
:102460000F21DE48FEF7AEFF0C220721DC48FEF705
:10247000A9FF0C220821DA48FEF7A4FF0C2209214B
:10248000D748FEF79FFF0C220A21D548FEF79AFF96
:102490000C220B21D248FEF795FF0C221146D048A2
:1024A000FEF790FF0C220D21CD48FEF78BFF0C228A
:1024B0000E21CB48FEF786FF0C220F21C848FEF7FD
:1024C00081FF0C220721C548FEF77CFF0C220B215F
:1024D000C248FEF777FF10200A9000200B903C20A6
:1024E0000C9000200D9002200E9000200F90109074
:1024F00012200390002004901020059000200690E8
:102500000790089009901190129013901020149049
:102510000020159017901690189019904FF4805045
:102520001A9000201B904FF480401C9000201D90BA
:102530000AA81E9003A81F9011A8FEF769FE0121AA
:102540000020FEF74BFE08F0B3FC4FF44870FEF796
:1025500047FC08F0ADFC002000F068F9A149888034
:1025600008468188A0A008F0B9FC002001900290E4
:102570000024A12000F036FC052009F047FA00F005
:102580004BF9C0B28DF8040000F046F9C0B28DF8E6
:10259000050000F041F9C0B28DF8060000F03CF9EA
:1025A000C0B28DF8070000F037F9C0B28DF808000E
:1025B00092A008F093FC00BF06E001A8015D93A083
:1025C00008F08CFC601CC4B2052CF6DB91A008F06E
:1025D00085FCA12000F006FC00F01EF981498880EE
:1025E00000F01AF97F498880084680884FF6FF710D
:1025F00001EA00207B49888000F00EF9794989883A
:102600000843784988800846818877A008F066FCEE
:102610000A20FEF7E5FB08F04BFC41F66310714918
:1026200088800846808841F6631188427ED108F090
:102630003FFCE22000F0D6FB1D2000F0CDFB022085
:1026400000F0CAFB042000F0C7FB642009F0DEF9AB
:10265000E02000F0C7FB012000F0BEFB0A20FEF7DF
:10266000BFFBE02000F0BEFB032000F0B5FB0C2018
:10267000FEF7B6FB012000F0B5FB0A20FEF7B0FB29
:102680004FF44870FEF7ACFBE62000F0ABFB2F20C8
:1026900000F0A2FBFF2000F09FFBFF2000F09CFB5E
:1026A000B02000F09FFB102000F096FB002000F00F
:1026B00093FB08F0FDFB012000F08EFB40F2DF10E1
:1026C00000F08AFB012000F087FB40F20F1000F0C1
:1026D00083FB002000F080FBB42000F083FB02208D
:1026E00000F07AFB40F2DF2000F076FB002000F0E3
:1026F00073FB2E2000F070FB002000F06DFB00202B
:1027000000F06AFB002000F067FB002000F064FB93
:1027100008F0CEFBB62000F065FB012000F05CFB6A
:102720004FF49E7000F058FB002000E04BE000F0FA
:1027300053FB172000F050FB152000F04DFB00204C
:1027400000F04AFB002000F047FBF02000F04AFBBD
:10275000032000F041FB292000F044FBD02000F0D2
:1027600041FB002000F038FBBE2000F03BFB0520C1
:1027700000F032FBFE2000F02FFB012000F02CFBCC
:10278000002000F029FB002000F026FB002000F0D4
:1027900023FB08F08DFBB82000F024FB032000F0A1
:1027A0001BFB012000F018FBBA2000F01BFB0120EE
:1027B00000F012FB002000F045F8C820FEF710FBE7
:1027C000002000F03FF80120FFF73CFD42F204102A
:1027D000FFF7FEFC22B0BDE8F0810000000C0240D3
:1027E00000100240204200206C63646465762E690C
:1027F000643D307825780D0A000000006765745F3D
:102800006C63645F6D6F64653A000000203078256A
:10281000780000000D0A000008B503480088009009
:10282000BDF8000008BD00000000026010B50446BD
:10283000204600F0D7FA052009F0E8F8FFF7ECFF92
:1028400010BD000070B52DED048B044608F030FB80
:10285000BE2000F0C7FA052000F0BEFA2046FDF7C2
:10286000D0FE41EC190B9FED0E0B53EC102BFDF736
:10287000C8FD41EC180BFDF7F1FE85B2284600F0CB
:10288000ABFA012000F0A8FAFF2000F0A5FA002022
:1028900000F0A2FA002000F09FFABDEC048B70BD9E
:1028A00066666666666604402DE9F04105460024CA
:1028B000002708F0FDFAB848807901280BD1B64806
:1028C000808846F60401884205D0B348808841F6E6
:1028D0006311884208D1B0488079F0B9AE48808849
:1028E00041F66311884218D1082D15D2DFE805F0B2
:1028F0000406080A0C0E101206250DE007250BE051
:10290000042509E0052507E0012505E0002503E091
:10291000032501E0022500BF00BF9F48808849F2DF
:102920004131884217D09C48808846F6040188428D
:1029300011D09948808845F2103188420BD09648D2
:10294000808845F21051884205D09348808841F62E
:10295000631188427ED1082D1CD2DFE805F0040601
:10296000090C0F12151800BF14E044F0800411E0A8
:1029700044F040040EE044F0C0040BE044F02004B6
:1029800008E044F0600405E044F0A00402E044F0F4
:10299000E00400BF00BF8048808845F210518842A3
:1029A00002D14FF4585700E036277B48808845F223
:1029B000103188420DD07848808845F21051884205
:1029C00007D07548808841F66311884201D044F0F1
:1029D00008047148808846F60401884201D144F019
:1029E00002042146384600F00DFA6B48808841F613
:1029F000631188421DD004F0200068B16648008849
:102A000065494988884214DA6348068840886249E3
:102A10000880084646800CE05F4800885E49498887
:102A2000884206DD5C48068840885B490880084685
:102A300046805948808845F21051884254D1564901
:102A4000488900F0CFF9002000F0C6F952494989C1
:102A5000491C00E077E088B200F0C4F9002000F0E3
:102A6000BBF94D494989891C88B200F0BBF94A4934
:102A70000988491EC1F30F2000F0AEF94649498983
:102A8000C91C88B200F0AEF943490978491EC8B2A2
:102A900000F0A2F94049888900F0A4F9002000F074
:102AA0009BF93D498989491C88B200F09BF90020B7
:102AB00000F092F938498989891C88B200F092F9AE
:102AC00035494988491EC1F30F2000F085F9324984
:102AD0008989C91C88B200F085F92F498978491E77
:102AE000C8B200F079F955E02B49488900F07AF92D
:102AF000002000F071F9002000F06EF926490988E5
:102B0000491EC1F30F2000F067F923490978491ED7
:102B1000C8B200F061F92049888900F063F900200B
:102B200000F05AF9002000F057F91B494988491E66
:102B3000C1F30F2000F050F917498978491EC8B237
:102B400000F04AF926E0082D1CD2DFE805F0040762
:102B50000A0D0F12151844F0300413E044F010046D
:102B600010E044F020040DE000BF0BE044F0380416
:102B700008E044F0280405E044F0180402E044F0C2
:102B8000080400BF00BF032744F4805421463846A0
:102B900000F038F9BDE8F0812042002070B504460D
:102BA0000D462848808841F66311884248D108F0D4
:102BB0007FF924488079A8B922480088401E001B6C
:102BC00084B22049488900F00DF9201200F004F980
:102BD000E0B200F001F9201200F0FEF8E0B200F0DF
:102BE000FBF816E01749488900F0FCF8201200F0C5
:102BF000F3F8E0B200F0F0F812490988491EC1F379
:102C00000F2000F0E9F80F490978491EC8B200F01A
:102C1000E3F80C49888900F0E5F8281200F0DCF8A8
:102C2000E8B200F0D9F807494988491EC1F30F20DE
:102C300000F0D2F803498978491EC8B200F0CCF8F8
:102C400070BD0000204200202DE9F84F80460E465E
:102C500017461C46B3462046E31704EB5373DB10BC
:102C600021464FEAE47C04EB5C7C4FEAEC0CA4EBDD
:102C7000CC0CBCF1000F02D04FF0010C01E04FF082
:102C8000000C6344224604EBD27C4FEA6C0C03FB3D
:102C90000CF3DBB2009308F00BF9A7F12000C7B2E8
:102CA000002554E00C2C07D107EB47002A4901EB23
:102CB000800010F8059013E0102C05D1274800EB98
:102CC000071010F805900BE0182C07D107EBC70090
:102CD000234901EB800010F8059001E0BDE8F88F72
:102CE0004FF0000A2DE009F0800028B1314640463F
:102CF0000C9AFFF7E9FA06E00A9820B931464046F7
:102D00000B9AFFF7E1FA4FEA49604FEA1069701C2D
:102D100086B214484088B04200DCDFE7A6EB0B0027
:102D2000A0420AD15E4608F101001FFA80F80D4862
:102D30000088404500DCD1E706E00AF1010000F020
:102D4000FF0ABAF1080FCEDB00BF681CC5B20098BD
:102D50008542A7DB00BFC1E75CCA0008D0CE0008EF
:102D6000C0D40008204200202DE9FF5F04460D4634
:102D7000904699460EAE96E8C00CE0B2039008F07B
:102D800097F808EB04001FFA80F809EB05001FFA1A
:102D900080F917E0444502DB039CA81985B24D4534
:102DA00000DB15E000208DE8010C3A783346294617
:102DB0002046FFF749FF304606EBD07104EB610176
:102DC0008CB27F1C38787E2802DC38782028E1DA43
:102DD00000BFBDE8FF9F0000014908807047000068
:102DE000000002600149088070470000FEFF01609A
:102DF00002480089024908807047000020420020F4
:102E0000FEFF0160024A1080921C11807047000092
:102E1000FEFF01601CB50121084603F031FA0121D3
:102E2000022003F02DFA0121082003F029FA0121E4
:102E3000102003F025FA41F60110009001208DF8D2
:102E4000040000208DF8060003208DF80500012005
:102E50008DF8070069461748FEF76CFA4FF430709A
:102E6000009069461448FEF765FA43F24C00009062
:102E700069461248FEF75EFA1F2000906946104826
:102E8000FEF758FA41F601110A48FEF7C0FA4FF46E
:102E900030710948FEF7BBFA43F24C010748FEF7D0
:102EA000B6FA1F210648FEF7B2FA0020054908606D
:102EB0001CBD00000000024000040240000C024063
:102EC00000100240988240420020064908600649EE
:102ED000C1F8B00203490C3108600449C1F8A402EA
:102EE00070470000A0024042000040420080404283
:102EF0000020064908600649C1F88C0203491031D8
:102F000008600349C1F8B00270470000888241425E
:102F10000080414224480078022809D10120234939
:102F200008604FF4FA7020494880012008700BE0D7
:102F30001D480078012807D11B48408820B900208F
:102F40001A4908601849087017480079022806D104
:102F50004FF4FA701449C8800120087109E0124842
:102F60000079012805D11048C08810B900200E4909
:102F700008710D48007A022809D101200C49086027
:102F80004FF4FA7008494881012008720BE00648A6
:102F9000007A012807D10448408920B9002004495B
:102FA0000860014908727047D80600208C0242422E
:102FB000B482414210B57B2003F040FA10B118A052
:102FC00007F08CFF7A2003F039FA10B119A007F04E
:102FD00085FF7C2003F032FA10B11BA007F07EFFC2
:102FE0007D2003F02BFA10B11CA007F077FF7E20A4
:102FF00003F024FA10B11EA007F070FF7F2003F049
:103000001DFA10B11FA007F069FF792003F016FA2E
:1030100010B121A007F062FF03F092F910BD00008B
:103020005243435F464C41475F504F525253540DF9
:103030000A0000005243435F464C41475F50494EEF
:103040005253540D0A0000005243435F464C41471F
:103050005F5346545253540D0A0000005243435FDD
:10306000464C41475F495744475253540D0A0000AC
:103070005243435F464C41475F575744475253546E
:103080000D0A00005243435F464C41475F4C505786
:10309000525253540D0A00005243435F464C41477D
:1030A0005F424F525253540D0A0000002DE9F04187
:1030B00000250024002708F039FC0546002D77D0B4
:1030C000681E032190FBF1F0C4B2681E90FBF1F280
:1030D00001FB1200C7B2002F6AD1242C68DA0B2C36
:1030E00067D1F848807838B9F7488078012801D04E
:1030F00002F0D0FCBDE8F081F2488078032810D1BE
:10310000F1488078012805D0EE4948780022114620
:1031100001F084FF0020ED4908600121EA48817038
:10312000E8E7FF20E749C87001F0D4FFFFF7E0FEB1
:10313000E548807801286BD1E548008918B149F647
:103140004040E3490881012007F070FB0220DD497F
:1031500081F8730108464078012816D1DD4840689F
:103160000168DDA007F0BAFEDA4840680068E5496A
:10317000884206D90120E4490870E4A007F0AEFEB9
:103180001BE00020E049087017E0D2484068016861
:10319000E5A007F0A3FECF4840680068ED498842EB
:1031A00008D90120D8490870EBA007F097FE04E089
:1031B00066E23DE00020D4490870D348007810B999
:1031C00002F076F95CE200260020EA4908701CE073
:1031D00007F06EFE08F03EFD06460B2E06D10120DC
:1031E000E54981F8BA0102F063F90FE00A2E04D133
:1031F0000120E14981F8BA0108E0DE48007820B9F1
:103200000120DC49087007F089FAE1E700BFD9E73F
:10321000AD4880780128D5D0AA49487800221146C7
:1032200001F0FCFE0020A949086002F033FCC9E768
:103230000A2C2AD1A34880780028C3D0FF20A149B6
:10324000C87001F047FFFFF753FE9F48807858B9D8
:1032500002F01EF99B4948780022114601F0DEFE7B
:1032600001209A490860ADE79748807802280BD181
:10327000C248006840F00100C049086002F0F8F858
:103280000020924908609DE79CE7092C15D18D48E4
:103290000078012803D102208A49087002E0012049
:1032A00088490870FF208749C87001F013FFFFF7B5
:1032B0001FFE01208649088184E7182C1AD1FF20BF
:1032C0008049C87001F006FFFFF712FE7D48807844
:1032D00000289CD17C488078012898D107F0A6FA74
:1032E0000220784981F8730102F0E2F80220A44933
:1032F000087067E7042C76D1734880780128FAD1EA
:103300007148007800F0020028B16F48007820F082
:1033100002006D4908706C488078012801D002F0E5
:10332000B9FB6848407808B9012000E000206549F1
:103330004870022092490871FF206249C870FFF767
:10334000C3FDFFF7D5FD00205E4981F87001002123
:103350005C4880F872114078012850D18948407843
:1033600020F00100874948700846407840F001008D
:103370004870544890F8A8005249887108468079EE
:10338000887081480078814908707F48801C0268F5
:1033900041684C488030C0E904218038807830B1E1
:1033A00001280CD0022814D0032826D11CE045485F
:1033B000007A444948710120754908601EE041487F
:1033C00090F830003F494871012071491031086080
:1033D00014E03C4890F858003A49487101206C4983
:1033E0000C3108600AE0D9E0364890F88000354991
:1033F000487101206749086000E000BF4DE0614866
:10340000407820F001005F494870002048702D4846
:1034100080792C4981F8A800084690F8A8008870A7
:10342000594840785949087057480A30016842683D
:103430005948C0E904122348807830B101280DD0E2
:10344000022815D0032826D11CE01E4890F8B000B1
:103450001C49487101204E4908601DE0194890F848
:10346000D80018494871012049491031086013E01B
:10347000144890F8000113494871012044490C3167
:10348000086009E00F4890F828010E4948710120B2
:103490004049086000E000BF00BF3A48407800F0B3
:1034A00001003849097801F00101884202D0012069
:1034B00003F05CFF0120304981F8BA01044908811A
:1034C00080E600004800002084020020840242427E
:1034D000C8060020A002002042544E5F53494E47C8
:1034E0004C4554524947474552204D6F646520561C
:1034F0006F6C746167652C416D706C3D25640D0ABD
:10350000000000000051250240000020457863655E
:103510006564696E67207361666520766F6C74619F
:1035200067650D0A0000000042544E5F53494E4744
:103530004C4554524947474552204D6F64652043DE
:10354000757272656E742C416D706C3D25640D0A48
:103550000000000080969800457863656564696E98
:103560006720736166652063757272656E740D0AFB
:1035700000000000410000200C050020003C01403C
:10358000D8060020E801002048030020C0010020E8
:10359000A0024042A4824042700100201F2C71D141
:1035A000FE48807801286DD1FD490860FD4800780B
:1035B000401CFC49087008460078042801DB002004
:1035C0000870F8480178F8A007F088FCF548007802
:1035D00018B1F4480078012802D104F04BFD01E055
:1035E00004F084FDF4484078012804D1ED480078C7
:1035F000F249087003E0EB480078F0494870162261
:10360000EE49E620FDF7EBFAE6480078022803D001
:10361000E448007803282AD10120E749C87001F561
:10362000A870D0E9043044F620629A1A70F10000C4
:103630001AD244F620600021E14AC2E90401104692
:10364000D0E90410DC4AD2F854210832DA4BDB7896
:1036500002EBC302C2E90010FF20D749C87001F095
:1036600039FD012007F0E2F8FF20D349C870D348A4
:1036700042780178D3A007F031FC0020C8490860E7
:10368000E1E3FFE7A4BBC5488078012803D0CA481E
:10369000807803284AD102F0FDF9D64800884FF619
:1036A000FE710840D34908800020D24924310860C7
:1036B0000120D14908600020D049C1F88002FFF7FD
:1036C00017FCBD48807808B3FFF7FEFB0120CA490C
:1036D000203108600020B8498870084640780128E9
:1036E00007D10846807888710846007A487109E059
:1036F0001CE0B1488078B04981F8A800084690F8ED
:10370000B00048710120BE4981F8BA010020BD49CE
:1037100008600120BC49C1F88002FF20A649C8709A
:1037200001F0D8FC0120B94908818CE3022C5AD160
:103730009A488078012803D09F488078032852D186
:1037400002F0A8F90121954881700020AC4981F868
:10375000BA01A84800884FF6FE710840A5490880C4
:103760000020A449243108600120A34908600020FA
:10377000A249C1F88002FFF7BBFB8F48807802287E
:1037800021D0FFF7A1FB01209B492C3108600220CA
:103790008949887008464078012807D10846807812
:1037A0008871084690F85800487108E0824880788F
:1037B000814981F8A800084690F80001487101206D
:1037C0008F4981F8BA0100208E49086001208E4996
:1037D000C1F88002FF207849C87001F07BFC01200D
:1037E0008A4908812FE3012C59D16C48807801283F
:1037F00003D071488078032851D102F04BF90121A0
:103800006648817000207E4981F8BA0179480088B5
:103810004FF6FE7108407749088000207549243131
:10382000086001207449086000207449C1F88002D2
:10383000FFF75EFB60488078012820D0FFF744FB4B
:1038400001206D49303108605B4988700846407836
:10385000012807D1084680788871084690F8300022
:10386000487108E054488078534981F8A800084618
:1038700090F8D80048710120614981F8BA01002010
:103880006049086001206049C1F88002FF204A4970
:10389000C87001F01FFC01205C490881D3E2032CB1
:1038A0004FD13E48807801284BD1FFF721FB424899
:1038B0008078032820D0FFF707FB012054490860D7
:1038C00003203D49887008464078012807D1084602
:1038D00080788871084690F88000487108E0364882
:1038E0008078354981F8A800084690F82801487189
:1038F0000120434981F8BA012A48007818B12948C3
:103900000078012802D104F0B5FB01E004F0EEFBE1
:1039100001203C4908600A20FDF762FA26484078F9
:1039200030B94FF400403B4908800A20FDF758FAAF
:10393000FF202149C87001F0CDFB012033490881E7
:1039400081E2222C68D115488078012864D108F0E2
:10395000A7FC1948807858B117488078012807D00B
:1039600015488078022803D013488078032895D121
:10397000FFF7BEFA1048C07801285DD00120084941
:10398000283908600C4890F87301022803D10120FF
:10399000094981F87301012007493EE084020020B3
:1039A000B4824142C0010020576176655F7479702E
:1039B000653D25640D0A00004800002048030020F2
:1039C00098010020734164646974696F6E616C448E
:1039D0006174612E565F576176655F747970653AE0
:1039E00025642C435F576176655F747970653A256D
:1039F000640D0A0000040040800240420000424280
:103A00000C050020B082424200004042C80600205F
:103A1000A4824042181402406DE0C870002102F0F8
:103A200075FF0120FE4981F870010021FC4880F8F3
:103A3000711180F872115BE0F948C07801283DD11E
:103A4000F848007818B1F748007801281CD1F648EA
:103A5000D0E9042042F21071511A70F1000005D231
:103A600042F210720021F048C0E90421EE48D0E98A
:103A70000410EB4AD2F854210832E94BDB7802EB10
:103A8000C302C2E9001019E0E748D0E9042044F677
:103A90002063D21A70F1000004D219460022E248D5
:103AA000C0E90412E049D1E90401DD4AD2F8542109
:103AB0000832DB4BDB7802EBC30203C2D84890F834
:103AC000730101280AD10020D54981F87301012032
:103AD00006F0ACFE0220D24981F87301FF20D049E4
:103AE000C870002081F870010021CD4880F8721163
:103AF00001F0F0FAA7E1232C45D1CC4880780128C9
:103B000041D108F0CDFBFFF7F3F9C548C078E8B123
:103B10000120C7490860C24890F87301022803D108
:103B20000120BF4981F873010020BD49C870002100
:103B3000012002F0EBFE0120B94981F8700100215B
:103B4000B74880F8711180F8721119E0B44890F804
:103B5000730101280AD10020B14981F873010120C5
:103B600006F064FE0220AE4981F87301FF20AC49E3
:103B7000C870002081F870010021A94880F87211F6
:103B800001F0A8FA5FE1212C6CD1A84880780128C7
:103B900068D108F085FBA2488078012803D0A048AE
:103BA00080780228A6D1FFF7A3F99D48C0780228A3
:103BB0001ED001209E4910310860994890F8730189
:103BC000022803D10120964981F87301022094490B
:103BD000C8700021012002F099FE0120904981F86F
:103BE000700100218E4880F8711180F8721136E062
:103BF0008B48C078022818D18B48D0E904208D4B1F
:103C0000D21A70F1000004D21A4600218648C0E999
:103C100004218549D1E90401814AD2F854210832AE
:103C20007F4BDB7802EBC30203C27D4890F873013F
:103C300001280AD100207A4981F87301012006F099
:103C4000F5FD0220764981F87301FF207449C870A0
:103C5000002081F870010021714880F8721101F094
:103C600039FAF0E0202C69D170488078012865D1BC
:103C700008F016FB6A48807802285ED1FFF738F911
:103C80006748C07803281ED00120694928310860A0
:103C9000634890F87301022803D10120604981F83C
:103CA000730103205E49C8700021012002F02EFE3E
:103CB00001205B4981F870010021594880F8711199
:103CC00080F8721137E05648C078032819D1564859
:103CD000D0E90420584BD21A70F1000004D21A46E1
:103CE00000205149C1E904204F48D0E904104C4A52
:103CF000D2F8542108324A4BDB7802EBC302C2E906
:103D00000010474890F8730101280AD10020444967
:103D100081F87301012006F089FD0220404981F8F5
:103D20007301FF203E49C870002081F87001002116
:103D30003B4880F8721101F0CDF984E0132C03D1D7
:103D4000002002F075FE7EE01D2C03D1012002F060
:103D50006FFE78E0172C03D1022002F069FE72E0BA
:103D6000112C03D1032002F063FE6CE01C2C03D164
:103D7000042002F05DFE66E0162C03D1052002F05F
:103D800057FE60E0102C03D1062002F051FE5AE0ED
:103D90001B2C03D1072002F04BFE54E0152C03D15D
:103DA000082002F045FE4EE00F2C03D1092002F05E
:103DB0003FFE48E0072C03D10B2002F039FE42E021
:103DC0001E2C03D10C2002F033FE3CE0192C08D14C
:103DD000134890F8720188BB0121114880F87211D4
:103DE00031E00D2C2FD1FFF783F808F059FAFF20AE
:103DF0000B49C87001F06EF90020094981F8700183
:103E00000021074880F8721190F8730101281AD137
:103E10000020034981F87301012006F007FD0EE040
:103E200048000020C00100209801002084020020EA
:103E300088824142400D0300A086010003E0022079
:103E4000024981F8730100BFFFF754B94800002010
:103E500000BFFEE770B5DE22FC494FF40070FCF7AE
:103E600083FEFA4800787E2804D1F84890F8DD00F7
:103E700045287DD0F6A007F031F80020FE490870F3
:103E80000120487003F072FA012007F0ABFDFB48F7
:103E9000007A40F00B00F9490872084690F83000AB
:103EA00040F00B0081F83000084690F8580040F0D0
:103EB0000B0081F85800084690F8800040F00B0095
:103EC00081F88000084690F8B00040F01A0081F8B0
:103ED000B000084690F8D80040F01A0081F8D800E9
:103EE000084690F8000140F01A0081F800010846E9
:103EF00090F8280140F01A0081F82801FF2088700E
:103F00000846007A48717E20D04908700120487028
:103F1000D948407800F0010088700020C87008710E
:103F2000D648007A487100208871C871D449C74AC0
:103F30009160D060D348002110615161CF4890F862
:103F4000300011460876002048768876C876CC493D
:103F5000D1611062CB48002150629162CA48D062A0
:103F60001163C64890F85800114681F8340000E00B
:103F700008E2002081F8350081F8360081F837002A
:103F800081F83800BE480021393210605160BD48C8
:103F9000083210605160BC48083210605160BB4963
:103FA0000020083211605060B44890F88000A749A2
:103FB00081F85900002081F85A00B24800210A32E5
:103FC00010605160AD4890F8B000A04981F86300DE
:103FD000002081F8640081F86500A94800210B32B7
:103FE0001060516041100020083211605060A348F9
:103FF00090F8D800954981F87600002081F8770084
:1040000081F8780081F879009D490C321160506088
:1040100049100832116050600832116050609748B2
:1040200090F80001894981F89200002081F89300FE
:1040300081F8940081F8950081F8960090490D323E
:104040001160506048100021083210605160083241
:10405000106051608D48083210605160874890F8B8
:1040600028017A4981F8B700002081F8B800864914
:104070000A3211605060754981F8C10081F8C200B0
:1040800081F8C30081F8C40081F8C50081F8C6003A
:1040900081F8C70081F8C80000211032116051601A
:1040A0000832106050606949C1F8D900452081F894
:1040B000DD00DE224FF40070FCF791FD0220744910
:1040C000087048706E490020714A921C116050605F
:1040D00008321160506016226D49E620FCF77FFD22
:1040E0005A48407965490872584881796348817215
:1040F0005648C1796148417254488168C2685F4836
:10410000C0E906125149086949695C4AC2E90401DB
:104110004E48007E114681F830004C48417E1046E2
:1041200080F832104948817E104680F831104748A7
:10413000C17E104680F833104448C269016A4F4876
:10414000C0E910214148426A806A4C49C1E90E2009
:104150003E48C26A016B4948C0E912213B4890F8C9
:104160003400464981F85800384890F835104348E3
:1041700080F85A10354890F83610404880F85910A9
:10418000324890F837103D4880F85B102F4890F87F
:1041900038103A4880F85C102C4839300168426881
:1041A0003648C0E91A122949413108684968334A3A
:1041B000C2E9180125484930016842682F48C0E922
:1041C0001C1222485130016842682C48C0E91E1276
:1041D0001E4890F85900294981F880001B4890F842
:1041E0005A10264880F8811018495B3108684968E0
:1041F000224A8032C2E90201144890F863001F4944
:1042000081F8B000114890F864101C4880F8B21092
:104210000E4890F86510194880F8B1100B486630C8
:10422000026841681548B030C0E9042107486E3083
:10423000026841681148B030C0E90221034890F893
:1042400076000E4981F8D800004823E05E03002084
:104250004C6F616420706172206572726F722C7392
:10426000657420746F2064656661756C7420766176
:104270006C7565210D0A0000E8010020480000204F
:1042800080841E00C0E1E40040420F0080C3C901E9
:104290004803002090F87710FE4880F8DA10FE48B6
:1042A00090F87810FB4880F8D910FB4890F8791006
:1042B000F84880F8DB10F8487A3002684168F54821
:1042C000D830C0E90421F448823001684068F14ADE
:1042D000D832C2E90210F0488A3001684268ED48DD
:1042E000D830C0E90612EC4890F89200E94981F80C
:1042F0000001E94890F89310E64880F80211E6487A
:1043000090F89410E34880F80111E34890F8951074
:10431000E04880F80311E04890F89610DD4880F8F6
:104320000411DD48973001684268DC48C0E9041296
:10433000D9489F3001684068D84AC2E90210D6487F
:10434000A73002684168D548C0E90621D248AF309D
:1043500001684268D148C0E90812CF4890F8B70018
:10436000CC4981F82801CC4890F8B810C94880F8A9
:104370002911C948B93001684068C84A2832C2E9E1
:104380000210DCE2C4484078C2490870C248807814
:104390004870C148C0788871BF48007981F8A8008A
:1043A000BD4840790872BC488179BA488172BA48E0
:1043B000C179B8484172B8488168C268B548C0E957
:1043C0000612B54802694169B248C0E90421B24801
:1043D000007EB04981F83000AF48417EAD4880F89A
:1043E0003210AD48817EAB4880F83110AA48C17EBA
:1043F000A84880F83310A848C169026AA548C0E9F6
:104400001012A549486A896AA24AC2E90E01A24867
:10441000C26A016B9F48C0E912219F4890F834009E
:104420009C4981F858009C4890F83510994880F8CC
:104430005A10994890F83610964880F859109648C6
:1044400090F83710934880F85B10934890F8381034
:10445000904880F85C1090483930016842688D4877
:10446000C0E91A128C49413108684968894AC2E991
:10447000180189484930016842688648C0E91C1221
:1044800085485130016842688248C0E91E1282485E
:1044900090F859007F4981F880007F4890F85A10C1
:1044A0007C4880F881107C485B300268406879491C
:1044B0008031C1E90220784890F86300803981F8A2
:1044C000B000754890F86410724880F8B2107248D5
:1044D00090F865106F4880F8B1106F486630016839
:1044E00042686E485038C0E904126B486E3002686A
:1044F00040686A495039C1E90220674890F876005F
:10450000B03981F8D800644890F87710614880F895
:10451000DA10614890F878105E4880F8D9105E484B
:1045200090F879105B4880F8DB105B487A300268BD
:1045300041685A482838C0E9042157488230026847
:10454000406856492839C1E9022053488A30016839
:10455000426852482838C0E906124F4890F8920045
:104560004C4981F800014C4890F89310494880F874
:104570000211494890F89410464880F801114648C5
:1045800090F89510434880F80311434890F896102E
:10459000404880F8041140489730026841683F481D
:1045A000C0E904213C489F30016842683B48C0E9AB
:1045B00002123948A730016842683848C0E906123B
:1045C0003548AF30016842683448C0E908123248C3
:1045D00090F8B7002F4981F828012F4890F8B810BB
:1045E0002C4880F829112C49B931086849682B4AB0
:1045F0002832C2E902012748D0E91A43224628A0FE
:1046000006F06CFC2348D0E91843224632A006F09D
:1046100065FC2048D0E91C4322463DA006F05EFC24
:104620001C48D0E91E43224647A006F057FC554AD5
:1046300045231848183000F0FDF9534A0023154867
:10464000103000F0F7F94F4A45231248403000F08F
:10465000F1F94D4A00230F48383000F0EBF94B4A8E
:1046600009230C48483000F0E5F9464A452309483B
:10467000683000F0DFF9444A00230648603000F05B
:10468000D9F9424A09230348703000F0D3F9404A6F
:1046900002237FE0480000205E0300204801002044
:1046A000557365724F7065726174696F6E2E565FD7
:1046B0004D6F6465547261696E2E506172616D5BFD
:1046C000554F5F504152414D5F50554C53455D3AF7
:1046D000256C6C640D0A0000557365724F7065722D
:1046E0006174696F6E2E565F4D6F646554726169B7
:1046F0006E2E506172616D5B554F5F504152414D5E
:104700005F414D504C5D3A256C6C640D0A00000011
:10471000557365724F7065726174696F6E2E565F66
:104720004D6F6465547261696E2E506172616D5B8C
:10473000554F5F504152414D5F465245515D3A25BC
:104740006C6C640D0A000000557365724F706572E1
:104750006174696F6E2E565F4D6F64655472616946
:104760006E2E506172616D5B554F5F504152414DED
:104770005F4455524154494F4E5D3A256C6C640D6F
:104780000A00000000B864D9C095A90500902F5018
:104790000098D058864800F04DF9864A0023844896
:1047A000103000F047F9844A45238148483000F032
:1047B00041F9824A00237E48403000F03BF97E4AAE
:1047C00045237B48703000F035F97C4A0023784857
:1047D000683000F02FF97A4A09237548783000F0E4
:1047E00029F9754A45237248983000F023F9734A35
:1047F00000236F48903000F01DF9714A09236C487E
:10480000A03000F017F96F4A02236948A83000F081
:1048100011F96A4A00236648B83000F00BF9644881
:10482000B030D0E90243224667A006F057FB0020D3
:10483000754908705E48783840784870012002F069
:1048400095FDFF205A497839887008464078B0B302
:10485000012873D10846807930B101280ED0022892
:1048600017D003282CD11FE051487838007A5049DE
:1048700078394871012007F0B5F822E04C487838C3
:1048800090F830004A4978394871042007F0AAF8B6
:1048900017E04748783890F858004549783948710A
:1048A000072007F09FF80CE04148783890F8800026
:1048B0003F49783948710A2007F094F801E002E096
:1048C00000BF00BF3AE03A48783890F8A80030B10D
:1048D00001280FD0022818D003282CD120E034481A
:1048E000783890F8B000324978394871012007F0E3
:1048F00079F821E02E48783890F8D8002C4978399A
:104900004871042007F06EF816E02948783890F8CE
:104910000001274978394871072007F063F80BE058
:104920002348783890F828012149783948710A20BD
:1049300007F058F800E000BF00BF00BF00BF16221C
:104940003249E620FCF710F930480078032802DDF0
:1049500000202E4908702D484078032802DD0020F1
:104960002A49487029484278017829A006F0B6FA09
:104970000F487838407801280CD1244800782C4919
:1049800008702248801C0268416809480830C0E964
:1049900004210BE01D484078254908701B480A3067
:1049A000016842680248B030C0E9041270BD0000DE
:1049B000C0000020C095A90500B864D90048E801EE
:1049C00000902F500098D058526561643120557383
:1049D00065724F7065726174696F6E2E435F4D6FC3
:1049E0006465457874426E632E506172616D5B55EB
:1049F0004F5F504152414D5F414D504C5D3A256CE7
:104A00006C640D0A00000000E8010020480300204B
:104A1000565F576176655F747970653A25642C43FB
:104A20005F576176655F747970653A25640D0A0099
:104A3000C001002010B5D0E90041141B73EB010147
:104A400002D200240460446010BD000070B5BE486E
:104A500000894EF6602188427EDB7E20BB490870CB
:104A6000BB4800784870BA4840788870B848807968
:104A7000C870B74890F8A8000871B548007A487126
:104A8000B348807A8871B248407AC871B048D0E99A
:104A90000610AE4A9160D060AD49D1E904011061C1
:104AA0005161AB4890F8300011460876A84890F85C
:104AB00032004876A64890F831008876A44890F8ED
:104AC0003300C876A248D0E91010D1611062A04826
:104AD000D0E90E10516290629D48D0E91210D16267
:104AE00010639B4890F85800114681F834009848AC
:104AF00090F85A0081F83500954890F8590081F8EF
:104B00003600934890F85B0081F83700904890F8A1
:104B10005C0081F838008E48D0E91A1039321160F3
:104B200050608B49D1E91801083210605160884803
:104B3000D0E91C1008321160506085496031D1E91C
:104B40000601083210605160814890F880007F496A
:104B500081F859007E4800E0F4E090F8810081F887
:104B60005A007B498031D1E902010A32106051605C
:104B7000774890F8B000754981F86300744890F860
:104B8000B20081F86400724890F8B10081F86500C5
:104B90006F48B030D0E904100B32116050606C489F
:104BA000B030D0E90210083211605060684890F8C7
:104BB000D800664981F87600654890F8DA0081F8F7
:104BC0007700634890F8D90081F87800604890F841
:104BD000DB0081F879005E49E031D1E902010C3255
:104BE000106051605A48D830D0E902100832116084
:104BF00050605749E031D1E904010832106051603A
:104C0000534890F80001514981F89200504890F8BB
:104C1000020181F893004E4890F8010181F8940058
:104C20004B4890F8030181F89500494890F8040139
:104C300081F896004749D1E902010D3210605160B8
:104C400044480838D0E902100832116050604148E9
:104C50000838D0E906100832116050603D49D1E9AA
:104C60000601083210605160394890F82801374930
:104C700081F8B700364890F8290181F8B800354925
:104C80002031D1E902010A321060516000202F4921
:104C900081F8C10081F8C20081F8C30081F8C40026
:104CA00081F8C50081F8C60081F8C70081F8C80006
:104CB000C1F8D900452081F8DD0025496031D1E9EE
:104CC0000243224624A006F009F92149D1E91843FC
:104CD00022462FA006F002F91D496031D1E90443B4
:104CE000224639A006F0FAF819496031D1E90643A5
:104CF000224643A006F0F2F81649D1E902432246C3
:104D00004EA006F0EBF813480838D0E902432246DB
:104D100058A006F0E3F80F49D1E90443224663A006
:104D200006F0DCF80B49D1E9064322466DA006F0F7
:104D3000D5F8DE2205494FF40070FBF750FF002044
:104D40000149088170BD0000C80600205E030020F4
:104D50004800002050010020557365724F70657245
:104D60006174696F6E2E565F4D6F64655472616930
:104D70006E2E506172616D5B554F5F504152414DD7
:104D80005F50554C53455D3A256C6C640D0A00002C
:104D9000557365724F7065726174696F6E2E565FE0
:104DA0004D6F6465547261696E2E506172616D5B06
:104DB000554F5F504152414D5F414D504C5D3A253A
:104DC0006C6C640D0A000000557365724F7065725B
:104DD0006174696F6E2E565F4D6F646554726169C0
:104DE0006E2E506172616D5B554F5F504152414D67
:104DF0005F465245515D3A256C6C640D0A00000017
:104E0000557365724F7065726174696F6E2E565F6F
:104E10004D6F6465547261696E2E506172616D5B95
:104E2000554F5F504152414D5F4455524154494F97
:104E30004E5D3A256C6C640D0A0000005573657276
:104E40004F7065726174696F6E2E435F4D6F64655C
:104E5000547261696E2E506172616D5B554F5F5087
:104E60004152414D5F50554C53455D3A256C6C6441
:104E70000D0A0000557365724F7065726174696F39
:104E80006E2E435F4D6F6465547261696E2E506182
:104E900072616D5B554F5F504152414D5F414D50C6
:104EA0004C5D3A256C6C640D0A0000005573657208
:104EB0004F7065726174696F6E2E435F4D6F6465EC
:104EC000547261696E2E506172616D5B554F5F5017
:104ED0004152414D5F465245515D3A256C6C640D1F
:104EE0000A000000557365724F7065726174696FD6
:104EF0006E2E435F4D6F6465547261696E2E506112
:104F000072616D5B554F5F504152414D5F44555248
:104F10004154494F4E5D3A256C6C640D0A00000007
:104F200010B504460C4951F824104A000B4951F8B9
:104F30002400002107F0AAF9094951F82420074963
:104F4000083951F82400002107F0A0F90121034895
:104F50000830015510BD000044CA0008F8020020C6
:104F600054CA00087047000070B5002100230F22CA
:104F7000C4781CB3174C246804F4E064C4F5E064FE
:104F8000C4F30721C1F10404E3B20A4144789C4010
:104F9000E1B28478144021430C07210E0E4C0578B1
:104FA0006155047804F01F050124AC4005786D11AB
:104FB000AD0005F1E025C5F8004109E0047804F0F2
:104FC0001F050124AC40054D0678761145F82640B2
:104FD00070BD00000CED00E000E400E080E100E0C6
:104FE00002490143024A1160704700000000FA05BF
:104FF0000CED00E010B5002807DA0A07140E054A88
:1050000000F00F031B1FD45403E00A07130E024ADB
:10501000135410BD18ED00E000E400E02DE9F0416C
:1050200004460D461646012E38D1012C16D12648CD
:105030000078012808D146F2905095FBF0F73946E8
:105040000120FBF7ECFC3DE046F2905095FBF0F0C0
:10505000474239460120FBF7E2FC33E094BB1A4893
:10506000007801280BD14FF47A7095FBF0F7F81710
:1050700007EB5070C1100220FBF7D1FC22E04FF487
:105080007A7095FBF0F7F81707EB5070C010C0F17D
:10509000000841460220FBF7C2FC13E096B9012C40
:1050A00004D100210120FBF7BAFC04E01CB9002167
:1050B0000220FBF7B4FC01200449086000200449E9
:1050C000C1F89402BDE8F08148000020800240420F
:1050D0000000434210B5504800794F49C9788842D2
:1050E0004ED04D48007930B1012813D0022821D08C
:1050F00003283FD12EE049A1494805F0FFFE47A112
:105100004748733005F0FAFE44A14548E63005F003
:10511000F5FE30E041A14248163805F0EFFE3FA110
:105120003F484B3005F0EAFE3CA13D48DC3005F03D
:10513000E5FE20E039A13A48163005F0DFFE37A140
:1051400037489B3005F0DAFE34A13548F03005F0E1
:10515000D5FE10E031A132482C3005F0CFFE2FA152
:105160002F48C33005F0CAFE2CA12D48FA3005F0B7
:10517000C5FE00E000BF00BF2748C078264908717F
:105180002548C07830B1012813D0022821D0032847
:105190003FD12EE021A1224805F0B0FE1FA12048FA
:1051A000733005F0ABFE1DA11D48E63005F0A6FEEC
:1051B00030E01AA11A48163805F0A0FE17A11848C9
:1051C0004B3005F09BFE15A11548DC3005F096FE2E
:1051D00020E012A11248163005F090FE0FA11048F1
:1051E0009B3005F08BFE0DA10D48F03005F086FEDA
:1051F00010E00AA10A482C3005F080FE07A10848FB
:10520000C33005F07BFE05A10548FA3005F076FEB7
:1052100000E000BF00BF10BD4800002000000000FB
:10522000C70500202DE9FF4F87B00D4614461F46E5
:10523000DDE9176BDDE9158ADDF85090079809283C
:105240007ED2DFE800F07D052E475E879EC7EB002B
:1052500004EB090083B2E81982B221462846009681
:10526000FDF772F85046FAF7F8FF08EBD8714910CD
:1052700000FB117005EB500080B2CDE90408A9EBEA
:105280000800CDE9026BCDE9008A069000EBD070F2
:1052900004EB600081B24B463A460498FDF764FD8A
:1052A000D7E004EB090083B2E81982B22146284610
:1052B0000096FDF749F804F1140291B205F11402C9
:1052C00090B24B463A46CDE9026BCDE9008AFDF734
:1052D0004BFDBEE004EB090083B2E81982B221461F
:1052E00028460096FDF730F804F1140081B24B46D1
:1052F0003A462846CDE9026BCDE9008AFDF734FD38
:10530000A7E044F22820009004EB090083B2E819DA
:1053100082B221462846FDF717F804EB09000A3847
:1053200083B2E819283882B204F10A0081B2284613
:105330000096FDF709F804F1140081B24B4600E035
:1053400086E03A462846CDE9026BCDE9008AFDF7B2
:105350000BFD7EE004EB090083B2E81982B221461E
:1053600028460096FCF7F0FF04F1140081B24B468A
:105370003A462846CDE9026BCDE9008AFDF7F4FCF8
:1053800067E004EB090083B2E81982B2214628469F
:105390000096FCF7D9FF002030A11022CDE90116BC
:1053A0000092039004F1120291B26A1D90B24B4632
:1053B0003A46FDF7D9FC04F10A0291B205F13C022C
:1053C00090B24B463A46CDE9026BCDE9008AFDF733
:1053D000CBFC3EE004EB090083B2E81982B221461F
:1053E00028460096FCF7B0FF5046FAF736FF08EB68
:1053F000D871491000FB117005EB500080B2CDE967
:10540000050804F10A0081B24B463A46CDE9026B29
:10541000CDE9008A0598FDF7A7FC1AE004EB090026
:1054200083B2E81982B2214628460096FCF78CFF29
:105430000CA0102104F11202CDE9026BCDE900109D
:1054400091B26A1D90B24B463A46FDF78DFC00E0E2
:1054500000BF00BF0BB0BDE8F08F000054595045AD
:10546000207C0000545950453A000000704700006D
:1054700010B50020044908600121880702F0D9FA1C
:1054800000210248817010BD800240428402002049
:1054900010B50120044908600021800702F0C9FA14
:1054A00002210248817010BD800240428402002027
:1054B0002DE9F04F2DED068B87B0FE48807800284F
:1054C0007ED104460546FB48407801280AD1F948B8
:1054D000D0E90645F849611A75F1000010D2F74885
:1054E00004600DE0F348407850B9F248B030D0E99C
:1054F0000445F149611A75F1000001D2EF480460DA
:10550000EF48007818B1EE48007801280BD142F23C
:105510001071611A75F1000005D2012007B0BDECD1
:10552000068BBDE8F08FE6480078022803D0E448F7
:105530000078032807D144F62061611A75F1000054
:1055400001D20120EAE7DE48007818B1DC48007893
:1055500001280ED1FA22002320462946FAF73AFE06
:10556000401ED849086008460068A0F11C00086089
:105570000DE0FA22002320462946FAF72BFE401EB2
:10558000D049086008460068A0F1480008604FF064
:105590000100CD4908604FF00000CC49C1F88002FD
:1055A0004FF00A00FBF71CFCC248407830B94FF4BA
:1055B0000040C74908800A20FBF712FC002100E0E8
:1055C00006E0C4488170BF480068FBF7A7FD3FE2D2
:1055D000B8488078012877D1002004460546064661
:1055E0000746B448407801280CD1B248D0E91045AC
:1055F000D0E91267B049611A75F1000012D2AF48C4
:1056000004600FE0AB48407860B9AA48D830D0E9D0
:105610000445D0E90667A849611A75F1000001D276
:10562000A6480460A648007818B1A548007801286B
:1056300007D142F21071611A75F1000001D2012008
:105640006CE79F480078022803D09D480078032823
:1056500007D144F62061611A75F1000001D20120E2
:105660005CE79549711A77F1000001D2012055E7F6
:105670009348007818B19248007801280ED1FA2298
:10568000002320462946FAF7A5FD401E8D490860F3
:1056900008460068A0F11C0008600DE0FA22002313
:1056A00020462946FAF796FD401E864908600846BE
:1056B0000068A0F1480008608248006822462B4636
:1056C000CDE90067029000E060E083A005F006FCF1
:1056D00000BF00BF00BF4FF014094FF47A720023DF
:1056E00030463946FAF776FD06460F4630463946CB
:1056F000FAF7A8FF41EC190B53EC192B9FED800B27
:1057000051EC100BFAF7EFFE41EC180B9FED7E0BFE
:1057100053EC102B51EC180BFAF7E5FE9FED7C0BC8
:1057200053EC102BFAF767FEFAF798FF804653EC1C
:10573000182B79A0CDF8008005F0D0FB61480068F7
:10574000404502D95F48C0F8008001205E490860EA
:1057500000205E49C1F880020A20FBF741FB554852
:10576000407830B94FF40040594908800A20FBF7CF
:1057700037FB1FFA89F1404602F05FFA00215548D5
:1057800081700121880702F054F961E1494880786D
:105790000228FAD100210C460D460E460F46002085
:1057A000804681464348407801280ED14148D0E9DF
:1057B0001A45D0E91C67D0E91E893F49611A75F185
:1057C000000016D23D48046013E03A48407880B9A2
:1057D0005648D0E90445D0E906673648D0F8249108
:1057E000D0F820813449611A75F1000001D23348A4
:1057F00004603348007818B131480078012807D197
:1058000042F21071611A75F1000001D2012085E6A3
:105810002B480078022803D029480078032807D1B4
:1058200044F62061611A75F1000001D2012075E68D
:105830002149711A77F1000001D201206EE63C493E
:10584000B8EB010179F1000001D2012066E61C48A5
:10585000007818B11A48007801280ED1FA220023E6
:1058600020462946FAF7B6FC401E1649086008464D
:105870000068A0F11C0008600DE0FA220023204619
:105880002946FAF7A7FC401E0E4908600846006842
:10589000A0F1480008600B48CDE904890068224661
:1058A0002B46CDE90067029022A005F017FB00BF50
:1058B00000BF5BE048000020400D030014030020FF
:1058C000C001002008030020B08242420000404294
:1058D000181402408402002070756C73653D256CBD
:1058E0006C646E732C667265713D256C6C646D68BA
:1058F0007A2C74696D355F6172723D25640D0A0002
:10590000000000A2941A6D420000000000406F40A9
:10591000000000000000F03F543D256C662C7469C7
:105920006D325F6172723D25640D0A0048010020EE
:10593000A086010070756C73653D256C6C646E7398
:105940002C667265713D256C6C646D687A2C746987
:105950006D355F6172723D25642C64757261746986
:105960006F6E3D256C6C640D0A00000000BF1420B2
:1059700006904FF47A72002330463946FAF72AFC33
:1059800006460F4630463946FAF75CFE41EC190BE5
:1059900053EC192B1FED260B51EC100BFAF7A3FD5E
:1059A00041EC180B1FED280B53EC102B51EC180B8E
:1059B000FAF799FD1FED2A0B53EC102BFAF71BFD9C
:1059C000FAF74CFE824623480068504502D9214828
:1059D000C0F800A04FF47A700021A8FB002B09FB4F
:1059E00000B001FB08011046FAF72CFE53EC182B0F
:1059F000FAF779FDFAF732FE1749086008460068A1
:105A000053EC182BCDE900A014A005F067FA012093
:105A10001B49086000201B49C1F880020A20FBF7DF
:105A2000DFF91948407830B94FF400401749088031
:105A30000A20FBF7D5F9069881B2504602F0FDF82E
:105A40000021134881700121880701F0F2FF00BF97
:105A5000002063E50803002010030020543D256C5E
:105A6000662C74696D325F6172723D25642C7472AC
:105A700061696E5F61636F756E743D25640D0A0028
:105A8000B082424200004042480000201814024008
:105A90008402002010B5FBF7AFF900214FF08040E1
:105AA00001F0C7FF00204FF0804148620E48407867
:105AB00010B9C8130D49088000200D4908600D4930
:105AC000086001210C48817000210320FAF7A7FF2C
:105AD00000200A49086001200949C1F8800200201D
:105AE0000849086010BD0000480000201A14024058
:105AF000100300200C03002084020020B0824242E8
:105B000000004042D00200202DE9F0472DED028B2D
:105B100004464FF000099FED4C0AB0EE408AE06861
:105B200018B1E168002006F08BFB48480078401C63
:105B300000EB80004100002006F094FBE060E0688C
:105B400020B90520BDEC028BBDE8F0873F484078C6
:105B5000012829D13D48806B20603C493831D1E98A
:105B600004714FF47A7200233846FAF733FB054686
:105B7000FAF728FD08EE100A34493831D1E902213C
:105B80001046FAF71FFD00EE100A20EE080ADFEDBE
:105B9000300A20EE200ADFED2F0A80EE201ABCEE3C
:105BA000C10A10EE109A29E02848D0F8E0002060E1
:105BB0002649E031D1E904514FF47A720023284696
:105BC000FAF708FB0746FAF7FDFC08EE100A1F4932
:105BD000E031D1E902211046FAF7F4FC00EE100A98
:105BE00020EE080ADFED1A0A20EE200ADFED190A7E
:105BF00080EE201ABCEEC10A10EE109A206808B997
:105C000001209FE7B5EEC08AF1EE10FA01D1022023
:105C100098E7B9F1000F01D1032093E7E068DFEDC9
:105C20000E0A68EE200AB0EE600A00EE909AF8EED6
:105C3000600A00F0D1F84FF6FF70E16808600120BB
:105C4000A060606000207DE70000000048000020A8
:105C500000504347286B6E4E0000C8422DE9F041CA
:105C60002DED028B0446002008EE100A9FED540A29
:105C7000F0EE408AE06818B1E168002006F0E0FA32
:105C80005048007800EB80004100002006F0EAFA5E
:105C9000E060E06820B90520BDEC028BBDE8F08132
:105CA00048484078012803D146480069206003E055
:105CB0004448D0F8B8002060206808B90120EBE71C
:105CC0009FED410AF0EE408A4CF2503008EE100A87
:105CD000E068F8EE480AB0EE680A00F07DF839484E
:105CE0004078012820D137491031D1E902514FF4D1
:105CF0007A7200232846FAF76DFA0746FAF762FC33
:105D000000EE100A9FED311AC8EE810A9FED301A9D
:105D1000C0EE811A20EE210ADFED2C0A80EE201A57
:105D20002C4880ED001A1FE02649B831D1E9025114
:105D30004FF47A7200232846FAF74CFA0746FAF72E
:105D400041FC00EE100A9FED211AC8EE810A9FED7A
:105D5000201AC0EE811A20EE210ADFED1C0A80EE27
:105D6000201A1C4880ED001A1A4890ED000ABCEE7B
:105D7000C00A10EE100AE168086012480078022894
:105D800012D1E16801F10A00F8EE480AB0EE680AA3
:105D900000F022F80F4890ED000ABCEEC00A10EEA9
:105DA000100AE168C1F80A00E068006808B9042038
:105DB00072E704480078A0600120606000206BE773
:105DC00000000000480000208096984A00007A44B5
:105DD0000000C842C00200202DE9F0412DED088BE3
:105DE000B0EE409AF0EE608A0446002600279FED50
:105DF000950AB0EE408A0025A846DFED930A89EEA9
:105E0000200ADFED920A80EE801AB0EE418A9FED03
:105E1000900AB4EEC08AF1EE10FA05D8BCEEC80ABA
:105E200010EE105A012686E018EE100AFAF72FFC41
:105E300041EC1B0BB0EE4B0AF0EE6B0A05F072F86A
:105E4000B0EE40AAF0EE60AA51EC1A0BFAF706FC8D
:105E5000054600EE105AB8EE400AC8EE000ABCEE45
:105E6000E00A10EE100A86B29FED7A0AB4EEC08AFC
:105E7000F1EE10FA0ADD9FED780AC8EE000ABCEEDA
:105E8000E00A10EE108A4EF660273DE09FED730A9F
:105E9000B4EEC08AF1EE10FA0ADD9FED710AC8EE89
:105EA000000ABCEEE00A10EE108A42F210772BE0F6
:105EB0009FED6C0AB4EEC08AF1EE10FA0ADD9FED98
:105EC0006A0AC8EE000ABCEEE00A10EE108A4FF42F
:105ED0007A7719E09FED650AB4EEC08AF1EE10FA08
:105EE00009DD9FED590AC8EE000ABCEEE00A10EE8B
:105EF000108A642708E0B2EE040AC8EE000ABCEE7D
:105F0000E00A10EE108A0A2705FB06F000EE100AE0
:105F1000B8EE400A78EE400A08FB07F000EE100ADF
:105F2000B8EE400A38EE400AF4EEC00AF1EE10FA7C
:105F300001DD45463E46681EA080701EE0809FED54
:105F40004C0AF4EEC08AF1EE10FA03DBA088401C84
:105F500020816DE0F5EEC08AF1EE10FA02D100204A
:105F6000208165E09FED420AC0EE280AA088401C0F
:105F700000EE100AB8EEC00AF4EEC00AF1EE10FA14
:105F800037DDA08800EE100AB8EE400AB0EE408A75
:105F9000DFED370A80EEA80AF7EE000A30EE600A5D
:105FA000BCEEC00A10EE100AA080E08800EE100AD5
:105FB000B8EE400A60EE080AA08800EE100AB8EEBB
:105FC000400A80EE801AB0EE418AB7EE000AB4EEC5
:105FD000C08AF1EE10FA03D2B7EE000AB0EE408AA2
:105FE000B7EE000A38EE400ABCEEC00A10EE100A06
:105FF000E080A088401C00EE100AB8EEC00A20EE37
:10600000280ADFED1B0A80EE201AB0EE418A18EE56
:10601000100AFAF73CFB41EC1B0B9FED160B53ECFF
:10602000102BFAF747F941EC1A0BFAF717FB20810E
:10603000E288A18811A004F051FF0020BDEC088B7C
:10604000BDE8F081000000000000C842A037A04C6D
:1060500000FF7F47643F1C4E00606A4706FF794C93
:1060600000401C4638FFC74A00007A4460FF1F49C1
:1060700000504347000000000000E03F61727231B1
:106080003D25642C707363313D25640D0A000000CA
:106090002DE9F0472DED028B04464FF000099FEDEE
:1060A000710AB0EE408AE06818B1E168002006F09D
:1060B000C7F86D480078401C00EB800041000020CC
:1060C00006F0D0F8E060E06820B90520BDEC028B56
:1060D000BDE8F08764484078012803D16248006E2B
:1060E000206003E06048D0F808012060206808B90B
:1060F0000120EBE75C484078012827D15A48006E20
:10610000206059484FF47A720023D0E91C51284688
:10611000FAF760F80746FAF755FA08EE100A5248FF
:10612000D0E91A211046FAF74DFA00EE100A20EED7
:10613000080ADFED4E0A20EE200ADFED4D0A80EE60
:10614000201ABCEEC10A10EE109A27E04648D0F89B
:10615000080120604749D1E904514FF47A720023C5
:106160002846FAF737F80746FAF72CFA08EE100A2D
:106170004049D1E902211046FAF724FA00EE100A4C
:1061800020EE080ADFED390A20EE200ADFED380A9A
:1061900080EE201ABCEEC10A10EE109A206808B9F1
:1061A000012093E7B5EEC08AF1EE10FA01D102208A
:1061B0008CE7B9F1000F01D1032087E7E068DFED3C
:1061C0002E0A68EE200AB0EE600A00EE909AF8EE11
:1061D000600AFFF701FE2448806FE16808602248EA
:1061E000407801281AD120484FF47A720023D0E970
:1061F0001E512846F9F7EEFF0746FAF7E3F900EEDD
:10620000100A20EE080ADFED1D0A80EE201ABCEE0F
:10621000C10A10EE100AE168086019E01549D1E9D9
:1062200006714FF47A7200233846F9F7D3FF05461A
:10623000FAF7C8F900EE100A20EE080ADFED0F0A9F
:1062400080EE201ABCEEC10A10EE100AE168086068
:10625000E068006808B9042038E70120A0606060A9
:10626000002033E7000000004800002000504347B2
:10627000286B6E4E500100200000C84200007A4496
:1062800029B1064A12680243044B1A6004E0034A2B
:1062900012688243014B1A60704700003038024098
:1062A00029B1064A12680243044B1A6004E0034A0B
:1062B00012688243014B1A60704700003838024070
:1062C00029B1064A12680243044B1A6004E0034AEB
:1062D00012688243014B1A60704700004038024048
:1062E00029B1064A12680243044B1A6004E0034ACB
:1062F00012688243014B1A60704700002038024048
:1063000029B1064A12680243044B1A6004E0034AAA
:1063100012688243014B1A60704700004438024003
:1063200029B1064A12680243044B1A6004E0034A8A
:1063300012688243014B1A60704700002438024003
:106340000348006840F08070014908607047000011
:1063500074380240F0B500210022002402250026F6
:106360000223324F3F6807F00C0121B1042905D008
:10637000082937D105E02E4F076036E02D4F076022
:1063800033E02A4F3F1F3F68C7F38056274F3F1F18
:106390003F6807F03F036EB1264FB7FBF3F7DFF816
:1063A0008CC0ACF1040CDCF800C0CCF3881C07FBFB
:1063B0000CF40CE01E4FB7FBF3F7DFF870C0ACF144
:1063C000040CDCF800C0CCF3881C07FB0CF4174F5E
:1063D0003F1F3F68C7F301477F1C7D00B4FBF5F703
:1063E000076002E0124F076000BF00BF0F4F3F6819
:1063F00007F0F0010909104F7A5C0768D740476041
:106400000A4F3F6807F4E051890A0B4F7A5C4768EE
:10641000D7408760054F3F6807F46041490B064F3E
:106420007A5C4768D740C760F0BD0000083802407A
:106430000024F40040787D012003002010B50146BF
:106440000022002300204A11012A02D10A4C2368AD
:1064500008E0022A03D1084C7034236802E0064C9D
:106460007434236801F01F02012494401C400CB1D5
:10647000012000E0002010BD003802400021024A47
:106480001170114608707047023802402DE9F04142
:1064900004460D4600260027B04605F0CFFC2046F6
:1064A00005F0A0FC05F0F2FC284605F09BFC05F089
:1064B000EDFC05F0C3FC44F0010005F093FC05F091
:1064C000E5FC05F06DFC064605F006FC05F068FCF1
:1064D000074605F051FC05F0C9FC47EA062840468E
:1064E000BDE8F08100B587B001210803FFF708FF80
:1064F00001210846FFF7C4FE052211462F48FAF78E
:1065000061FF052207212D48FAF75CFF04202B4983
:1065100008830820088310200883A0200090022010
:106520008DF8040000208DF8060002208DF8070089
:1065300003208DF8050069462048FAF7FBFE1C2071
:10654000009001208DF8040000208DF80600012045
:106550008DF8070003208DF8050069461748FAF703
:10656000E9FE0021164800F051F8154800F05AF8ED
:106570000020ADF808004FF48270ADF80A0000204A
:10658000ADF80C00ADF80E00ADF810004FF400703F
:10659000ADF812000820ADF814000020ADF8160088
:1065A0000720ADF8180002A9054800F093F8012172
:1065B000034800F02BF807B000BD000000000240C7
:1065C000003001404FF6FF7100BF0F4A128902F000
:1065D00002021AB90A1EA1F10101F6D10A4A9081FC
:1065E000128902F00102084B1A814FF6FF7100BFB9
:1065F000054A128902F08002802A03D10A1EA1F105
:106600000101F5D1704700000030014021B102883E
:1066100042F04002028004E002884FF6BF731A4045
:106620000280704710B504462448844208D10121F5
:106630008014FFF775FE0021A014FFF771FE3CE007
:106640001F48844208D101210014FFF749FE0021B0
:106650002014FFF745FE30E01A48844208D101219A
:10666000C013FFF73DFE0021E013FFF739FE24E0E1
:106670001548844208D101214014FFF751FE002142
:106680006014FFF74DFE18E01048844209D1012143
:106690000805FFF745FE00214FF48010FFF740FE8C
:1066A0000BE00B48844208D101214805FFF738FE72
:1066B00000214FF40010FFF733FE10BD0030014001
:1066C00000380040003C00400034014000500140D0
:1066D0000054014010B50022028802F441520B8898
:1066E0004C8823438C882343CC8823430C89234341
:1066F0004C8923438C892343CC8923431A4302804A
:10670000838B4FF2FF74234083830B8A038210BD77
:1067100030B5F0B12C4BD3F854315B1C2A4CE478E3
:106720001C44294BC3F85841D3F854310833264C44
:10673000E47803EBC40330CB244BC3E90445224B7C
:10674000DB78234C04EBC303D3E900541F4BC3E9AC
:10675000065419B31C4B5C79012393401C403CB98F
:10676000194B5B79012494402343174C637106E075
:10677000154B5C79012393409C43134B5C71124B86
:106780005C79D3F854311C700F4B93F871310BB90D
:10679000012400E000240C4B83F871410A4B5B7923
:1067A000012494402340002B01DD012300E000235D
:1067B000054C84F850312346DB78022B02D10123AB
:1067C00084F8503130BD00004800002098010020BE
:1067D000C80100207047000030B500228B071C0F55
:1067E0000F2303FA04F20B4B8C1053F8243093431D
:1067F000084C8D1044F8253023468C1053F8243073
:106800008C07240F00FA04F42343024C8D1044F843
:10681000253030BD083801401CB5002001900090A3
:106820003648006840F48020344908600520FFF7AE
:1068300025FE00BF3148006800F400300090019848
:10684000401C0190009818B90198B0F5A04FF1D103
:106850002A48006800F4003010B10120009001E0E7
:10686000002000900098012846D12448403000685C
:1068700040F080502149403108602148006840F4D0
:1068800040401F4908601D48083000681B49083116
:1068900008600846006840F4004008600846006848
:1068A00040F4A05008601748091F0860081F0068DE
:1068B00040F08070091F086000BF1048006800F0B9
:1068C00000700028F9D040F205700F4908600B48AD
:1068D0000830006820F003000849083108600846C5
:1068E000006840F00200086000BF044808300068FB
:1068F00000F00C000828F8D11CBD00000038024050
:106900000070004019544007003C024070B5044636
:106910000D4600260CB905B970BD4048C6784078D0
:1069200001283BD13E4800213E4A03C23B488078C3
:1069300030B101280FD0022818D003282CD120E034
:10694000364808303549C1F85401324629462046B8
:10695000FFF7DEFE21E0314830303049C1F8540104
:10696000324629462046FFF7D3FE16E02B48583022
:106970002A49C1F85401324629462046FFF7C8FE8D
:106980000BE0264880302549C1F85401324629469B
:106990002046FFF7BDFE00E000BF3CE0224800219A
:1069A000204A03C206B904261C48807830B1012869
:1069B0000FD0022818D003282BD11FE01748B03081
:1069C0001649C1F85401324629462046FFF7A0FE79
:1069D00020E01248D8301149C1F854013246294606
:1069E0002046FFF795FE15E010480C49C1F8540108
:1069F000324629462046FFF78BFE0BE00B48283035
:106A00000649C1F85401324629462046FFF780FE68
:106A100000E000BF00BF00BF7EE70000480000208C
:106A2000C095A905C80100200048E80148010020E0
:106A30002DE9F04781464FF47A74F9488078FF28B1
:106A400003D0F748C078FF2801D1BDE8F087F448AB
:106A500090F85001012800D1F24CB9F1110F7CD20D
:106A6000DFE809F0090A0B0C0D0E0F1011127BCF95
:106A7000FEFDFCFBFA0000BF00BF00BF00BF00BF6F
:106A800000BF00BF00BF00BFE54890F870010128BB
:106A900004D0E34890F87101012815D10220E049A3
:106AA00081F870010021DE4880F8721180F87111C0
:106AB00090F87211D0F85801017009FB04F0002120
:106AC000D94AC2E904019BE0D54890F85001012859
:106AD00079D1D34890F87201042805D10321D04818
:106AE000D0F85801017005E0CD4890F87211D0F847
:106AF00058010170CA4890F8720130B1012817D0CE
:106B000002282ED003285CD142E0C7480A25D0E9EC
:106B100004310020A3FB052601FB056103FB0015E2
:106B200009FB04F151186841BF4AC2E9041049E069
:106B3000BB4890F87201401CC1B2B94880F872118C
:106B400009FB04F00A21B0FBF1F0B74AD2E90432A4
:106B5000C01842F10001B44A00E0DEE3C2E90401DA
:106B600030E0AF4890F87201401CC1B2AC4880F8E8
:106B7000721109FB04F06421B0FBF1F0AA4AD2E9DA
:106B80000432C01842F10001A74AC2E9040119E029
:106B9000A34890F87201401CC1B2A14880F872115C
:106BA00009FB04F04FF47A71B0FBF1F09E4AD2E990
:106BB0000432C01842F100019B4AC2E9040101E01D
:106BC00001E000BF1CE00421954880F87211032108
:106BD000D0F85801017094490A230025D1E9040234
:106BE000A0FB031602FB036200FB052309FB04F074
:106BF0002A460D46281843EB02018B4AC2E90401DC
:106C00008CE3874890F87001012810D10220844954
:106C100081F87001084690F85001012807D104213D
:106C20007F4880F872110321D0F8580101707C4828
:106C300090F8500101286FD1794890F8720138B16D
:106C4000774890F87201401EC1B2754880F8721101
:106C5000734890F8720104E085E2C4E141E1C2E0CA
:106C6000AFE030B101281FD002283DD003286DD1FC
:106C700053E004EB84004FEA400C6B49D1E9045126
:106C8000624600232846F9F7A5FA6748D0E90410C0
:106C90008F1A60EB03010A2200233846F9F79AFAAB
:106CA000614AC2E9040152E05D4890F87201401E59
:106CB000C1B25B4880F872110A20B4FBF0F000EB1F
:106CC00080004500002358482A46D0E90471384620
:106CD000F9F780FA5448D0E90410891A60EB0300F0
:106CE000514AC2E9041032E06420B4FBF0F000EB3A
:106CF0008000470000234C483A46D0E9045128461A
:106D0000F9F768FA4848D0E90410891A60EB0300E3
:106D1000454AC2E904101AE030E04FF47A70B4FB3F
:106D2000F0F000EB8000470000233F483A46D0E9EE
:106D300004512846F9F74EFA3B48D0E90410891A65
:106D400060EB0300384AC2E9041000E000BF00BF56
:106D5000334890F87211D0F8580101703048D0F8DB
:106D60005801007860B32E48D0F858010078401ED2
:106D7000C1B22B48D0F85801017021E00421284805
:106D800080F872110321D0F85801017004EB8400DF
:106D90004FEA400C244862460023D0E904512846BB
:106DA000F9F718FA2048D0E904108F1A60EB0301B4
:106DB0000A2200233846F9F70DFA1B4AC2E90401FA
:106DC000ACE20120164981F870010021144880F8D6
:106DD000721190F87211D0F8580101700022124817
:106DE000026142619AE20E4890F87001012821D1B7
:106DF00002200B4981F87001084690F850010128E3
:106E000018D10846D0F85801007878B10846D0F873
:106E100058010078401CC1B2014880F8721109E0A5
:106E20004800002040420F00980100200021FE4849
:106E300080F87211FC4890F8500101283FD1FA48BF
:106E4000D0F85801007830B101280ED0022819D0AE
:106E5000032832D123E0F548D0E90420111940F18C
:106E60000000F24AC2E9041028E00A20B4FBF0F066
:106E7000EE4BD3E90423801843F10001EB4AC2E949
:106E800004011BE06420B4FBF0F0E84AD2E90432CC
:106E9000C01842F10001E54AC2E904010EE04FF4D6
:106EA0007A70B4FBF0F0E14BD3E90423801843F18E
:106EB0000001DE4AC2E9040100E000BF10E0042145
:106EC000D94880F872110321D0F858010170D748D1
:106ED000D0E90420121940F10000D449C1E904208E
:106EE0001CE2D14890F8700101281BD10220CE4944
:106EF00081F87001084690F85001012812D1084627
:106F0000D0F85801007848B10846D0F85801007808
:106F1000401CC1B2C44880F8721103E00021C2488D
:106F200080F87211C04890F85001012847D1BE483E
:106F3000D0F85801007830B1012810D002281DD0B7
:106F400003283AD129E0B948D0E9042104EB8400B0
:106F5000101841F10001B54AC2E904012EE004EB2A
:106F600084000A21B0FBF1F0B04AD2E90432C01823
:106F700042F10001AD4AC2E904011FE004EB8400C4
:106F80006421B0FBF1F0A94AD2E90432C31842F1FE
:106F90000001A648C0E9043110E004EB84004FF47E
:106FA0007A71B0FBF1F0A14AD2E90432C01842F183
:106FB00000019E4AC2E9040100E000BF12E0042182
:106FC000994880F872110321D0F858010170974850
:106FD000D0E9043004EB8401591840F10000934AD1
:106FE000C2E904109AE1904890F8700101281BD181
:106FF00002208D4981F87001084690F8500101285F
:1070000012D10846D0F85801007848B10846D0F8A7
:1070100058010078401CC1B2834880F8721103E027
:107020000021814880F872117F4890F850010128B2
:107030007BD17D48D0F85801007830B101281AD0B2
:10704000022834D003286ED14DE07848D0E90420DE
:10705000121B70F1000009D37448D0E90420111B01
:1070600060F10000714AC2E9041003E000226F4899
:107070000261426158E00A20B4FBF0F06B49D1E9AB
:107080000431181A71F100010CD30A20B4FBF0F09E
:107090006649D1E90421101A61F10001634AC2E98D
:1070A000040103E0002261490A614A613CE0642076
:1070B000B4FBF0F05D49D1E90431181A71F1000117
:1070C0000CD36420B4FBF0F15848D0E90430591ACD
:1070D00060F10000554AC2E9041003E00022534960
:1070E0000A614A6120E04FF47A70B4FBF0F14F4836
:1070F000D0E90430591A70F100000FD34FF47A70C0
:10710000B4FBF0F14948D0E90430591A60F10000AD
:10711000464AC2E9041005E007E004E000224348C3
:107120000261426100E000BF1CE04048D0E9042059
:10713000121B70F1000009D33C48D0E90420111B58
:1071400060F10000394AC2E9041003E00022374927
:107150000A614A610421344880F872110321D0F891
:1071600058010170DAE0304890F8700101281BD115
:1071700002202D4981F87001084690F8500101283D
:1071800012D10846D0F85801007848B10846D0F826
:1071900058010078401CC1B2234880F8721103E006
:1071A0000021214880F872111F4890F850010128F1
:1071B0007ED11D48D0F85801007830B101281ED08A
:1071C000022841D0032874D15EE01848D0E9043089
:1071D00004EB8401591A70F100000BD31348D0E975
:1071E000043004EB8401591A60F100000F4AC2E92F
:1071F000041003E000220D490A614A616AE004EBD1
:1072000084000A21B0FBF1F10848D0E90430591A92
:1072100070F1000013D304EB84000A21B0FBF1F1FC
:107220000248D0E9043003E0480000209801002023
:10723000591A60F100004A4AC2E9041003E0002232
:1072400047490A614A6145E004EB84006421B0FBD0
:10725000F1F14348D0E90430591A70F100000ED31F
:1072600004EB84006421B0FBF1F03D49D1E9043125
:10727000181A61F100013A4AC2E9040103E0002151
:1072800037480161416125E004EB84004FF47A71D5
:10729000B0FBF1F03249D1E90431181A71F1000163
:1072A00012D304EB84004FF47A71B0FBF1F101E0EA
:1072B00011E00EE02A48D0E90420511A60F10000E4
:1072C000274AC2E9041003E0002225480261426116
:1072D00000E000BF20E02248D0E9043104EB840044
:1072E000181A71F100010BD31D48D0E9042004EBFA
:1072F0008401511A60F10000194AC2E9041003E048
:10730000002217490A614A610421164880F8721167
:107310000321D0F85801017000E000BF00BF104801
:10732000D0E906100E4AD2E90432C91A904104D2BB
:107330000B48D0E90621C0E904210948D0E904102E
:10734000084AD2F854210832064BDB7802EBC3021C
:10735000C2E9001001200449088100BFFFF775BB96
:107360009801002048000020C806002010B50446FF
:107370005748407856490978884203D155480078E3
:10738000A0427DD0012C44D15148407800F001004A
:10739000B8B151A003F0A2FD002059490860594836
:1073A0008078032805D1E003574908801E20F9F7AB
:1073B00017FD00205549086000210220F9F72FFB36
:1073C0006FE053A003F08AFD01204D4908604D484D
:1073D0008078032806D14FF400404B4908801E20D6
:1073E000F9F7FEFC0120494908600A20F9F7F8FC8A
:1073F00044488078032807D14FF400404249891E51
:1074000008800A20F9F7ECFC00210120F9F707FBBE
:1074100047E0022C45D12E48407800F00100B8B179
:1074200045A003F05BFD0020354908604C49C1F8D8
:10743000B00234488078032805D1A003324908807F
:107440001E20F9F7CDFC00210220F9F7E8FA28E028
:1074500044A003F043FD01202949086029488078B1
:10746000032806D14FF40040274908801E20F9F771
:10747000B7FC0120254908600A20F9F7B1FC00E0BB
:1074800025E020488078032807D14FF400401E49AA
:10749000891E08800A20F9F7A3FC00210120F9F7D2
:1074A000BEFA3A48007818B138480078012802D16D
:1074B00000F0E0FD01E000F019FE054840780449C5
:1074C0000870044804704FF4FA70F9F789FC10BD95
:1074D000E8010020EA0100205357204D6F64652029
:1074E000746F20566F6C746167652C20506F7369E0
:1074F0007469766520766F6C74616765210D0A008A
:1075000080824242480000201A140240B082404269
:107510005357204D6F646520746F204375727265F8
:107520006E742C20506F7369746976652063757270
:1075300072656E74210D0A005357204D6F646520EB
:10754000746F20566F6C746167652C204E6567619F
:107550007469766520766F6C74616765210D0A0029
:10756000008040425357204D6F646520746F204364
:10757000757272656E742C204E65676174697665EC
:107580002063757272656E74210D0A00C0010020BF
:107590001CB501212020FEF773FE01210220FEF719
:1075A0006FFE4FF48050009001208DF80400002001
:1075B0008DF8060003208DF8050001208DF80700E6
:1075C00069460548F9F7B6FE4FF4805000906946C9
:1075D0000248F9F7AFFE1CBD00140240000402404F
:1075E0001848006820B117480068401E1549086017
:1075F00015480068401C1449086014480068401C85
:107600001249086008460068282804D30020086052
:1076100001200F4908700C48006840F28A21884216
:1076200003D140200B4948830AE007480068B0F5C1
:10763000307F05D9402007490883002002490860AF
:10764000704700000C00002004000020080000200B
:10765000100000200010024010B51548006840F4EA
:107660007000134908601348006840F00100114998
:10767000086000200F49083108600E4800680E4974
:1076800008400C4908600D48091D0860081F006883
:1076900020F48020091F0860002006490C31086092
:1076A000FFF7BAF84FF0006001498039086010BD5B
:1076B00088ED00E000380240FFFFF6FE10300024A5
:1076C00010B50121880700F0C0F9D8B10E48006854
:1076D000F9F724FD0121880700F0A8F90B4880780C
:1076E00002280FD10A480068401C09490860084672
:1076F000006808490968884204D9002004490860E4
:10770000FEF7C8F910BD0000080300204800002063
:107710000C0300201003002010B50121314800F0B7
:1077200094F900285CD030480068401C2E4908605D
:107730002E48007818B12D480078012824D12A4815
:10774000006800F0010010B101212948817026482D
:10775000006800F0010010B900212548817025481B
:107760000078C8BB01212248817000201E490860B2
:107770001C4800884FF6FE7108401A490880002016
:1077800018492431086027E01748006800F001001C
:1077900010B10121164881701348006800F0010003
:1077A00010B90021124881700F480068022813D9CF
:1077B0001048007880B901210D48817000200A49E5
:1077C0000860084800884FF6FE71084005490880A7
:1077D00000200449243108600121024800F026F904
:1077E00010BD000000040040E0020020C0010020A5
:1077F00084020020DC02002010B50121674800F05F
:1078000024F9002871D06648007818B164480078DF
:1078100001281FD16349487801220021FDF7FEFBB2
:10782000002061490860F9F7E7FA5E48807800288F
:107830000FD15E49086001205D49C1F880025948B6
:10784000407818B94FF400405A49088001215A483D
:1078500081709EE053488078032847D157480068DC
:10786000401C5649086008460068022816D14C485A
:107870000078022809D1524A526812685142494A96
:1078800050780122FDF7CAFB83E04D4A5268116827
:10789000444A50780122FDF7C1FB7AE0474800686E
:1078A000032876D34748006849F64041884203D20E
:1078B000092005F0A9F802E01E2005F0A5F83949D5
:1078C000487801220021FDF7A9FB00203E490870FD
:1078D000F9F792FA00203949086001203B49086015
:1078E00000203B49C1F8800253E056E0334800686D
:1078F000401C3249086008460068022816D1284812
:107900000078022809D12E4A526812685142254A4D
:1079100050780122FDF782FB3BE0294A526811684A
:10792000204A50780122FDF779FB32E023480068B5
:1079300003282ED32348006849F64041884203D2E9
:10794000092005F061F802E01E2005F05DF81549F8
:10795000487801220021FDF761FB002012490860F0
:10796000F9F74AFA0020154908600E48807880B976
:1079700000200E49086001200D49C1F88002094825
:10798000407818B94FF400400A49088001210A489C
:1079900081700121014800F049F810BD000C004041
:1079A000C00100204800002084824042B082424250
:1079B000000040421A14024084020020D00200203D
:1079C000A002002014030020DC02002080024042BC
:1079D0000000424210B50D48008A00F00100A0B13D
:1079E00000F016FB0A488078401CC0B20849887035
:1079F0000A2804DB00F008FB0020054988700348D2
:107A0000008A20F001000149088210BD00100040EA
:107A1000C806002021B1028842F08002028004E002
:107A200002884FF67F731A4002807047CA43028271
:107A3000704721B1028842F00102028004E002880E
:107A40004FF6FE731A400280704730B502460020A0
:107A500000230024158A05EA0103958905EA01043B
:107A600013B10CB1012000E0002030BD1AB18389B0
:107A70000B43838102E083898B438381704700003D
:107A800070B5002400220023058C4FF6FE763540A9
:107A90000584028C8388048B4FF68F752C40B51EAD
:107AA0002C400D882C43751E2A408D892A434D8811
:107AB0002A43104DA84202D00F4DA84213D14FF6D1
:107AC000F7752A40CD892A434FF6FB752A408D88E9
:107AD0002A434FF6FF652B404FF6FF552B400D8A8A
:107AE0002B434D8A2B43838004838D684563028436
:107AF00070BD000000000140000401400A46002162
:107B0000018B4FF6F77319401143018370474163AE
:107B10007047000000220288184B98420ED0184B84
:107B200098420BD0B0F1804F08D0164B984205D048
:107B3000154B984202D0154B984204D14FF68F73E3
:107B40001A404B881A43124B984207D0114B984267
:107B500004D04FF6FF431A400B891A4302804B684A
:107B6000C3620B880385054B984202D0044B9842B0
:107B700001D18B7A03860123838270470000014084
:107B8000000401400004004000080040000C0040D8
:107B9000001000400014004010B51C484089002827
:107BA00033DD1A484089B0F57A7F2EDA17484089CC
:107BB000401C1649488108464089FA2825DD1448AA
:107BC000007878B112480078042803DB0E20FEF715
:107BD0002FFF02E00D20FEF72BFF00200C4908705C
:107BE0000A4948810B48007878B10A48007804288F
:107BF00003DB1020FEF71CFF02E00F20FEF718FF4A
:107C00000020044908700149488110BDC8060020C1
:107C1000E4020020E50200200288002A05DD028837
:107C20008A4202DA0288521C0280704701880029C9
:107C300002DD0188491E018070477FB505460C466C
:107C400001210846FEF73CFB1C208DF800000120B6
:107C50008DF8010002208DF8020001208DF803004C
:107C60006846FDF781F90295ADF804400020ADF8B3
:107C70000600ADF80C0001A94FF08040FFF74AFF65
:107C8000012211469007FFF7F1FE7FBD7FB5054643
:107C90000C4601210220FEF713FB1D208DF8000089
:107CA00002208DF8010003208DF8020001208DF8DC
:107CB00003006846FDF758F90295ADF8044000202E
:107CC000ADF80600ADF80C0001A90648FFF722FF49
:107CD00001210448FFF7AAFE012211460148FFF7DF
:107CE000C5FE7FBD000400407FB505460C4601215E
:107CF0000820FEF7E5FA32208DF8000001208DF80B
:107D0000010002208DF8020001208DF80300684672
:107D1000FDF72AF90295ADF804400020ADF8060001
:107D2000ADF80C0001A90648FFF7F4FE0121044854
:107D3000FFF77CFE012211460148FFF797FE7FBD49
:107D4000000C00407FB505460C4601211020FEF7CF
:107D5000B7FA0295ADF804400020ADF80600ADF882
:107D60000C0001A90D48FFF7D5FE012211460B4872
:107D7000FFF77CFE01210948FFF75BFE36208DF8F6
:107D8000000002208DF8010003208DF80200012080
:107D90008DF803006846FDF7E7F87FBD001000404E
:107DA00010B52DED0C8B8AB0B0EE408A002008EEA5
:107DB000900A9FED4D0AB0EE409A01211020FEF787
:107DC0005FFA01210804FEF79BFA032205214748C8
:107DD000F9F7F8FA2020089002208DF824000020FE
:107DE0008DF8260003208DF8250001208DF827004E
:107DF00008A93E48F9F79EFA20213C48F9F705FB0F
:107E00009FED3B0AB0EE409AB5EEC09AF1EE10FA43
:107E100003D8B7EE000AB0EE409AB5EEC08AF1EE94
:107E200010FA03D29FED300AB0EE408A9FED310A7E
:107E3000B4EEC08AF1EE10FA03DD9FED2B0AB0EE2E
:107E4000408A2D4808EE900AF8EE680A80EE890A0A
:107E5000F7EE000A30EE600ABCEEC00A8DED060AAD
:107E60000120ADF814000020ADF81600ADF81C009C
:107E700005A92248FFF74EFE6020ADF80000012062
:107E8000ADF80200F8EE680A80EE890AF7EE000A03
:107E900030EE600A10EE104A2046F8F7F8FB41EC8D
:107EA0001B0B18EE100AF8F7F2FB41EC1D0B9FEDCF
:107EB000140B53EC102BF8F716FB41EC1C0B53EC96
:107EC0001B2BF8F79EFA41EC1A0BF8F7C7FB029050
:107ED0000020ADF80C0069460848FFF7D1FD0AB054
:107EE000BDEC0C8B10BD0000000000000010024033
:107EF00000007A440000C84280DE80020040014059
:107F000000000000000059401CB520200090022015
:107F10008DF8040000208DF8060001208DF8070080
:107F200003208DF8050069460A48F9F703FA032291
:107F300005210848F9F746FA08210748FFF7DEFD52
:107F400001210548FFF766FD01210348FFF771FD98
:107F50001CBD0000001002400040014070B52DED36
:107F60000C8BB0EE408A002008EE900A9FED200AAC
:107F7000B0EE409A9FED1F0AB0EE409AB5EEC09A5F
:107F8000F1EE10FA03D8B7EE000AB0EE409A1A48A4
:107F900008EE900AF8EE680A80EE890AF7EE000A09
:107FA00030EE600A10EE105A2846F8F770FB41ECEC
:107FB0001B0B18EE100AF8F76AFB41EC1D0B9FED46
:107FC0000F0B53EC102BF8F78EFA41EC1C0B53EC13
:107FD0001B2BF8F716FA41EC1A0BF8F73FFB044697
:107FE00021460848FFF793FDBDEC0C8B70BD0000E7
:107FF0000000000000007A4480DE800200000000E3
:10800000000059400040014010B503F0DFFC10BDF6
:1080100010B5FFF7C1FD1448FFF708FE1248801C99
:10802000FFF704FE1148FFF701FE1048001DFFF79F
:10803000FDFD0E480830FFF7F9FD4EF66A210A48AB
:10804000001DFFF7E9FD0848001FC0680849884285
:1080500004D20548001FC068401C00E0002002490F
:10806000091FC86010BD0000CC060020DA06002001
:10807000005C260500B585B001210220FEF700F95D
:1080800001218803FEF73CF90120039000208DF8C0
:10809000100001208DF8130003A91348F9F74AF9DD
:1080A00000210120FEF798FB0120009000208DF8B0
:1080B000040010208DF8050001208DF806006846A8
:1080C000F8F7E2FF06208DF8080001208DF809007E
:1080D00000208DF80A0001208DF80B0002A8FCF7A3
:1080E00043FF05B000BD00000004024000B585B0AC
:1080F00001210220FEF7C4F801218803FEF700F9F0
:108100000120039000208DF8100001208DF813004D
:1081100003A91348F9F70EF900210120FEF75CFBD3
:108120000120009000208DF8040008208DF8050043
:1081300001208DF806006846F8F7A6FF06208DF8A6
:10814000080001208DF8090000208DF80A000120A8
:108150008DF80B0002A8FCF707FF05B000BD00007A
:10816000000402401CB501210220FEF789F802201C
:10817000009001208DF8040000208DF806000320F7
:108180008DF8050001208DF8070069460348F9F7CE
:10819000D1F80020024908601CBD00000004024024
:1081A000848240421FB5FB48807801281ED0F948E0
:1081B000807820B9F8A1FA4802F0A0FE07E0F5485F
:1081C0008078022803D1F7A1F54802F097FEF7481E
:1081D000807818B1F5488078032803D10020F4494D
:1081E000086011E00120F24908600DE0E94880785C
:1081F000012809D1EFA1EA4802F080FE0020EC49F5
:108200000860EE49C1F88402E8480078012804D1EA
:108210000020E7490831086003E00120E449083103
:108220000860E7480078002869D10390E5A1DC48A0
:108230001E3002F063FE002003900CE0039800F56E
:10824000C27080B20022FA210290FAF73DF803983A
:10825000401C80B2039003981428EFDB00200390A9
:108260000EE00398C0F1FA0080B2002201460290AD
:108270004FF4CC70FAF728F80398401C80B20390B2
:1082800003981228EDDB002003900CE0039800F522
:10829000CC7080B20022E8210290FAF715F803981A
:1082A000401C80B2039003982828EFDB0020039045
:1082B0000EE00398C0F1FA0080B20022014602905D
:1082C0004FF4E070FAF700F80398401C80B2039076
:1082D00003981228EDDB002003900CE0039800F5D2
:1082E000E07080B20022FA210290F9F7EDFF0398C6
:1082F000401C80B2039003981428EFDBBAE1B04829
:108300000078012869D100200390AFA1A4481E3055
:1083100002F0F4FD002003900CE0039800F5C27019
:1083200080B20022FA210290F9F7CEFF0398401C98
:1083300080B2039003981428EFDB002003900DE037
:108340000398FA3080B20022014602904FF4CC70BC
:10835000F9F7BAFF0398401C80B2039003981228E3
:10836000EEDB002003900DE0039800F5CC7080B2A6
:1083700000224FF486710290F9F7A6FF0398401C83
:1083800080B2039003982828EEDB002003900DE0D4
:108390000398FA3080B20022014602904FF4E07058
:1083A000F9F792FF0398401C80B2039003981228BB
:1083B000EEDB002003900CE0039800F5E07080B243
:1083C0000022FA210290F9F77FFF0398401C80B247
:1083D000039003981428EFDB4CE1794800780228D9
:1083E0007ED10020039079A16D481E3002F086FDF9
:1083F000002003900CE0039800F5C27080B20022C8
:10840000FA210290F9F760FF0398401C80B20390B4
:1084100003981428EFDB002003900EE00398C0F1CE
:10842000FA0080B20022014602904FF4CC70F9F7B6
:108430004BFF0398401C80B2039003981228EDDB99
:10844000002003900CE0039800F5CC7080B200226D
:10845000E8210290F9F738FF0398401C80B203909E
:1084600003981428EFDB002003900DE00398E83018
:1084700080B20022014602904FF4D670F9F724FF33
:108480000398401C80B2039003982428EEDB002060
:1084900003900DE0039800F5D67080B200224FF4EF
:1084A00086710290F9F710FF0398401C80B2039088
:1084B00003981428EEDB002003900DE00398FA30B7
:1084C00080B20022014602904FF4E070F9F7FCFE02
:1084D0000398401C80B2039003981228EEDB00E062
:1084E00013E0002003900CE0039800F5E07080B2E8
:1084F0000022FA210290F9F7E7FE0398401C80B2AF
:10850000039003981428EFDBB4E00020039030A11F
:1085100023481E3002F0F2FC002003900CE0039888
:1085200000F5C27080B20022FA210290F9F7CCFE69
:108530000398401C80B2039003981428EFDB0020BE
:1085400003900DE00398FA3080B2002201460290B9
:108550004FF4CC70F9F7B8FE0398401C80B203903A
:1085600003981228EEDB002003900DE0039800F53D
:10857000CC7080B200224FF486710290F9F7A4FE0D
:108580000398401C80B2039003981428EEDB00206F
:10859000039030E08402002052756E6E696E6700B1
:1085A0002A05002050617573650000004800002016
:1085B0008002424253746F7000000000000042428B
:1085C000C00100202000000020200000202020000A
:1085D00020202020000000000398C0F5867080B2A3
:1085E0000022014602904FF4D670F9F76DFE039811
:1085F000401C80B2039003982428EDDB00200390F8
:108600000CE0039800F5D67080B20022E8210290B9
:10861000F9F75AFE0398401C80B20390039814287F
:10862000EFDB002003900EE00398C0F1FA0080B267
:108630000022014602904FF4E070F9F745FE0398DE
:10864000401C80B2039003981228EDDB00200390B9
:108650000CE0039800F5E07080B20022FA2102904D
:10866000F9F732FE0398401C80B203900398142857
:10867000EFDB00BFFC48407801287DD1FBA1FD481D
:1086800002F03CFCF848807830B1012875D002280F
:1086900074D0032873D1FDE3F7A1F6485A3002F0F5
:1086A0002DFCF7A1F3486A3002F028FCF6A1F1484E
:1086B0007A3002F023FCF6A1EE488A3002F01EFC6C
:1086C000F5A1EC489A3002F019FCF6A1E948B03067
:1086D00002F014FCAFF22011E648C63002F00EFCA6
:1086E000AFF22C11E348DC3002F008FCDE484079A0
:1086F00000F0020058B3DC48C078012813D1DA48F2
:1087000090F8700178B10120D74910310090D1E97B
:10871000020102460B46CDE90201D649F2310120A1
:1087200002F05EFB0EE00020CF4910310090D1E94D
:10873000020102460B46CDE90201CE49F231012089
:1087400002F04EFBDAA1DB4802F0D8FB2FE0C6486E
:10875000C078012818D1C44890F87001A0B1012058
:10876000C14910310090D1E9020102460B46CDE922
:108770000201D049A03903E0FEE389E001E2FCE315
:10878000002002F02DFB0EE00020B74910310090D0
:10879000D1E9020102460B46CDE90201C549A039E3
:1087A000002002F01DFBC4A1C24802F0A7FBAE48A6
:1087B000407900F0010048B3AB48C07890B9AA48AE
:1087C00090F8700170B10120A7490090D1E904012F
:1087D00002460B46CDE90201B6497839012002F084
:1087E000FFFA0DE00020A0490090D1E90401024603
:1087F0000B46CDE90201AF497839012002F0F0FAC9
:10880000AEA1AC480A3002F079FB28E09648C07867
:1088100090B9954890F8700170B10120924900908C
:10882000D1E9040102460B46CDE90201A14978399C
:10883000002002F0D5FA0DE000208B490090D1E92C
:10884000040102460B46CDE902019A49783900201D
:1088500002F0C6FA9AA197480A3002F04FFBAFF235
:10886000A8219448503802F049FBAFF2B421914856
:10887000143002F043FBAFF2C0218E48283802F0DA
:108880003DFBAFF2CC218B481E3002F037FB46E3B4
:1088900079A178485A3002F031FB79A175486A30E5
:1088A00002F02CFB78A173487A3002F027FB78A104
:1088B00070488A3002F022FB77A16E489A3002F0AD
:1088C0001DFB78A16B48B03002F018FB7DA1694810
:1088D000C63002F013FBAFF220317648B63802F012
:1088E0000DFB6148407900F0020058B35E48C07843
:1088F000012813D15C4890F8700178B101205A49E1
:1089000038310090D1E9020102460B46CDE902015F
:108910006849A039012002F063FA0EE000205249B4
:1089200038310090D1E9020102460B46CDE902013F
:108930006049A039012002F053FA5DA15D4802F0C0
:10894000DDFA2AE04848C078012813D1464890F85B
:10895000700178B10120444938310090D1E9020119
:1089600002460B46CDE902015249A039002002F02F
:1089700037FA0EE000203C4938310090D1E902017D
:1089800002460B46CDE902014A49A039002002F017
:1089900027FA49A1474802F0B1FA3348407900F07C
:1089A000010048B33048C07890B92F4890F8700162
:1089B00070B101202C490090D1E90E0102460B460E
:1089C000CDE902013B497839012002F009FA0DE0B6
:1089D000002025490090D1E90E0102460B46CDE961
:1089E000020134497839012002F0FAF933A1314803
:1089F0000A3002F083FA28E01B48C07890B91A4880
:108A000090F8700170B1012017490090D1E90E0172
:108A100002460B46CDE9020126497839002002F0D2
:108A2000DFF90DE0002010490090D1E90E01024667
:108A30000B46CDE902011F497839002002F0D0F938
:108A40001FA11C480A3002F059FA0748407900F08B
:108A50000400E8B30448C078022848D1024890F8DE
:108A60007001B0B3012035E048000020566F6C74EF
:108A7000616765000C05002053696E676C65000036
:108A80004672656552756E00547261696E00000031
:108A9000457874426E63000050756C736557696465
:108AA00074680000416D706C697475646500000045
:108AB0006D7300009E0600207E73000056000000CB
:108AC0006D5600004672657175656E637900000031
:108AD00020E00CE0FE490090D1E9040102460B467B
:108AE000CDE90201FB49012002F07AF90CE00020F7
:108AF000F7490090D1E9040102460B46CDE9020195
:108B0000F449012002F06CF9F3A1F248643002F05C
:108B1000F5F929E0EE483838C078022812D1EC483F
:108B2000383890F8700168B10120E9490090D1E926
:108B3000040102460B46CDE90201E649012002F09C
:108B40004FF90CE00020E2490090D1E9040102460F
:108B50000B46CDE90201DF49012002F041F9DFA116
:108B6000DC48643002F0CAF9AFF2B451D948283079
:108B700002F0C4F9AFF2C051D6486E3002F0BEF92F
:108B800015E3AFF20C11D348E83802F0B7F9AFF2B1
:108B90001011D048D83802F0B1F9AFF21411CD4815
:108BA000C83802F0ABF9AFF21811CA48B83802F071
:108BB000A5F9AFF21C11C748A83802F09FF9AFF22F
:108BC0001C11C448923802F099F9AFF20811C1485B
:108BD0007C3802F093F9C2A1BE48663802F08EF9E3
:108BE000BB483838407900F0020078B3B8483838CC
:108BF000C078012814D1B648383890F8700178B19F
:108C00000120B34928310090D1E9020102460B4608
:108C1000CDE90201AF495039012002F0E1F80EE040
:108C20000020AB4928310090D1E9020102460B46F1
:108C3000CDE90201A7495039012002F0D1F8AFF285
:108C40009011A448503002F059F92FE0FFE7A048F6
:108C50003838C078012814D19D48383890F8700110
:108C600078B101209A4928310090D1E902010246E9
:108C70000B46CDE9020197495039002002F0B0F8C7
:108C80000EE00020924928310090D1E9020102460D
:108C90000B46CDE902018F495039002002F0A0F8BF
:108CA000AFF2EC118B48503002F028F98848383880
:108CB000407900F0010070B385483838C078A0B919
:108CC0008348383890F8700178B1012080493839EC
:108CD0000090D1E9180102460B46CDE902017D4919
:108CE0002839012002F07CF80EE00020784938395C
:108CF0000090D1E9180102460B46CDE90201754901
:108D00002839012002F06CF8AFF2502171485A3036
:108D100002F0F4F82EE0FFE76D483838C078A0B9CB
:108D20006B48383890F8700178B1012068493839BB
:108D30000090D1E9180102460B46CDE902016549D0
:108D40002839002002F04CF80EE000206049383944
:108D50000090D1E9180102460B46CDE902015D49B8
:108D60002839002002F03CF8AFF2AC2159485A30C3
:108D700002F0C4F856483838407900F0040060B377
:108D800053483838C078022813D15148383890F801
:108D9000700170B101204E4928310090D1E90401E1
:108DA00002460B46CDE902014A49012002F018F8BB
:108DB0000DE00020464928310090D1E90401024627
:108DC0000B46CDE902014349012002F009F842A116
:108DD0004048643002F092F82BE03D483838C078C3
:108DE000022813D13A48383890F8700170B1012048
:108DF000374928310090D1E9040102460B46CDE9FC
:108E000002013449012001F0EBFF0DE00020304960
:108E100028310090D1E9040102460B46CDE9020158
:108E20002C49012001F0DCFF2CA12A48643002F01B
:108E300065F827483838407900F0080058B32448CE
:108E40003838C078032814D12148383890F8700198
:108E500078B101201E4928310090D1E9060102466F
:108E60000B46CDE902011B492831012001F0B8FF72
:108E70000EE00020164928310090D1E90601024693
:108E80000B46CDE9020113492831012001F0A8FF6A
:108E900016A101E044E004E00E486E3002F02EF826
:108EA0003DE00B483838C078032825D108483838C9
:108EB00090F8700100B30120009005483838C16F68
:108EC000806F02460B46CDE90201024928310FE0CE
:108ED000800000204E0600204B487A00487A0000AF
:108EE0004475726174696F6E0000000073000000C9
:108EF000002001F075FF0CE00020F7490090D1E957
:108F0000060102460B46CDE90201F449002001F0BA
:108F100067FFAFF26441F148463001F0EFFF46E1F0
:108F2000AFF2AC41EE4801F0E9FFAFF2AC41EC48E2
:108F3000103001F0E3FFAFF2B041E948203001F01A
:108F4000DDFFAFF2B441E648303001F0D7FFAFF2B9
:108F5000AC41E348563001F0D1FFAFF27401E04874
:108F60006C3001F0CBFFAFF28001DD48823001F0C0
:108F7000C5FFDC48007801E01AE117E118B1D948D3
:108F80000078012812D1AFF2A001D548403001F09D
:108F9000B5FFAFF2AC01D148783801F0AFFFAFF2C6
:108FA000B801CE48283001F0A9FF84E0AFF2185193
:108FB000CB48403001F0A2FFC7486038407900F04C
:108FC000020078B3C4486038C078012814D1C24880
:108FD000603890F8700178B10120BF4928310090C5
:108FE000D1E9020102460B46CDE90201BB497839BD
:108FF000012001F0F5FE0EE00020B7492831009075
:10900000D1E9020102460B46CDE90201B3497839A4
:10901000012001F0E5FEAFF26851B048283001F0C0
:109020006DFF2FE0FFE7AC486038C078012814D10D
:10903000A948603890F8700178B10120A64928311C
:109040000090D1E9020102460B46CDE90201A34995
:109050007839002001F0C4FE0EE000209E4928313E
:109060000090D1E9020102460B46CDE902019B497D
:109070007839002001F0B4FEAFF2C451974828308F
:1090800001F03CFF98480168436893482030D0E9DC
:109090000442614083EA020001430CD08E48203034
:1090A000D0E90410904A1160506016228E49891E42
:1090B000E620F7F794FD88486038407900F0010019
:1090C00070B385486038C078A0B98348603890F89C
:1090D000700178B10120804920310090D1E902016E
:1090E00002460B46CDE902017C495039012001F0CE
:1090F00077FE0EE00020009077482030C16880683D
:1091000002460B46CDE9020174495039012001F0B5
:1091100067FEAFF258617148323001F0EFFE2DE08A
:109120006D486038C078A0B96B48603890F870011D
:1091300078B10120684920310090D1E9020102464E
:109140000B46CDE9020165495039002001F048FE87
:109150000EE00020604920310090D1E90201024672
:109160000B46CDE902015D495039002001F038FE7F
:10917000AFF2B4615948323001F0C0FEAFF298212D
:109180005648283801F0BAFEAFF2A42153483C30CB
:1091900001F0B4FEAFF2B021504801F0AFFEAFF2E3
:1091A000B8214E48463001F0A9FE00E000BFFCE3C4
:1091B0004EA14B485A3801F0A1FE474860388078EC
:1091C00030B101286AD0022869D0032868D1EDE3C4
:1091D000AFF25C71424801F091FEAFF25C71404821
:1091E000103001F08BFEAFF260713D48203001F08D
:1091F00085FEAFF264713A48303001F07FFEAFF285
:1092000068713748403001F079FEAFF26871344838
:10921000563001F073FEAFF2303131486C3001F05E
:109220006DFEAFF23C312E48823001F067FE2A48D5
:109230006038407900F0020078B327486038C07881
:10924000012814D12448603890F8700178B10120C9
:10925000214958310090D1E9020102460B46CDE97F
:1092600002011E497839012001F0BAFD0EE000200C
:10927000194958310090D1E9020102460B46CDE967
:10928000020116497839012001F0AAFDAFF2E07120
:109290001248283001F032FE3FE002E0B7E023E25E
:1092A000FEE30D486038C078012823D10A486038B1
:1092B00090F87001F0B10120074958310090D1E9D0
:1092C000020102460B46CDE902010449783900202B
:1092D00001F086FD1BE00000A800002076060020BB
:1092E00066050020C00100204A0300204375727209
:1092F000656E74000020F8490090D1E90201024631
:109300000B46CDE90201F549002001F069FDAFF6F9
:109310005801F248A03001F0F1FDEF48B83840792B
:1093200000F0100068B3EC48B838C078A0B9EA483B
:10933000B83890F8700178B10120E74908390090F9
:10934000D1E9020102460B46CDE90201E349283189
:10935000012001F045FD0EE00020DF4908390090B2
:10936000D1E9020102460B46CDE90201DB49283171
:10937000012001F035FDDAA1D848AA3001F0BEFD88
:109380002CE0D548B838C078A0B9D348B83890F8A0
:10939000700178B10120D04908390090D1E902016B
:1093A00002460B46CDE90201CC492831002001F0EC
:1093B00017FD0EE00020C84908390090D1E90201EC
:1093C00002460B46CDE90201C4492831002001F0D4
:1093D00007FDC4A1C148AA3001F090FDAFF2F841E9
:1093E000BE48503001F08AFDAFF20451BB48B430A2
:1093F00001F084FDAFF21051B848783001F07EFDE5
:10940000AFF21C51B548BE3001F078FD16E3AFF65F
:109410009811B248983801F071FDAFF69C11AF4831
:10942000883801F06BFDAFF6A011AC48783801F038
:1094300065FDAFF6A411A948683801F05FFDAFF6ED
:10944000A811A648583801F059FDAFF6A811A34855
:10945000423801F053FDAFF69411A0482C3801F0CA
:109460004DFDAFF27C519D48163801F047FD9A48FA
:10947000B838407900F0020068B39748B838C0782F
:10948000012813D19448B83890F8700170B10120C8
:109490000090914820304169006902460B46CDE9B1
:1094A00002018E49012001F09BFC0DE0002000909C
:1094B000894820304169006902460B46CDE9020126
:1094C0008649012001F08CFCAFF61C218348A030B6
:1094D00001F014FD2CE08048B838C078012813D181
:1094E0007D48B83890F8700170B101207A49283170
:1094F0000090D1E9020102460B46CDE9020177490D
:10950000002001F06DFC0DE000207349283100902F
:10951000D1E9020102460B46CDE902016F49002064
:1095200001F05EFCAFF670216C48A03001F0E6FC63
:109530006948B838407900F0100068B36648B83818
:10954000C078A0B96448B83890F8700178B10120AB
:10955000614920310090D1E9020102460B46CDE974
:1095600002015E492831012001F03AFC0EE00020A2
:10957000594920310090D1E9020102460B46CDE95C
:10958000020156492831012001F02AFC54A1534818
:10959000AA3001F0B3FC2CE04F48B838C078A0B92D
:1095A0004D48B83890F8700178B1012000904A48D1
:1095B0002030C168806802460B46CDE90201474968
:1095C0002831002001F00CFC0EE000200090424801
:1095D0002030C168806802460B46CDE902013F4950
:1095E0002831002001F0FCFB3EA13C48AA3001F0EC
:1095F00085FC3948B838407900F0040078B3364823
:10960000B838C078022814D13348B83890F87001BF
:1096100078B10120304928310090D1E90401024697
:109620000B46CDE902012D495031012001F0D8FB54
:109630000EE00020284928310090D1E904010246BB
:109640000B46CDE9020125495031012001F0C8FB4C
:10965000AFF27C712148B43001F050FC2FE0FFE7FD
:109660001D48B838C078022814D11B48B83890F883
:10967000700178B10120009017482030C1698069DD
:1096800002460B46CDE9020114495031012001F098
:10969000A7FB0EE0002000900F482030C1698069D0
:1096A00002460B46CDE902010C495031012001F080
:1096B00097FBAFF2D8710948B43001F01FFCAFF24C
:1096C000D8710648783001F019FCAFF2E471034814
:1096D000BE3001F013FCF2E200010020FE05002084
:1096E0006D4100007E410000AFF67441FE4801F07C
:1096F00005FCAFF67441FC48103001F0FFFBAFF6FB
:109700007841F948203001F0F9FBAFF67C41F6488A
:10971000303001F0F3FBAFF68041F348403001F008
:10972000EDFBAFF68041F048563001F0E7FBAFF6B5
:109730006C41ED486C3001F0E1FBAFF65C01EA48AA
:10974000823001F0DBFBE948407900F0020058B3B9
:10975000E648C078012812D1E44890F8700170B151
:109760000120E3490090D1E9020102460B46CDE910
:109770000201DD499831012001F032FB0EE00020AA
:109780000090DB4808384169006902460B46CDE984
:109790000201D5499831012001F022FBAFF6F041DA
:1097A000D44801F0ABFB29E0D048C078012812D1A1
:1097B000CE4890F8700170B10120CD490090D1E9F8
:1097C000020102460B46CDE90201C749983100204B
:1097D00001F006FB0DE00020C5490090D1E902012F
:1097E00002460B46CDE90201BF499831002001F045
:1097F000F7FAAFF63C51BF4801F080FBBB48407917
:1098000000F0100060B3B948C07898B9B74890F834
:10981000700178B101200090B5480838C1688068AF
:1098200002460B46CDE90201B2497839012001F028
:10983000D7FA0EE00020AE4908390090D1E90201C4
:1098400002460B46CDE90201AA497839012001F010
:10985000C7FAAFF27411A7480A3001F04FFB2BE0B2
:10986000A248C07898B9A14890F8700178B1012059
:109870009F4908390090D1E9020102460B46CDE923
:1098800002019C497839002001F0AAFA0EE000207C
:10989000974908390090D1E9020102460B46CDE90B
:1098A000020194497839002001F09AFAAFF2CC1104
:1098B00090480A3001F022FB8C48407900F0040007
:1098C00068B38A48C078022813D1884890F870019C
:1098D00078B10120009086480838C1698069024645
:1098E0000B46CDE9020183495039012001F078FA95
:1098F0000EE0002000907E480838C1698069024669
:109900000B46CDE902017B495039012001F068FA8C
:10991000AFF63C217748143001F0F0FA2BE07348A1
:10992000C078022813D1714890F8700178B10120F5
:1099300000906F480838C169806902460B46CDE93E
:1099400002016C495039012001F04AFA0DE0002073
:1099500067490090D1E9040102460B46CDE90201B6
:1099600064495039012001F03BFAAFF6902161487B
:10997000143001F0C3FA5D48407900F0080078B374
:109980005A48C078032815D1584890F8700188B11A
:10999000012057490090D1E9060102460B46CDE966
:1099A000020154492839012001E089E147E001F032
:1099B00017FA0EE0002000904D480838416A006A0E
:1099C00002460B46CDE902014A492839012001F03F
:1099D00007FAAFF6E82147481E3001F08FFA2DE074
:1099E000FFE74248C078032813D1404890F870013F
:1099F00078B1012000903E480838416A006A02466A
:109A00000B46CDE902013B492839002001F0E8F975
:109A10000EE00020009036480838416A006A02468D
:109A20000B46CDE9020133492839002001F0D8F96D
:109A3000AFF684712F481E3001F060FA3FE1AFF6B7
:109A4000C871294801F05AFAAFF6CC712648103097
:109A500001F054FAAFF6D0712348203001F04EFAED
:109A6000AFF6D4712048303001F048FAAFF6CC712F
:109A70001D48563001F042FAAFF694311A486C3066
:109A800001F03CFAAFF6A0311748823001F036FA07
:109A90001948007818B118480078012813D100E05F
:109AA0000CE1AFF6BC311048403001F027FAAFF6B8
:109AB000C8310D48983001F021FAAFF6D4310D4885
:109AC00001F01CFA83E00D490748403001F016FA16
:109AD0000648407900F00200B0B30448C07801287D
:109AE0001FD102480CE0000066050020480000205D
:109AF000500100209E060020C0010020988A000826
:109B000090F8700168B101206E490090D1E902011E
:109B100002460B46CDE902016B49012001F060F9D4
:109B20000CE0002067490090D1E9020102460B4693
:109B3000CDE902016449012001F052F963A16248B4
:109B4000A03001F0DBF929E0FFE76148C078012887
:109B500012D15F4890F8700170B10120009059480F
:109B600008384169006902460B46CDE902015649B1
:109B7000002001F035F90CE0002052490090D1E9B5
:109B8000020102460B46CDE902014F49002001F0D7
:109B900027F950A14C48A03001F0B0F94E480168B7
:109BA000426848480838D0E90434594082EA040041
:109BB00001430CD043480838D0E90410464A1160EC
:109BC0005060162244490A39E620F7F708F8404861
:109BD000407900F0100060B33D48C07898B93C4827
:109BE00090F8700178B10120364908390090D1E928
:109BF000020102460B46CDE902013349283101201A
:109C000001F0EEF80EE0002000902E480838C16800
:109C1000806802460B46CDE902012B49283101201C
:109C200001F0DEF8AFF248512748AA3001F066F99A
:109C30002BE02748C07898B9254890F8700178B192
:109C4000012000901F480838C168806802460B4612
:109C5000CDE902011C492831002001F0C1F80EE0D5
:109C60000020009017480838C168806802460B46FB
:109C7000CDE9020114492831002001F0B1F8AFF21A
:109C80009C511148AA3001F039F9AFF6A4510E48A1
:109C9000503001F033F9AFF6B0510B48B43001F059
:109CA0002DF9AFF6BC510848783001F027F9AFF62E
:109CB000C8510548BE3001F021F900E000BF00BFE7
:109CC0001FBD000078010020FE0500206D7300001C
:109CD000480000207E7300005203002008B542F2C5
:109CE0000410F8F775FA4FF4AD40D6239E220021F8
:109CF00000909420F8F728FB08BD000000B585B05F
:109D0000FE4890F8BA01012803D10220FB4981F8EE
:109D1000BA01FA490F31F948F6F7A6FA20B9F7481F
:109D200090F8BA0102281BD146F2C330F4490880EA
:109D300000204880084640880988F04A1823CDE969
:109D40000132CDE903102A209E23E5220021009054
:109D50000620FBF767FAE94901F10F00F6F792FADE
:109D6000E6492D31A1F10F00F6F77EFA20B9E3485C
:109D700090F8BA01022827D1E2488078012804D15E
:109D80004FF44840DE49088003E04FF4AD40DC4921
:109D900008800020DA494880084640880988D74A68
:109DA0001E321823CDE90132CDE903102A209E236B
:109DB000E522A42100900720FBF734FACF491E3199
:109DC00001F10F00F6F75EFACC494B31A1F10F001B
:109DD000F6F74AFA20B9C94890F8BA0102281ED10C
:109DE0004FF2E760C6490880002048800846408856
:109DF0000988C24A3C321823CDE90132CDE903106B
:109E00002A209E23E5224FF4A47100900820FBF73E
:109E100009FABA493C3101F10F00F6F733FAB749B4
:109E20006231A1F10800F6F71FFA20B9B34890F8A3
:109E3000BA01022853D1B448807828BB4FF4AD4012
:109E4000AF49088000204880084641880088AB4A16
:109E50005A321823CDE90132CDE903013420882399
:109E60000022114600900120FBF7DCF94FF4AD40D1
:109E7000A3490880084600883423932200210090DB
:109E80008920F8F761FA24E04AF655509C49088089
:109E900000204880084640880988984A5A3218238A
:109EA000CDE90132CDE90310342088230022114688
:109EB00000900120FBF7B6F942F2041090490880A7
:109EC0000846008834239322002100908920F8F767
:109ED0003BFA8A495A3101F10800F6F7D3F987496C
:109EE0007231A1F10800F6F7BFF920B9834890F864
:109EF000BA01022854D184488078012825D14FF432
:109F0000AD407F490880002048800846418800888D
:109F10007A4A6A321823CDE90132CDE903013420AF
:109F200088233622002100900120FBF77BF94FF4B3
:109F3000AD4073490880084600886A239322362181
:109F400000908920F8F700FA24E04AF655506C4951
:109F5000088000204880084640880988674A6A329D
:109F60001823CDE90132CDE90310342088233622AD
:109F7000002100900120FBF755F942F204106049DE
:109F80000880084600886A239322362100908920A1
:109F9000F8F7DAF959496A3101F10800F6F772F970
:109FA00056498231A1F10800F6F75EF920B953480D
:109FB00090F8BA01022854D153488078022825D15C
:109FC0004FF4AD404E490880002048800846408844
:109FD00009884A4A7A321823CDE90132CDE90310C3
:109FE000342088236C22002100900120FBF71AF90D
:109FF0004FF4AD404249088008460088A0239322D0
:10A000006C2100908920F8F79FF924E04AF655501A
:10A010003B49088000204880084640880988374A24
:10A020007A321823CDE90132CDE903103420882398
:10A030006C22002100900120FBF7F4F842F204109A
:10A040002F49088008460088A02393226C210090A5
:10A050008920F8F779F929497A3101F10800F6F7F2
:10A0600011F926499231A1F10800F6F7FDF820B95F
:10A07000224890F8BA0102285CD12348807803284E
:10A0800025D14FF4AD401E49088000204880084685
:10A0900041880088194A8A321823CDE90132CDE976
:10A0A000030134208823A222002100900120FBF725
:10A0B000B9F84FF4AD401249088008460088D6230D
:10A0C0009322A22100908920F8F73EF92DE04AF66C
:10A0D00055500B4908800020488008464088098870
:10A0E000064A8A321823CDE90132CDE90310342023
:10A0F0008823A22200210090012007E00C05002007
:10A10000C40200208402002048000020FBF78AF8E7
:10A1100042F20410FB49088008460088D6239322A7
:10A12000A22100908920F8F70FF9F74901F1080002
:10A13000F6F7A8F8F4491B31A1F10B00F6F794F8F3
:10A1400028B9F1488A3890F8BA0102282AD1EF4894
:10A15000C078012806D04AF65550EA490880002008
:10A16000488006E044F22820E64908804AF251601F
:10A170004880E4484088E3490988E34A10321023C4
:10A18000CDE90132CDE9031034206F2336229E2120
:10A1900000900220FBF746F8DB49103101F10B007B
:10A1A000F6F770F8D8493131A1F10B00F6F75CF8F9
:10A1B00028B9D5488A3890F8BA01022828D1D3485E
:10A1C000C07830B14AF65550CE490880002048800A
:10A1D00006E044F22820CB4908804AF251604880CA
:10A1E000C84841880088C84A26321023CDE9013288
:10A1F000CDE9030134206F2300229E21009002202C
:10A20000FBF710F8C049263101F10B00F6F73AF8D8
:10A21000BD494731A1F10B00F6F726F828B9BA4835
:10A220008A3890F8BA0102282AD1B848C0780228A2
:10A2300006D04AF65550B34908800020488006E011
:10A2400044F22820AF4908804AF251604880AD4866
:10A250004088AC490988AC4A3C321023CDE9013230
:10A26000CDE9031034206F236C229E210090022040
:10A27000FAF7D8FFA4493C3101F10B00F6F702F8D8
:10A28000A1495D31A1F10B00F5F7EEFF28B99E4819
:10A290008A3890F8BA01022829D19C48C07803284E
:10A2A00006D04AF65550974908800020488006E0BD
:10A2B00044F22820934908804AF25160488091482E
:10A2C00041880088904A52321023CDE90132CDE90D
:10A2D000030134206F23A2229E2100900220FAF76E
:10A2E000A1FF8949523101F10B00F5F7CBFF8649F7
:10A2F0007C31A1F11400F5F7B7FF28B982488A38FC
:10A3000090F8BA0102283DD18048C078012819D0C0
:10A310004AF655507B49088000204880084640880E
:10A320000988794A68321023CDE90132CDE903105A
:10A330003420812336224FF4877100900320FAF7EE
:10A3400071FF19E042F204106E4908804AF2516030
:10A3500048800846418800886B4A68321023CDE95E
:10A360000132CDE903013420812336224FF4877175
:10A3700000900420FAF756FF6349683101F1140098
:10A38000F5F780FF6049A431A1F11400F5F76CFFE7
:10A3900028B95D488A3890F8BA0102283CD15B4858
:10A3A000C078C8B14AF65550564908800020488008
:10A3B000084640880988544A90321023CDE901327A
:10A3C000CDE903103420812300224FF487710090DF
:10A3D0000320FAF727FF19E042F2041049490880E8
:10A3E0004AF251604880084641880088464A9032C7
:10A3F0001023CDE90132CDE903013420812300226D
:10A400004FF4877100900420FAF70CFF3E49903119
:10A4100001F11400F5F736FF3B49CC31A1F11400EE
:10A42000F5F722FF28B938488A3890F8BA0102288F
:10A430003DD13648C078022819D04AF655503149E6
:10A440000880002048800846418800882E4AB8329B
:10A450001023CDE90132CDE90301342081236C22A0
:10A460004FF4877100900320FAF7DCFE19E042F206
:10A470000410244908804AF2516048800846408808
:10A480000988214AB8321023CDE90132CDE9031001
:10A49000342081236C224FF4877100900420FAF756
:10A4A000C1FE1949B83101F11400F5F7EBFE164968
:10A4B000F431A1F11400F5F7D7FE28B912488A3813
:10A4C00090F8BA01022841D11048C07803281FD063
:10A4D0004AF655500B4908800020488008464088BD
:10A4E0000988094AE0321023CDE90132CDE9031091
:10A4F00034208123A2224FF4877100900320FAF7C1
:10A5000091FE1EE0C40200209605002048000020B5
:10A5100042F204107D4908804AF2516048800846A2
:10A52000418800887A4A1023CDE90132CDE9030140
:10A5300034208123A2224FF4877100900420FAF77F
:10A5400071FE734901F11400F5F79CFE70492D313D
:10A55000481FF5F789FE20B96E4890F8BA01022825
:10A5600029D16D48C078012806D04AF65550674970
:10A5700008800020488006E044F2282063490880D3
:10A580004AF251604880614841880088604A283218
:10A590001023CDE90132CDE9030134204E233622C8
:10A5A0004FF4C87100900520FAF73CFE5849283155
:10A5B000481DF5F767FE56493731481FF5F754FE39
:10A5C00020B9544890F8BA01022829D15248C078DD
:10A5D00030B14AF655504D4908800020488006E0C9
:10A5E00044F22820494908804AF25160488047488F
:10A5F000408846490988464A32321023CDE9013263
:10A60000CDE9031034204E2300224FF4C87100908E
:10A610000520FAF707FE3E493231481DF5F732FEB4
:10A620003B494131481FF5F71FFE20B9394890F8E2
:10A63000BA01022829D13848C078022806D04AF643
:10A640005550324908800020488006E044F2282016
:10A650002E4908804AF2516048802C484188008881
:10A660002B4A3C321023CDE90132CDE903013420DD
:10A670004E236C224FF4C87100900520FAF7D2FDEA
:10A6800023493C31481DF5F7FDFD21494B31481F59
:10A69000F5F7EAFD20B91F4890F8BA01022829D140
:10A6A0001D48C078032806D04AF65550174908803F
:10A6B0000020488006E044F22820144908804AF22D
:10A6C00051604880114841880088114A4632102361
:10A6D000CDE90132CDE9030134204E23A2224FF40B
:10A6E000C87100900520FAF79DFD09494631481DC3
:10A6F000F5F7C8FD074890F8BA01022803D10020F9
:10A70000044981F8BA0105B000BD0000C402002070
:10A71000760600200C050020480000201FB50446E6
:10A72000FDF740FDFFF7EAFA2D48007828B96420CC
:10A73000F8F788F801202A490870012C4ED142F21E
:10A740000410C1234FF4D77234210090C820F7F7CA
:10A75000FBFD4FF4AD4042F2041122A21823CDE9D3
:10A760000032CDE90210B0234FF4B47242214FF40D
:10A770008770F8F7F9FA4FF4AD4042F204111BA2CA
:10A780001023CDE90032CDE90210BE234FF4D77279
:10A790006E21DC20F8F7E8FA4FF4AD4042F20411E4
:10A7A00018A21023CDE90032CDE90210BE234FF4E8
:10A7B000D7728A21DC20F8F7D7FA4FF4AD4042F285
:10A7C000041115A21023CDE90032CDE90210BE23F9
:10A7D0004FF4D772A621DC20F8F7C6FA1FBD00009F
:10A7E000C80200205761726E696E67004578636524
:10A7F00065642074686520736166652076616C7598
:10A8000065000000436F6E74696E75653A5072653D
:10A8100073732052554E000043616E63656C3A506D
:10A8200072657373205041555345000010B50446BE
:10A83000F5F7B7FC8648807830B1012842D002286D
:10A840007ED004287DD1BBE0012C18D18149486815
:10A85000FBF704FA30B98048007840F002007E49E6
:10A8600008702EE07C48007820F002007A490870D9
:10A8700008468078012824D0FBF70CF921E0022C4F
:10A880001FD173484078012805D17148006971498A
:10A890004968086005E06E48D0F8B8006D4949681D
:10A8A00008606C484068006858B96B48007820F030
:10A8B00002006949087008468078012801D0FBF73A
:10A8C000E9F890E0012C18D162494868FBF71CF9BF
:10A8D00030B96148007840F002005F4908702EE00E
:10A8E0005D48007820F002005B49087008468078D7
:10A8F000012824D0FBF7CEF821E0022C1FD15448C8
:10A900004078012805D15248806B52494968086057
:10A9100005E04F48D0F8E0004E49496808604D48CE
:10A920004068006858B94C48007820F002004A4955
:10A93000087008468078012801D0FBF7ABF852E098
:10A9400000E04FE0012C18D142494868FBF7A0FB1A
:10A9500030B94148007840F002003F4908702EE0CD
:10A960003D48007820F002003B4908700846807896
:10A97000012824D0FBF78EF821E0022C1FD13448A7
:10A980004078012805D13248006E32494968086094
:10A9900005E02F48D0F808012E49496808602D4885
:10A9A0004068006858B92C48007820F002002A4915
:10A9B000087008468078012801D0FBF76BF812E098
:10A9C0002648407806280AD2DFE800F0030405068E
:10A9D000070805E004E003E002E001E000E000BF5A
:10A9E00000BF00E000BF00BF012C2DD11948406816
:10A9F000C0681B49498901EB810100EB4100808857
:10AA000018494968086013484068C0681449498972
:10AA100001EB810100EB4100C088134949680880BF
:10AA20000C484068C0680E49498901EB810100EB80
:10AA3000410000890D4949680860002008494881A3
:10AA400000210748C1600161F5F7ADFB10BD0000B2
:10AA500048000020A002002084020020A02A00203C
:10AA60003C04002024020020440200206402002054
:10AA700010B5064CD4E90010884202D14FF6FF70A1
:10AA800010BD4FF47A7000F003F8F9E7304200206F
:10AA900010B502460B49134606E0581E80B2031E4D
:10AAA00002D14FF6FF7010BDD1E90040A042F4D0B2
:10AAB0000C794868401C04F03F04486001F108002C
:10AAC000005DF0E73042002070B51B4C40F225518C
:10AAD0001A4800F05DF8F0B140F22551174800F037
:10AAE0003CF8164800F00EF9C5B2D4E90001401A4E
:10AAF000402808D2207800F03F0104F108004554B6
:10AB00002068401C206020782179401A00F03F0026
:10AB10000B4908800FE040F22441084800F038F863
:10AB200048B106480088C6B20448001D0088C6B275
:10AB300001200449087070BD30420020001401401B
:10AB40001A0300201803002001F40072B2F5007F00
:10AB500000D100BFCA430280704710B50022002315
:10AB600040F66A14A14200D100BF0A1201249440A9
:10AB7000A3B2DC43048010BD21B1828942F40052AB
:10AB8000828104E082894DF6FF731A40828170470A
:10AB900070B50246002400230025002040F66A1606
:10ABA000B14200D100BFC1F3421501F01F030126DD
:10ABB00006FA03F3012D02D19689334006E0022DF7
:10ABC00002D1168A334001E0968A33400C120126E6
:10ABD00006FA04F41688344013B10CB1012000E0E9
:10ABE000002070BDF0B5034600240026002500209B
:10ABF00040F66A17B94200D100BF1846C1F34214AB
:10AC000001F01F06012707FA06F5012C01D10C30CF
:10AC100004E0022C01D1103000E014301AB10768B2
:10AC20002F43076002E00768AF430760F0BD0000F4
:10AC30002DE9FF4705460E460024A14600BFA04669
:10AC4000B08900B100BF2C8A24F44054F08804433A
:10AC50002C82AC8941F20C608443B088318908436E
:10AC6000718908430443AC81AC8A24F44074B089F0
:10AC70000443AC826846FBF76DFB2048854202D056
:10AC80001F48854202D1DDF80C9001E0DDF8089004
:10AC9000A88900F4004040B109EBC90000EB09109D
:10ACA00031684900B0FBF1F707E009EBC90000EBA0
:10ACB000091031688900B0FBF1F76420B7FBF0F0B0
:10ACC00004012009642101FB1078A88900F40040E8
:10ACD00040B1322000EBC800B0FBF1F000F00700FB
:10ACE000044308E0322000EB08106421B0FBF1F0CF
:10ACF00000F00F0004432C81BDE8FF8700100140E5
:10AD00000014014001468888C0F30800704700BF66
:10AD1000FEE7000010B588B0044601214020FBF793
:10AD2000AFFA01212020FBF7EBFA082209212A487B
:10AD3000F6F748FB08220E212748F6F743FB4FF4AD
:10AD40008440069002208DF81C0003208DF81D0021
:10AD500000208DF81E0001208DF81F0006A91E4856
:10AD6000F6F7E8FA02940020ADF80C00ADF80E00FA
:10AD7000ADF81000ADF814000C20ADF8120002A9D7
:10AD80001648FFF755FF40211448FFF7DDFE10215C
:10AD90001248FFF7D9FE012240F225510F48FFF774
:10ADA00021FF012240F224410C48FFF71BFF4720FE
:10ADB0008DF8040002208DF8050003208DF80600B0
:10ADC00001208DF8070001A8FAF7CEF80121034809
:10ADD000FFF7D2FE08B010BD001802400014014079
:10ADE0002DE9FC4106460F4614461D46DDF820803D
:10ADF000C6B3B8F1000F2AD02A48C0684FF47A7160
:10AE0000B0FBF1F201FB1200C82804D226A138469B
:10AE100000F074F843E00A21244890F872012246B9
:10AE20002B46CDE900013946304601F0C3FA1F48F0
:10AE300090F87001012832D10A20042122462B46C5
:10AE4000CDE900103946304601F0B4FA27E00A2077
:10AE5000042122462B46CDE900103946304601F048
:10AE6000A9FA1CE0FFE7B8F1000F0ED00D48C0684A
:10AE70004FF47A71B0FBF1F201FB1200C82804D242
:10AE800009A1384600F03AF809E00A2000212246DC
:10AE90002B46CDE900103946304601F08BFABDE86B
:10AEA000FC810000C80600200000000048000020CF
:10AEB00010B5F6F771FD10BD70B505460C4645F2AC
:10AEC0005550F6F77DFD2846F6F76EFDA0B2F6F771
:10AED00071FDF6F761FDF6F757FD70BD0FB4054B38
:10AEE00010B503A9044A029800F030F910BC5DF8CF
:10AEF00014FB000035BA00081C0300200FB4084BF7
:10AF000010B504A902AA039800F020F9044602A98A
:10AF1000002000F09EFC204610BC5DF814FB0000F1
:10AF200053B8000800B52DED048BB0EE409AF0EE5A
:10AF3000609A83B051EC190BF5F7B3FC41EC180B98
:10AF400018EE100A18EE901A8DED008B002818BF2D
:10AF50000120084320F00040C0F17F6000F1E04094
:10AF6000C00F14D019EE101A19EE900A8DED009B47
:10AF7000002918BF0121084320F00040C0F17F6084
:10AF800000F1E040C00F04BF012000F017F8B0EE60
:10AF9000480A03B0F0EE680ABDEC048B00BD02E085
:10AFA00008C8121F08C1002AFAD170477047002054
:10AFB00001E001C1121F002AFBD17047014908605E
:10AFC00070470000440300202DE9FF5F82B000219C
:10AFD000DDE90430020DDDF840B0034318D044F63B
:10AFE0001050A2F2FF3242431514119801281FD0CD
:10AFF000A5EB0B00401C5FEA000A4FF000064E4F25
:10B00000DFF83891B046504615D5CAF1000413E078
:10B01000119801244AA3012801D16FEA0B0102987B
:10B02000119AC0E90031C0E9024206B0BDE8F09FC4
:10B03000CBF10000DFE704460021404A491842EB0B
:10B040000450CDE9001012E0E00707D032463B463D
:10B0500040464946F5F7D5F98046894632463B4693
:10B0600010461946F5F7CDF906460F466410002C38
:10B07000EAD1DDE90401DDE90023BAF1000F06DAC7
:10B08000F5F7BFF942464B46F5F7BBF905E0F5F792
:10B090002AFA42464B46F5F726FA04460E460022A7
:10B0A000284BF5F767FC03D84FF0FF30014607E067
:10B0B0000022254B20463146F5F7FCF8F5F742FC17
:10B0C000102409E0002C0ADB0A220023F5F782F89D
:10B0D000039B30321A55641E50EA0102F2D1641CFF
:10B0E000039AC4F111031444119A012A03D00122D6
:10B0F00008430DD10AE0084304D000204FF0110BA3
:10B10000119072E7A3EB0B056D1E0DE05B4504DDAE
:10B110004FF0000205F1010504E003DA4FF00002F0
:10B12000A5F10105002AECD002981199C0E902317D
:10B13000C0E9004579E70000000014400000F03F3E
:10B14000300000000000F0430000E03F2DE9FF4F19
:10B1500095B09A46884606460025EEE1252877D127
:10B1600000242746F94A0121039400E0044316F81D
:10B17000013F203B01FA03F01042F7D130782A2832
:10B1800011D06FF02F033078A0F13002092A16D8C1
:10B19000039A44F0020402EB820203EB42021044E1
:10B1A000761C0390EFE758F8042B0392002A03DA89
:10B1B000504244F40054039044F00204761C30786A
:10B1C0002E2816D116F8010F44F004042A280DD0B9
:10B1D0006FF02F023078A0F13003092B09D807EB6C
:10B1E000870302EB4303C718761CF3E758F8047B88
:10B1F000761C30786C280FD006DC4C2817D06828D5
:10B200000DD06A2814D104E0742810D07A280FD108
:10B210000DE044F400140AE044F4801401E044F426
:10B2200040147278824202D104F58014761C761C98
:10B23000307866280BD013DC582877D009DC00283A
:10B2400075D04528F6D04628F4D047281AD193E186
:10B2500018E0632835D0642879D0652812D18BE1B5
:10B26000702873D008DC6728F1D069286FD06E2869
:10B270000DD06F2806D1ACE073282CD0752874D07F
:10B28000782853D05246179990476D1C54E1C4F367
:10B290000250022809D003280DD0D8F80010042845
:10B2A0000DD00D6008F1040846E1D8F80010EA1747
:10B2B000C1E90052F6E7D8F800100D80F2E70D70F2
:10B2C000F0E718F8041B8DF8001000208DF801003D
:10B2D000EB46012003E058F804BB4FF0FF30610754
:10B2E0004FF0000102D40DE009F101018946B94295
:10B2F0000FDA8145F8DB1BF809100029F4D108E0CA
:10B3000009F1010189468142FADB1BF80910002985
:10B31000F6D103985346A0EB090721463846179A01
:10B3200000F080FA284400EB090507E044E008E15A
:10B330000DE01BF8010B524617999047B9F101092E
:10B34000F7D2534621463846179AF2E039E00A21EF
:10B35000C4F302524FF0000B0091022A06D058F8B5
:10B36000040BC117032A09D00AE023E008F1070003
:10B3700020F00702F2E80201904605E000B2C11792
:10B38000042A01D140B2C117002906DA0A46002179
:10B39000404261EB02012D2202E0220504D52B225E
:10B3A0008DF80420012203E0E20701D02022F7E714
:10B3B000914657E00A2100E010214FF0000B009168
:10B3C0000BE010214FF0000B44F00404082700911B
:10B3D00003E008204FF0000B0090C4F30252022A51
:10B3E00005D058F8040B0021032A08D008E008F122
:10B3F000070020F00702F2E80201904603E080B265
:10B40000042A00D1C0B24FF0000922072AD53278B1
:10B41000702A07D0DDF800C08CF0100C5CEA0B0C31
:10B4200005D00EE040228DF80420012208E050EA09
:10B43000010306D030238DF804308DF80520022258
:10B440009146009B83F0080353EA0B030AD150EAAC
:10B45000010201D1620705D530228DF804204FF09A
:10B4600001097F1E3278582A04D039A20C920CAA06
:10B4700002920BE03BA2F9E75B46009AF4F7AAFEC2
:10B480000C9B9B5C029A521E0292137050EA0102BE
:10B49000F2D1029804A9081A00F1200B600702D526
:10B4A00024F4803400E001275F4502DDA7EB0B00A8
:10B4B00000E0002000EB0B01009003984944401A83
:10B4C0000390E00306D453462146179A039800F0F0
:10B4D000A9F90544002706E001A85246C05D179966
:10B4E00090476D1C7F1C4F45F6DBE0030CD553469F
:10B4F0002146179A039800F095F9054404E030209E
:10B500005246179990476D1C0099481E00900029DB
:10B51000F5DC08E00298029952460078491C029135
:10B52000179990476D1CBBF10001ABF1010BF1DCE9
:10B530005BE100F065F90544761C307800287FF463
:10B540000DAE19B02846BDE8F08F000009280100B3
:10B550003031323334353637383961626364656689
:10B56000000000003031323334353637383941424B
:10B570004344454600000000600700D4062708F158
:10B58000070020F00700F0E80223804603F0004C9B
:10B590005FEA0C0001D097A009E0200501D596A034
:10B5A00005E0E00701D095A001E0AFF24C00139058
:10B5B000307823F0004365280CD006DC452809D0FC
:10B5C00046281DD047287FD13BE0662818D0672841
:10B5D0007AD136E00021112F01DB112000E0781C28
:10B5E000CDE9000104A90CA8FFF7EEFCDDE90D018F
:10B5F0000C9A4FF0000B07F10109109200914EE0F8
:10B600004FF000400097CDE9011004A90CA8FFF706
:10B61000DBFCDDE90D020C9B0F994FF0000B91460E
:10B620001093009211B9791C00EB0109B7EB0900E6
:10B6300003D4C0F1FF3B07F10109A9EB070001901A
:10B6400042E0012F00DA01270021112F01DD112036
:10B6500000E03846CDE9000104A90CA8FFF7B4FCCE
:10B66000DDE90D010C9A00914FF0000BB9461092E4
:10B6700021070FD4009A4A4503DA914601E0A9F167
:10B680000109B9F1010F05DD109AA9F10101515C21
:10B690003029F4D0B84202DA10F1040F03DA0121A4
:10B6A000CDE9011010E0002803DC8344A9EB000180
:10B6B00002E0411C494500DD8946A0EB0B00401C1F
:10B6C00001904FF000400290200705D401984845B2
:10B6D00002DB4FF0FF30019000208DF84B00029804
:10B6E0000DF14B07B0F1004F25D002200C902B201C
:10B6F0000D90029800280CDA404202902D200D9007
:10B7000007E00A210298F4F7F1FF3031029007F8C0
:10B71000011D0C99481E0C900029F2DC02980028AB
:10B72000EFD1791E0D980870307800F0200040F0BD
:10B73000450007F8020D11A8C01BC01D0290139808
:10B74000007800B1012000EB0901019801EBE071E4
:10B75000029801440398401A401E0390E00306D467
:10B7600053462146179A039800F05CF80544139855
:10B77000007818B15246179990476D1CE00323D505
:10B7800053462146179A039800F04CF805441BE0F5
:10B79000BBF1000F07DB0098584504DD109817999E
:10B7A00010F80B0001E0179930205246904701989D
:10B7B0000BF1010B401E05F10105019004D12E2073
:10B7C0005246179990476D1CB9F10001A9F1010982
:10B7D000DEDC05E017F8010B5246179990476D1C07
:10B7E0000299481E02900029F4DC53462146179A1C
:10B7F00003989EE62D0000002B00000020000000B2
:10B800002DE9F041044600251E461746880404D45D
:10B8100005E039462020B0476D1C641EF9D5284646
:10B82000BDE8F0812DE9F041044600251E46904612
:10B83000C80301D5302700E02027880404D505E09F
:10B8400041463846B0476D1C641EF9D52846BDE810
:10B85000F0810A68531C0B601070704770B5054684
:10B8600005EB8500304901EB40042846F6F718FB4C
:10B87000A8423ED12078052802DA0520207052E047
:10B8800020780A2803DA2078401C20704BE0A07949
:10B8900038B90120A07105EB4501491CC8B200F080
:10B8A000A1F8A08800283EDD6088A18888420DDAD2
:10B8B0006088401C80B26080A188884233D105EB4B
:10B8C0004501C91CC8B200F08DF82CE0E0790028D1
:10B8D00029DD207A401CC0B22072E179884222DB47
:10B8E0000020207205EB4501491CC8B200F07AF82F
:10B8F00019E02078052802DD0520207010E020786E
:10B9000018B12078401E20700AE0A079012807D1E4
:10B910000020A07105EB4501891CC8B200F062F857
:10B9200000206080207270BDE40600200E4890F870
:10B9300032000D4A92F83320904201D10020704726
:10B94000094890F83200084A115C104690F832001D
:10B95000401CC0B282F83200322802DB002082F89C
:10B9600032000846EBE700004C08002000200021D0
:10B97000144A82F8321082F8331082F8341000BF73
:10B980001DE0642100EB80020F4B03EB420291802B
:10B99000052100EB800203F81210002100EB800269
:10B9A00003EB4202917100EB800203EB4202D17182
:10B9B00000EB800203EB42021172411CC8B2242842
:10B9C000DFDB70474C080020E406002010B500249F
:10B9D00004E02046FFF742FF601CC4B2242CF8DBD1
:10B9E00010BD0000084991F83310074A5054114621
:10B9F00091F83310491CC9B282F83310322902DBA6
:10BA0000002182F8331070474C0800204FF0E022EC
:10BA100052694FF47A73B2FBF3F250434FF0E022D5
:10BA2000916900BF4FF0E02292698A1A8242F9D3ED
:10BA30007047000000BF054A128802F04002002A49
:10BA4000F9D0C2B2014B1B1D1A807047001401408F
:10BA500010B586B004460020039004900590009035
:10BA60000190029012480068C0F30B00039011A0EF
:10BA70000399FFF733FA144850F824000068039044
:10BA8000114850F82400406804900F4850F82400F2
:10BA9000806805900DA00099FFF720FA10A0019989
:10BAA000FFF71CFA13A00299FFF718FA06B010BDB1
:10BAB000002004E04D43552069645B305D3A3078E6
:10BAC00025780D0A00000000140000204D43552089
:10BAD0006964315B305D3A307825780D0A000000EA
:10BAE0004D4355206964315B315D3A307825780DDE
:10BAF0000A0000004D4355206964315B325D3A30E5
:10BB00007825780D0A00000000B52DED048B85B076
:10BB100001A8FAF71FFC0298F4F773FD41EC190B2A
:10BB20009FED230B53EC102BF4F7DDFC41EC180BCD
:10BB300053EC182B20A0FFF7D1F90398F4F761FD1F
:10BB400041EC190B9FED1A0B53EC102BF4F7CBFCC7
:10BB500041EC180B53EC182B1EA0FFF7BFF904980B
:10BB6000F4F74FFD41EC190B9FED110B53EC102B2B
:10BB7000F4F7B9FC41EC180B53EC182B1CA0FFF7A1
:10BB8000ADF90198F4F73DFD41EC190B9FED080B61
:10BB900053EC102BF4F7A7FC41EC180B53EC182BCB
:10BBA0001AA0FFF79BF905B0BDEC048B00BD0000A7
:10BBB0000000000080842E4148434C4B5F46726574
:10BBC0007175656E63793A252E33664D487A0D0A94
:10BBD0000000000050434C4B315F46726571756543
:10BBE0006E63793A252E33664D487A0D0A000000BF
:10BBF00050434C4B325F4672657175656E63793A9E
:10BC0000252E33664D487A0D0A00000053595343E0
:10BC10004C4B5F4672657175656E63793A252E33BC
:10BC2000664D487A0D0A000010B5122204494FF4FF
:10BC30000070F4F799FF024902A0FFF74FF910BD19
:10BC4000F00100204465766963655F534E3A2573C1
:10BC50000D0A000070B5002400250026FFF766FEDF
:10BC600004468CB1601E032190FBF1F0C5B2601E4A
:10BC700090FBF1F201FB1200C6B21EB9242D01DACD
:10BC8000284670BD0020FCE70020FAE710B52DED36
:10BC9000048B9FED0C0AB0EE408A9020F5F7BAFBBA
:10BCA000B0EE408A18EE100AF4F7F1FC41EC190BE3
:10BCB00053EC192B04A0FFF711F9B0EE480ABDECC4
:10BCC000048B10BD000000006765745F74656D70C3
:10BCD0003A25660D0A00000010B580200949088049
:10BCE00000F012F840200749891E088000F00CF887
:10BCF00040200449088000F007F880200149891E8F
:10BD0000088010BD1A140240002001E0411C88B2D6
:10BD10002628FBDB704700001CB501212020FAF724
:10BD2000AFFA01212020FAF7ABFA40200090012061
:10BD30008DF804008DF8060003208DF80500012021
:10BD40008DF8070069460B48F5F7F4FA802000905B
:10BD500001208DF804008DF8060003208DF8050001
:10BD600001208DF8070069460248F5F7E3FA00F074
:10BD70007DF81CBD0014024010B5802007490880E2
:10BD8000FFF7C2FF402005490880FFF7BDFF4020B4
:10BD90000249891C0880FFF7B7FF10BD1814024044
:10BDA00070B50025002400BF16E040200C49088033
:10BDB000FFF7AAFF6006040E09480838006800F083
:10BDC000800008B1601CC4B240200549891C08806D
:10BDD000FFF79AFF681CC5B2082DE6DB204670BD50
:10BDE0001814024070B5044640201349088000250D
:10BDF0001BE004F0800020B180200F49891E0880DC
:10BE000002E080200C4908806006040EFFF77CFFEA
:10BE100040200949891E0880FFF776FF4020064927
:10BE20000880FFF771FF681CC5B2082DE1DB802098
:10BE30000149891E088070BD1A14024010B5802087
:10BE40000949088040200880FFF75EFF80200649EE
:10BE5000891C0880FFF758FF40200349891C08808F
:10BE6000FFF752FF10BD00001814024010B58020EB
:10BE7000054908804020891E0880FFF745FF802083
:10BE80000149891E088010BD1A14024070B50024B3
:10BE9000002580200C490880FFF736FF40200A4922
:10BEA0000880FFF731FF08480838006800F080007C
:10BEB00008B1012400E0002440200349891C0880C7
:10BEC000FFF722FF204670BD181402402DED028BB3
:10BED00092B09FED680AB0EE408AF5F777FDFEF765
:10BEE000E7FF9FED650AFCF739F84FF4C870F4F7E7
:10BEF00077FFFEF7DDFFBBE06048006830BBFFF76F
:10BF0000C5FEB0EE408A9FED5E0AB4EEC08AF1EE47
:10BF100010FA04DD9FED5B0AFCF720F827E09FEDA7
:10BF20005A0AB4EEC08AF1EE10FA04DD9FED570A0A
:10BF3000FCF714F81BE09FED560AB4EEC08AF1EE50
:10BF400010FA04DD9FED4C0AFCF708F80FE09FEDB6
:10BF5000510AB4EEC08AF1EE10FA04DD9FED4E0AEC
:10BF6000FBF7FCFF03E09FED4B0AFBF7F7FFF7F74A
:10BF70009DF8FEF79DFFF8F769FDFEF799FF47482A
:10BF8000007830B1002045490870FEF7C7FBFEF786
:10BF90008FFFF6F7BFFFFEF78BFF414800780028C0
:10BFA00064D0404800881C2860D10024002540212E
:10BFB00002A8F4F747F93CA000680190FF22402155
:10BFC00002A8F4F738F900BF05E0FEF751FD02A919
:10BFD0000855601C84B2334800888442F5DB314840
:10BFE0000088801EC1B202A8F4F77CFE05462D48E9
:10BFF0000088801E02A9095C2A480088401E02AA07
:10C00000105C41EA0020A84211D026480088401E5A
:10C0100002A9085C9DF8041088421BD121480088C1
:10C02000801E02A9085C9DF80510884212D10822E2
:10C0300002A91E48F4F72FF960B904AB02AA194807
:10C0400001881BA0FEF74AFF122204A94FF40070DA
:10C05000F4F7C5FD00201249087012490880122229
:10C0600021494FF40070F4F77FFD00BFFEF720FF79
:10C0700042E70000000000000000A0420400002091
:10C08000000070420000C84200005C420000B44260
:10C09000000048420000344200008C4210000020A2
:10C0A000180300201A030020414100003CCA000888
:10C0B000557361727436466C61673D312C557361FE
:10C0C0007274365F72785F6C656E3A25642C7561A8
:10C0D00072745F6275663A252D3238732C534E3A6E
:10C0E000252D3138730D0A00F00100202DE9F041B3
:10C0F00004460E461548005D38B9144818380168E2
:10C10000204688470120BDE8F081114850F82400FE
:10C11000B04219D90F4850F82400B6FBF0F10B4893
:10C12000083850F8240030F81120002508E00023DA
:10C130000648083850F824004F1920F817306D1CB5
:10C140009542F4DB0020DEE70220DCE7000300205C
:10C1500054CA00084CCA00082DE9F04704460F46AF
:10C160000025A9462348005D20B9224818380168F7
:10C17000204688471FB94FF0FF30BDE8F0871E48C2
:10C1800050F82400B7FBF0F61B4850F82400B7FB2A
:10C19000F0F100FB117000B1761C184850F8240033
:10C1A000451E22E01348083850F8240030F81500E6
:10C1B00010B909F1010901E04FF00009B14513D1AF
:10C1C0004FF0000809E00B48083850F8240005EB50
:10C1D000080220F8126008F10108B045F3D30648C0
:10C1E00050F824006843C8E76D1E002DDADA4FF0DE
:10C1F000FF30C2E7000300204CCA000844CA000810
:10C2000010B501460023002207E00B4850F821003A
:10C2100030F8120000B15B1C521C084850F8210095
:10C220009042F2D864205843044C54F82140B0FBAB
:10C23000F4F0C0B210BD0000F802002044CA0008AB
:10C2400070B505460C4604B970BD054850F8250088
:10C25000261A31462846FFF749FF00BFF4E70000E1
:10C26000F002002070B504460E4631462046FFF726
:10C2700073FF0546681C08B9002070BD024850F8DD
:10C2800024002844F9E70000F002002030B50346FE
:10C2900001E003F8011B141EA2F10102F9D130BD27
:10C2A00010B53F48C07801283CD13E48007818B10D
:10C2B0003C48007801281BD13B48D0E9043042F2C9
:10C2C00010729A1A70F1000005D242F21072002129
:10C2D0003548C0E904213449D1E90401304AD2F893
:10C2E000542108322E4BDB7802EBC30203C219E063
:10C2F0002D48D0E9042044F62063D21A70F10000E2
:10C3000004D21A4600212848C0E904212649D1E96F
:10C310000401234AD2F854210832214BDB7802EB86
:10C32000C30203C21E48C078022819D11E491F4A01
:10C33000D1E90440A21A70F1000004D21B4A002186
:10C340001948C0E904211848D0E904211448D0F85C
:10C3500054010830124BDB7800EBC300C0E9002128
:10C360000F48C078032819D10F48D0E90420104B9A
:10C37000D21A70F1000004D21A4600200A49C1E91D
:10C3800004200948D0E90410054AD2F854210832A3
:10C39000034BDB7802EBC302C2E9001010BD0000C2
:10C3A00048000020C001002098010020400D03003B
:10C3B000A08601002DE9FF5F82B08A4616461F461F
:10C3C000DDF844B04FF00008C14600BF02980028D5
:10C3D0007DD0FE4A002330463946F3F7FBFE044683
:10C3E0000D461098052873D2DFE800F00356B2FC22
:10C3F000FB000BE00A22002320462946F3F7EAFE61
:10C4000004460D4608F1010000F0FF08002184EA0F
:10C41000010069400843EDD1B8F1000F01D14FF0A0
:10C4200001084FF0000906E020200AF8090009F190
:10C43000010000F0FF095846A0EB08004845F3DC76
:10C44000E24A002330463946F3F7C4FE04460D465F
:10C45000002009EB08010AF8010019E0A8F1010029
:10C4600000F0FF080A22002320462946F3F7B2FE17
:10C470003020101809EB08010AF801004FF00A02F9
:10C480004FF0000320462946F3F7A4FE04460D466C
:10C49000B8F1000FE2D1FCE10BE00A2200232046B4
:10C4A0002946F3F797FE04460D4608F1010000F017
:10C4B000FF08002184EA010069400843EDD1B8F18A
:10C4C000000F01D14FF001084FF0000908E0E1E151
:10C4D000DEE120200AF8090009F1010000F0FF095F
:10C4E000ABF10100A0EB08004845F2DCB74A00239D
:10C4F00030463946F3F76EFE04460D462E2009EB12
:10C5000008010AF80100002109EB0800401C0AF8A4
:10C51000001019E0A8F1010000F0FF080A22002332
:10C5200020462946F3F756FE3020101809EB080183
:10C530000AF801004FF00A024FF000032046294696
:10C54000F3F748FE04460D46B8F1000FE2D1A0E132
:10C550000BE00A22002320462946F3F73BFE04465F
:10C560000D4608F1010000F0FF08002184EA0100F7
:10C5700069400843EDD1B8F1000F01D14FF0010837
:10C580004FF0000906E020200AF8090009F1010037
:10C5900000F0FF09ABF10200A0EB08004845F2DC17
:10C5A0008A4A002330463946F3F714FE04460D4606
:10C5B0002E2009EB08010AF80100854A00233046C5
:10C5C0003946F3F707FE0A220023CDE90001F3F70D
:10C5D00001FE30201018C1B209EB080000F1010083
:10C5E00001E0B1E028E00AF800104FF0000109EB8B
:10C5F000080000F102000AF8001019E0A8F101009B
:10C6000000F0FF080A22002320462946F3F7E2FD46
:10C610003020101809EB08010AF801004FF00A0257
:10C620004FF0000320462946F3F7D4FD04460D469B
:10C63000B8F1000FE2D12CE10BE00A2200232046E2
:10C640002946F3F7C7FD04460D4608F1010000F046
:10C65000FF08002184EA010069400843EDD1B8F1E8
:10C66000000F01D14FF001084FF0000906E0202033
:10C670000AF8090009F1010000F0FF09ABF103001D
:10C68000A0EB08004845F2DC504A0023304639460A
:10C69000F3F7A0FD04460D462E2009EB08010AF829
:10C6A00001004B4A002330463946F3F793FD0A2236
:10C6B0000023CDE90001F3F78DFD30201018C1B241
:10C6C00009EB080000F101000AF8001042F21072B4
:10C6D0004FF0000330463946F3F77CFD0A22002371
:10C6E000CDE90001F3F776FD30201018C1B209EB57
:10C6F000080000F102000AF800104FF0000109EBF9
:10C70000080000F103000AF8001019E0A8F1010088
:10C7100000F0FF080A22002320462946F3F75AFDBD
:10C720003020101809EB08010AF801004FF00A0246
:10C730004FF0000320462946F3F74CFD04460D4612
:10C74000B8F1000FE2D1A4E00BE00A22002320465A
:10C750002946F3F73FFD04460D4608F1010000F0BD
:10C76000FF08002184EA010069400843EDD1B8F1D7
:10C77000000F01D14FF001084FF0000906E0202022
:10C780000AF8090009F1010000F0FF09ABF104000B
:10C79000A0EB08004845F2DC0C4A0023304639463D
:10C7A000F3F718FD04460D462E2009EB08010AF8A0
:10C7B0000100074A002330463946F3F70BFD0A22F1
:10C7C0000023CDE90001F3F705FD03E040420F002F
:10C7D000A086010030201018C1B209EB080000F15A
:10C7E00001000AF8001042F210724FF000033046C8
:10C7F0003946F3F7EFFC0A220023CDE90001F3F7F5
:10C80000E9FC30201018C1B209EB080000F1020069
:10C810000AF800104FF47A724FF0000330463946A0
:10C82000F3F7D8FC0A220023CDE90001F3F7D2FC8C
:10C8300030201018C1B209EB080000F103000AF81B
:10C8400000104FF0000109EB080000F104000AF8A5
:10C85000001019E0A8F1010000F0FF080A220023EF
:10C8600020462946F3F7B6FC3020101809EB0801E2
:10C870000AF801004FF00A024FF000032046294653
:10C88000F3F7A8FC04460D46B8F1000FE2D100E032
:10C8900000BF60E04FF47A72002330463946F3F768
:10C8A00099FC04460D461098A0BB0BE00A22002319
:10C8B00020462946F3F78EFC04460D4608F1010098
:10C8C00000F0FF08002184EA010069400843EDD12F
:10C8D000B8F1000F01D14FF001084FF0000906E058
:10C8E00020200AF8090009F1010000F0FF09ABEB74
:10C8F00008004845F4DC4FF47A720023304639468C
:10C90000F3F768FC04460D46002009EB08010AF81D
:10C9100001001AE01DE0A8F1010000F0FF080A2262
:10C92000002320462946F3F755FC3020101809EB68
:10C9300008010AF801004FF00A024FF000032046F8
:10C940002946F3F747FC04460D46B8F1000FE2D143
:10C9500000E000BF00BF06B0BDE8F09FF0B5B9B081
:10C960000027E02101A8F3F76DFC0024DE24224615
:10C9700001A94FF40070F4F7F7F809A0FEF7AEFA3A
:10C980009DF8BC100AA0FEF7A9FADDF8BD50DDF84D
:10C99000C1302A4611A0FEF7A1FA39B0F0BD00005F
:10C9A000746573745F656570726F6D0D0A000000C9
:10C9B000734D656D446174615F74742E435F4D6F98
:10C9C0006465457874426E635F506172616D4E417B
:10C9D000445F414D504C3A25640D0A00734D656D1E
:10C9E000446174615F74742E435F4D6F6465457874
:10C9F00074426E635F506172616D5F414D504C3A9D
:10CA0000256C6C640D0A0000002105E00A2100BFBE
:10CA10000A1EA1F10101FBD1021EA0F10100F5D116
:10CA20007047002105E00A2100BF0A1EA1F10101A3
:10CA3000FBD1021EA0F10100F5D170477367737A34
:10CA400068646773000100002000000020000000FF
:10CA50002000000000200000000400000000000092
:10CA60000000000000000000000000003F40000047
:10CA700000000000000030004000300040000000D6
:10CA800009000BC03D000BC03D00090018C0244048
:10CA90007FE0224031800000180024C01B000D8080
:10CAA0003240018003801C4027401C80074000402A
:10CAB0001000600000000000000000000000000006
:10CAC00000001F80204040200000402020401F80A8
:10CAD00000000000090006001F8006000900000099
:10CAE000040004003F800400040000000010006007
:10CAF0000000000000000000040004000400040026
:10CB000004000000000000400000000000000000E1
:10CB1000002001C006003800400000001F802040B7
:10CB2000204020401F800000000010403FC0004017
:10CB30000000000018C0214022402440184000009E
:10CB400010802040244024401B80000002000D0083
:10CB500011003FC0014000003C802440244024409C
:10CB6000238000001F8024402440344003800000C4
:10CB70003000200027C03800200000001B80244027
:10CB8000244024401B8000001C0022C02240224080
:10CB90001F800000000000000840000000000000AE
:10CBA000000000000460000000000000000004001D
:10CBB0000A00110020804040090009000900090016
:10CBC0000900000000004040208011000A0004001D
:10CBD0001800200023402400180000001F8020407F
:10CBE000274029401F400000004007C039000F00C7
:10CBF00001C0004020403FC0244024401B80000072
:10CC00001F802040204020403080000020403FC056
:10CC1000204020401F80000020403FC024402E4084
:10CC200030C0000020403FC024402E0030000000F3
:10CC30000F001080204022403380020020403FC07F
:10CC4000040004003FC02040204020403FC020405E
:10CC5000204000000060202020203FC02000200055
:10CC600020403FC024400B0030C0204020403FC047
:10CC700020400040004000C03FC03C0003C03C00DA
:10CC80003FC0000020403FC00C4023003FC02000B8
:10CC90001F802040204020401F80000020403FC0D7
:10CCA00024402400180000001F802140214020E083
:10CCB0001FA0000020403FC02440260019C00040B3
:10CCC00018C0244024402240318000003000204021
:10CCD0003FC020403000000020003F800040004066
:10CCE0003F80200020003E0001C0070038002000E7
:10CCF000380007C03C0007C038000000204039C0A1
:10CD0000060039C0204000002000384007C03840ED
:10CD100020000000304021C02640384020C00000E4
:10CD2000000000007FE04020402000000000700074
:10CD30000C000380004000000000402040207FE005
:10CD40000000000000002000400020000000000063
:10CD50000010001000100010001000100000000073
:10CD60004000000000000000000002800540054077
:10CD700003C0004020003FC0044004400380000086
:10CD800000000380044004400640000000000380CF
:10CD9000044024403FC0004000000380054005409F
:10CDA00003400000000004401FC024402440200035
:10CDB000000002E0055005500650042020403FC00E
:10CDC0000440040003C000400000044027C00040AD
:10CDD0000000000000100010041027E00000000018
:10CDE00020403FC00140070004C0044020402040D4
:10CDF0003FC000400040000007C0040007C004001E
:10CE000003C00000044007C00440040003C0004009
:10CE1000000003800440044003800000041007F079
:10CE200004500440038000000000038004400450CC
:10CE300007F00010044007C0024004000400000096
:10CE4000000006400540054004C00000000004004A
:10CE50001F800440004000000400078000400440A0
:10CE600007C000400400070004C001800600040061
:10CE7000060001C0070001C006000000044006C013
:10CE8000010006C0044000000410071004E0018007
:10CE9000060004000000044005C0064004400000F5
:10CEA0000000000004007BE04020000000000000C3
:10CEB0000000FFF000000000000040207BE00400C4
:10CEC00000000000400080004000200020004000E2
:10CED0000000000000000000000000000000000052
:10CEE0000000000000001FCC000C0000000000004B
:10CEF0000000080030006000080030006000000002
:10CF0000022003FC1E20022003FC1E200220000041
:10CF100000000E1811043FFF10840C780000000080
:10CF20000F0010840F3800C00778188400780000C4
:10CF300000780F8410C411240E9800E400840008C7
:10CF40000800680070000000000000000000000001
:10CF500000000000000007E0181820044002000054
:10CF6000000040022004181807E000000000000044
:10CF70000240024001800FF00180024002400000A8
:10CF80000080008000800FF800800080008000009A
:10CF90000001000D000E0000000000000000000075
:10CFA0000000008000800080008000800080008001
:10CFB0000000000C000C0000000000000000000059
:10CFC0000000000600180060018006001800200024
:10CFD000000007F0080810041004080807F000001B
:10CFE0000000080408041FFC000400040000000006
:10CFF00000000E0C10141024104411840E0C0000BC
:10D0000000000C1810041104110412880C700000A8
:10D01000000000E00320042408241FFC002400007A
:10D0200000001F9810841104110410881070000073
:10D03000000007F00888110411041888007000002F
:10D0400000001C00100010FC13001C001000000069
:10D0500000000E3811441084108411440E38000072
:10D0600000000700088C10441044088807F00000F6
:10D07000000000000000030C030C00000000000092
:10D080000000000000010106000000000000000098
:10D090000000008001400220041008081004000075
:10D0A0000220022002200220022002200220000092
:10D0B0000000100408080410022001400080000055
:10D0C00000000E001200100C106C10800F00000009
:10D0D00003E00C1813E4142417C4082807D0000038
:10D0E0000004003C03C41C40074000E4001C000492
:10D0F00010041FFC1104110411040E8800700000BC
:10D1000003E00C1810041004100410081C10000098
:10D1100010041FFC100410041004080807F000009D
:10D1200010041FFC1104110417C410040818000097
:10D1300010041FFC1104110017C0100008000000AB
:10D1400003E00C181004100410441C780040000088
:10D1500010041FFC10840080008010841FFC100449
:10D160000000100410041FFC100410040000000054
:10D1700000030001100110011FFE1000100000004C
:10D1800010041FFC110403801464181C1004000018
:10D1900010041FFC1004000400040004000C000034
:10D1A00010041FFC1F0000FC1F001FFC10040000E7
:10D1B00010041FFC0C04030000E010181FFC1000FA
:10D1C00007F00808100410041004080807F0000015
:10D1D00010041FFC10841080108010800F000000CD
:10D1E00007F0081810241024101C080A07F2000089
:10D1F00010041FFC1104110011C011300E0C0004AA
:10D2000000000E1C11041084108410441C3800000F
:10D210001800100010041FFC10041000180000007B
:10D2200010001FF810040004000410041FF8100080
:10D2300010001E0011E0001C007013801C00100084
:10D240001FC0103C00E01F0000E0103C1FC00000A9
:10D250001004180C163401C001C01634180C100448
:10D2600010001C00130400FC13041C00100000003C
:10D270000804101C1064108413041C04101800000F
:10D280000000000000007FFE40024002400200005B
:10D29000000030000C0003800060001C0003000050
:10D2A00000004002400240027FFE0000000000003B
:10D2B000000000002000400040004000200000006E
:10D2C0000001000100010001000100010001000156
:10D2D00000004000400020000000000000000000AE
:10D2E00000000098012401440144014400FC0004B2
:10D2F00010001FFC00880104010400880070000079
:10D30000000000700088010401040104008800008E
:10D310000000007000880104010411081FFC0004D3
:10D32000000000F8014401440144014400C8000029
:10D330000000010401040FFC110411041100180085
:10D34000000000D601290129012901C901060000B8
:10D3500010041FFC008401000100010400FC000413
:10D3600000000104190419FC00040004000000007E
:10D370000000000300010101190119FE0000000076
:10D3800010041FFC0024004001B4010C0104000043
:10D390000000100410041FFC000400040000000042
:10D3A000010401FC0104010001FC0104010000FC76
:10D3B000010401FC008401000100010400FC0004E0
:10D3C000000000F8010401040104010400F8000059
:10D3D000010101FF008501040104008800700000C4
:10D3E00000000070008801040104010501FF000134
:10D3F0000104010401FC008401040100018000001B
:10D40000000000CC01240124012401240198000023
:10D4100000000100010007F8010401040000000001
:10D42000010001F8000400040004010801FC0004EC
:10D43000010001800170000C0010016001800100FA
:10D4400001F0010C003001C00030010C01F00100BE
:10D4500000000104018C00740170018C01040000C3
:10D46000010101810171000E0018016001800100BD
:10D4700000000184010C013401440184010C00000E
:10D48000000000000000000001003EFC40024002DD
:10D490000000000000000000FFFF0000000000008E
:10D4A0000000400240023EFC0100000000000000BD
:10D4B000008000FF000400040004008800FC000459
:10D4C000000000000000000000000000000000005C
:10D4D000000000000000000000000000000000004C
:10D4E000000000000000000000000000000000003C
:10D4F0000000000F80380FFE380F80380000000059
:10D50000000000000000000000000000000001001A
:10D51000000600000C00003800003100000600008A
:10D520000C00003800003000000000000000000087
:10D5300061800067F807F980006180006180006108
:10D54000800061800067F807F980006180000000BA
:10D5500000000000000001C0E003E0F00630080415
:10D5600018081FFFFE040E080787F00381E0000083
:10D570000000000001F000060C00040408060C7016
:10D5800001F9C0000E00003BE000EC180708080499
:10D590000C180003E00000000001E00007F003F8B1
:10D5A00018041C0804170807E1D003C0E00023B0EA
:10D5B000003C0800200800001000000000000001EE
:10D5C00000003100003200001C00000000000000DC
:10D5D000000000000000000000000000000000004B
:10D5E000000000000000000000000000000000003B
:10D5F0007F0001FFC00780F00C001810000420001D
:10D60000020000000000002000021000040C0018BE
:10D610000780F001FFC0007F000000000000000054
:10D620000000000000000000000000004200006652
:10D6300000006600003C0000180003FFC000180056
:10D64000003C000066000066000042000000000090
:10D65000080000080000080000080000080001FFA2
:10D66000C0000800000800000800000800000800D2
:10D6700000000000000100003100003200001C002A
:10D68000000000000000000000000000000000009A
:10D690000000000000000000080000080000080072
:10D6A0000008000008000008000008000008000052
:10D6B000080000080000000000000000000000005A
:10D6C00038000038000038000000000000000000B2
:10D6D000000000000000000000000000000000004A
:10D6E000000600001C000070000180000E000038E1
:10D6F0000000C0000700001C000030000000000017
:10D70000000000007F8001FFE00380700600180425
:10D71000000804000806001803807001FFE0007F85
:10D720008000000000000000000001000801000867
:10D7300001000803FFF807FFF800000800000800D8
:10D74000000800000000000000000001C03802C016
:10D7500058040098040118040218040418061C1840
:10D7600003F81801E0F800000000000000000001CC
:10D77000C0E003C0F0040008040808040808061804
:10D780000803F41801E7F00001E0000000000000C9
:10D79000000000000300000D000011000061000007
:10D7A000810803010807FFF80FFFF80001080001D6
:10D7B000080000000000000000E007FCD006080898
:10D7C000061008061008061008061838060FF0069E
:10D7D00007C0000000000000000000003F8001FFC3
:10D7E000E00384300208180410080410080410082C
:10D7F000071810030FF00007C00000000000000031
:10D80000000003C0000700000600000600F806073D
:10D81000F806180006E000070000060000000000FF
:10D8200000000001E1E003F7F006341004180804DA
:10D830001808040C08040C0806161803F3F001C1BC
:10D84000E000000000000000F80003FC3003063890
:10D850000402080402080402080404100308F0018A
:10D86000FFC0007F0000000000000000000000007A
:10D8700000000000000000007038007038007038B0
:10D880000000000000000000000000000000000098
:10D89000000000000000000000000000301A00300E
:10D8A0001C0000000000000000000000000000005C
:10D8B000000000000000000800001400002200002A
:10D8C0004100008080010040020020040010080098
:10D8D00008000000000000002100002100002100DD
:10D8E0000021000021000021000021000021000093
:10D8F00021000021000000000000000000000800DE
:10D900000804001002002001004000808000410057
:10D9100000220000140000080000000000000003C6
:10D92000C00004C000040000080038080F380808D0
:10D93000380810000C300007E00003C000000000B1
:10D94000000000003F8000FFE0038070020F10061F
:10D95000708804C088048308047F8802C090030193
:10D960002000FE400000080000180001F8003E08FA
:10D9700001C20007020007E20000FE00001FC8000D
:10D9800001F800003800000804000807FFF807FF4E
:10D99000F804080804080804080804080806180819
:10D9A00003F41801E7F00001E000000000000000AF
:10D9B0003F8001FFE00380700200180400080400AB
:10D9C000080400080400100600200780C0000000C2
:10D9D00004000807FFF807FFF80400080400080423
:10D9E000000804001802001003807001FFE0007FAF
:10D9F0008000000004000807FFF807FFF80408088B
:10DA0000040808040808040808043E08040008067E
:10DA1000001801006000000004000807FFF807FF7D
:10DA2000F8040808040800040800040800043E0084
:10DA30000600000600000180000000000000000059
:10DA40003F8001FFE0038070060018040008040214
:10DA5000080402080203F00783F00002000002003D
:10DA600004000807FFF807FFF80408080008000092
:10DA7000080000080000080004080807FFF807FF76
:10DA8000F80400080000000000000400080400087A
:10DA900004000807FFF807FFF80400080400080462
:10DAA0000008000000000000000000000006000068
:10DAB0000700000104000104000104000307FFFE49
:10DAC00007FFFC0400000400000400000400080735
:10DAD000FFF807FFF8040C08001800003E0004C718
:10DAE000800503C80600F804003804001800000888
:10DAF00004000807FFF807FFF8040008000008000A
:10DB000000080000080000080000080000180000DD
:10DB10006000000004000807FFF807800807FC0009
:10DB2000007FC00003F80007C000780007800807E6
:10DB3000FFF807FFF804000804000807FFF80700D3
:10DB40000803C00000E000003800001E00000700CD
:10DB50000001C00400F007FFF8040000000000000E
:10DB60007F8001FFE00380700600180400080400B5
:10DB70000806001803003001FFE0007F800000006D
:10DB800004000807FFF807FFF80404080404000471
:10DB90000400040400040400060C0003F80001F073
:10DBA00000000000000000007F8001FFE0038070A3
:10DBB0000600880400880400C806003C03003E01FB
:10DBC000FFE6007F8400000004000807FFF807FF5D
:10DBD000F8040808040800040C00040F00040BC03B
:10DBE0000610F003F03801E0080000080000000112
:10DBF000E0F803F030063010041808041808040C8C
:10DC000008040C080206180207F00781E000000073
:10DC10000180000600000400000400000400080762
:10DC2000FFF807FFF80400080400000400000600E5
:10DC30000001800004000007FFE007FFF004001867
:10DC400000000800000800000800000800000804A8
:10DC5000001007FFE004000004000006000007E0D9
:10DC60000007FE00041FE00001F80000380001E09A
:10DC7000043E0007C0000600000400000400000786
:10DC8000E00007FFC0041FF80007C007F80007FF07
:10DC900080043FF80007C004F800070000040000FB
:10DCA00000000004000806001807C07805F1C8004D
:10DCB0003E00001F800463E80780F8060018040097
:10DCC0000800000004000006000007800007E008CC
:10DCD000047C08001FF80007F800180804E0080793
:10DCE000000006000004000000000001000806001B
:10DCF000380400F80403E8040F08047C0805F00861
:10DD000007C00807001804006000000000000000C1
:10DD100000000000000000000000003FFFFE2000A7
:10DD20000220000220000220000220000200000069
:10DD300000000000000008000007000000C0000014
:10DD400038000006000001C000003000000E000096
:10DD5000010000000000000000002000022000027E
:10DD60002000022000022000023FFFFE0000000011
:10DD700000000000000000000000000000000000A3
:10DD800000080000100000300000200000300000FB
:10DD9000100000080000000000000000000001006A
:10DDA000000100000100000100000100000100006E
:10DDB000010000010000010000010000010000015D
:10DDC0000000000000000000002000002000001003
:10DDD0000000100000000000000000000000000033
:10DDE000000000000000000000F00019F8001B18FF
:10DDF000002208002608002408002410003FF80034
:10DE00001FF800000800001800000004000007FFD1
:10DE1000F80FFFF000181800100800200800200874
:10DE2000003018001FF0000FC000000000000000CC
:10DE300007C0001FF0001830002008002008002054
:10DE400008003C08001C10000060000000000000FA
:10DE50000000000007C0001FF00038180020080074
:10DE6000200800200804101007FFF80FFFF0000042
:10DE7000100000000000000000000007C0001FF0BC
:10DE80000012300022180022080022080032080088
:10DE90001E10000E200000000000000020000020E6
:10DEA0000800200801FFF803FFF8062008042008F6
:10DEB000042008072000030000000000000000000C
:10DEC000000E000E6E001FF30031B10020B10020E3
:10DED000B1003191001F13002E1E00200E003000F3
:10DEE00000000004000807FFF80FFFF8001008000A
:10DEF0002000002000002008003FF8001FF800006C
:10DF000008000000000000000000002008002008B9
:10DF1000002008063FF8063FF8000008000008004F
:10DF200000080000000000000000000000000000E9
:10DF300003000003002001002001002003063FFE33
:10DF4000063FFC000000000000000000000000048C
:10DF5000000807FFF80FFFF8000188000300002FFA
:10DF6000C00038F800203800200800000800000039
:10DF70000000000000000400080400080400080776
:10DF8000FFF80FFFF800000800000800000800007C
:10DF900000000000002008003FF8003FF8001008D3
:10DFA000002000003FF8003FF800100800200000AB
:10DFB0003FF8003FF8000008000000002008003F84
:10DFC000F8003FF8001008001000002000002008B2
:10DFD000003FF8001FF800000800000000000000EB
:10DFE00007C0000FF00018300030080020080020A3
:10DFF00008003008001830000FF00007C0000000D3
:10E00000000000002001003FFF003FFF0010110052
:10E010002009002008002008003038001FF0000F01
:10E02000C00000000000000007C0001FF00038180A
:10E03000002008002008002009001011001FFF0028
:10E040003FFF000001000000002008002008002021
:10E0500008003FF8003FF8000808001008002008FA
:10E060000020000030000030000000000000000030
:10E070000000000C78001E1800330800230800215F
:10E08000080021880021980030F00038600000006E
:10E0900000000000200000200000200000FFF0032E
:10E0A000FFF80020080020080020080000300000D1
:10E0B00000000000000000002000003FF0007FF89A
:10E0C000000018000008000008002010003FF800C1
:10E0D0007FF0000010000000000000002000003071
:10E0E00000003C00003F800023F00000780000703A
:10E0F000002380003C0000300000200000200000D1
:10E100003C00003FE00023F80000E0002700003E54
:10E1100000003FE00021F80001E0003E0000200088
:10E12000000000002008002008003838003E680089
:10E1300027800003C8002CF8003838002018002081
:10E1400008000000000000002000003003003C0137
:10E15000003F830023EC000070002380003C00009F
:10E160002000002000000000000000000000003837
:10E17000080020380020F80023E8002F88003E081F
:10E1800000380800201800007000000000000000A7
:10E190000000000000000000000000000800001463
:10E1A000001FF7FC30000620000200000000000005
:10E1B000000000000000000000000000000000005F
:10E1C0000000FFFFFF000000000000000000000052
:10E1D00000000000000000000000200002300006E7
:10E1E0001FF7FC0014000008000000000000000001
:10E1F0000000000000000000000000002000003FC0
:10E20000FC007FFC0000180000080000080020103F
:10E21000003FF8007FF00000100000002A2A2A2AA0
:10E220002A2A2A2A2A2A2A2A2A2A2A2A2A2A2A2A4E
:10E230002A2A2A2A2A2A2A2A2A2A2A2A2A2A2A2A3E
:10E240002A2A2A2A2A2A2A2A2A2A2A2A2A2A2A2A2E
:10E250002A2A2A2A2A2A2A2A2A2A2A2A0D0A0000AF
:10E2600080E200080000002048030000C809000800
:10E2700078E300084803002040430000AEAF0008E8
:10E2800001141EACF7FF1FE8042D107AFF1F0C29A4
:10E29000081620F4F01F503AF8044B907510C11284
:10E2A0000114FFFFFF02A1FF09A0A2013655C0958E
:10E2B000A90545B864D94545902F5009B598D0585F
:10E2C00002680A74657374303031313001223117BD
:10E2D0002448014024081C402404041A400C21193D
:10E2E0000C29084301401A2C201A2C201A2C201A21
:10E2F0002C201A2C201A2C205A2C201A28201A28BC
:10E30000201A28201A28201A28201A28205A2820C3
:10E310001A34201A3C201A34201A34201A3C201AAD
:10E3200034205A4020115A010101111201138C04AA
:10E330001B209C041AAC041ABC041ACC041ADC047A
:10E340001AEC041AFC044105200421042113214F76
:10E35000140801C23C08A008341C68A02808120454
:10E360000224682D01020304041506070809AC7A8B
:08E37000030A18391431000002
:040000050800018965
:00000001FF
