:020000040800F2
:1000000088460020B1010008A5500008D51400085A
:10001000913F0008E10C00084FAE0008000000000E
:10002000000000000000000000000000156900084A
:10003000DD0D000800000000AD5500082177000824
:10004000CB010008CB010008CB010008CB01000860
:10005000CB010008CB010008390E0008CB010008D5
:10006000CB010008CB010008CB010008CB01000840
:10007000CB010008CB010008CB010008CB01000830
:10008000CB010008CB010008CB010008CB01000820
:10009000CB010008CB010008CB010008CB01000810
:1000A000CB010008CB010008CB010008CB01000800
:1000B0000178000859780008CB010008CB0100083E
:1000C000CB010008CB010008CB010008CB010008E0
:1000D000CB010008CB010008CB010008CB010008D0
:1000E000DD0F0008CB010008CB010008CB010008A0
:1000F000CB010008CB010008CB010008CB010008B0
:10010000CB010008CB01000839790008CB010008B9
:10011000CB010008CB010008157B0008CB010008CB
:10012000CB010008CB010008CB010008CB0100087F
:10013000CB010008CB010008CB010008CB0100086F
:10014000CB010008CB010008CB010008CB0100085F
:10015000CB010008CB010008CB01000809AC000866
:10016000CB010008CB010008CB010008CB0100083F
:10017000CB010008CB010008CB010008CB0100082F
:10018000CB010008CB010008DFF810D000F00AFC1A
:100190000048004711C00008AFF3008088460020E7
:1001A00030BF72B6704762B6704780F308887047F8
:1001B0000648804706480047FEE7FEE7FEE7FEE701
:1001C000FEE7FEE7FEE7FEE7FEE7FEE799770008B9
:1001D000890100082DE9F05F0546002092469B4604
:1001E00088460646814640241BE02846414647464D
:1001F000224600F0A0FA53465A46C01A914110D345
:1002000011461846224600F087FA2D1A67EB0108BE
:100210004F4622460120002100F07EFA17EB00092C
:100220004E41201EA4F10104DFDC484631462A4637
:100230004346BDE8F09FD2B201E000F8012B491E11
:10024000FBD270470022F6E710B513460A46044673
:100250001946FFF7F0FF204610BD421C10F8011BA5
:100260000029FBD1801A704710B5002200E0521C13
:10027000835C8C5CA34201D1002BF8D1D8B2E1B2EF
:10028000401A10BD034611F8012B00F8012B002A7B
:10029000F9D11846704730B505460020034600E006
:1002A0005B1C934205D2EC5CC85C201A01D1002C87
:1002B000F6D130BD2DE9FE4F804681EA0300C00F24
:1002C0000C46009021F0004123F00045B8EB0200FD
:1002D000A94105D24046214690461C460B4602469F
:1002E00023F00040104347D0270DC7F30A00C3F3A3
:1002F0000A510290401A019040286BDAC3F31300B0
:1003000040F4801B0098924620B10023D2EB030AF0
:1003100063EB0B0B01985946C0F14002504600F0C8
:10032000FBF906460D4650465946019A00F013FA6D
:1003300010EB08006141002487EA115284EAE77358
:100340001A4340D0009A62B3019A012A4FEA075239
:1003500015DC001B61EB02014FF0004202EA07527C
:10036000CDE90042001C41F5801132462B4600F0D9
:100370004AFA03B0BDE8F08F40462146F9E7001B7A
:1003800061EB0201001C41F5801300185B4120184D
:10039000A2F5001747EB030140EAD570B6196D418D
:1003A00011E06D084FEA360645EAC0754FEA07527C
:1003B000001B61EB0201001C41F5801149084FEA66
:1003C00030000019514132462B4603B0BDE8F04FD2
:1003D00000F00ABA0098012240000023D0EB02028C
:1003E00063EBE073009821464FEAE074B8EB00003D
:1003F00061EB0401E9E783F000435BE781F0004132
:1004000058E72DE9FE4F81EA030404F0004421F08F
:10041000004100944FF0000B23F0004350EA010428
:100420005ED052EA03045BD0C3F30A54C1F30A5509
:100430002C44A4F2F3340194A0FB0254C1F3130141
:1004400041F48011C3F3130343F4801301FB02440E
:1004500000FB034E840A970A44EA815447EA835713
:10046000A4FB076802958D0A05FB07854FEA932CCC
:1004700004FB0C542705029D4FEA065847EA16373D
:10048000B5EB08056EEB070C870E920E47EA811755
:1004900042EA8312A7FB0201B6EB0B0164EB0004F6
:1004A0002B0D43EA0C335E1844EB1C50DA465146E0
:1004B000E7FB0201C5F313044FEA0B3343EA14537D
:1004C0004FEA0432019C43EA0603A4F10C040294AF
:1004D000009CCDE900B400F096F903B0BDE8F08FC0
:1004E00000200146F9E72DE9F04D81EA030404F00C
:1004F000004B21F0004514464FF0000A23F0004164
:1005000050EA050220D054EA01021DD0C5F30A5773
:100510000246C5F31303C1F31300C1F30A5640F4B6
:10052000801543F48013A7EB0608101BD64608F28B
:10053000FD3873EB050002D308F1010801E09218C1
:100540005B41B8F1000F03DA00200146BDE8F08DF1
:1005500000204FF48011064684460EE0171B73EB13
:10056000050705D3121B63EB050306434CEA010C98
:1005700049084FEA300092185B4150EA0107EDD17B
:1005800052EA030012D082EA040083EA050108431C
:1005900005D0101BAB4106D20122002306E0002249
:1005A0004FF0004302E06FF0010253101AEB060017
:1005B0004CEB085110EB0A0041EB0B01BDE8F04D8C
:1005C00000F012B930B4044696230800214604D046
:1005D000B62330BC002200F0D9B820460021F8E74D
:1005E0000EB5C10F80EAE0700844CA07002140F24E
:1005F00033438DE80E000A460B4600F004F903B0C1
:1006000000BD0EB540F2334102910021CDE9001149
:100610000A460B4600F0F7F803B000BD3EB5CA1716
:10062000CB0F002450405140C0186141DA0740F21E
:1006300033430094CDE901232246234600F0E3F83A
:1006400003B030BD0EB540F2334202920022CDE934
:100650000022134600F0D7F803B000BDC1F30A52E0
:1006600010B5C1F3130140F2FF3341F480119A42F7
:1006700001DA002010BD40F233439A42A2F2334225
:1006800003DC524200F057F810BD904010BD00F05E
:10069000004230F000400AD0C10D01F56071C0F396
:1006A000160042EA0151C20840071143704700207A
:1006B0000146704701F0004330B421F0004150EA98
:1006C000010206D00A0DA2F56072C1F31301002ADF
:1006D00002DC30BC00207047440F44EAC104C10072
:1006E000E01830BC00EBC25000F047B830B50B4604
:1006F000014600202022012409E021FA02F59D4252
:1007000005D303FA02F5491B04FA02F52844151E25
:10071000A2F10102F1DC30BD202A04DB203A00FA0C
:1007200002F1002070479140C2F1200320FA03F348
:10073000194390407047202A04DB203A21FA02F046
:100740000021704721FA02F3D040C2F1200291400B
:10075000084319467047202A06DBCB17203A41FA96
:1007600002F043EAE07306E041FA02F3D040C2F13E
:10077000200291400843194670470029A8BF7047DE
:10078000401C490008BF20F00100704710B4B0FAC7
:1007900080FC00FA0CF050EA010404BF10BC704762
:1007A00049B1CCF1200421FA04F411FA0CF118BF7C
:1007B000012121430843A3EB0C01CB1D4FEA00614B
:1007C0004FEA102042BF002010BC704700EBC3501E
:1007D00010440029A4BF10BC7047401C490008BF4A
:1007E00020F0010010BC704710B5141E73F1000416
:1007F00008DA401C41F1000192185B411A4301D113
:1008000020F0010010BD2DE9F04D92469B4611B13C
:10081000B1FA81F202E0B0FA80F220329046FFF79E
:100820007BFF04460F4640EA0A0041EA0B015346AB
:100830005A46084313D0114653EA010019D0C8F1B3
:1008400040025046FFF777FF05460E465046594690
:100850004246FFF761FF084305D0012004E020462F
:100860003946BDE8F08D0020054346EAE0762C438A
:1008700037430A986305E40AA0EB08000022FD0A4A
:1008800044EA47540A3002D500200146E9E7010551
:1008900010196941DDE9084500196941BDE8F04DCD
:1008A000A2E72DE9F04D00231A461B1A8A4103DB0B
:1008B00000200146BDE8F08DC1F30A52C1F31301D7
:1008C00041F480154FF0000BD10702D100186D41A3
:1008D000521E0027044640F2FF11384601EB620A1F
:1008E0003E468046024600204FF48011FFF723FF6A
:1008F000C2197141BB1846EB0100B4EB030C75EB58
:10090000000C04D3E41A65EB000517460E462419C3
:1009100008F101006D4180463428E3DDF91946EB0A
:100920000600091BA84103D24FF0FF32134601E035
:10093000002213461BEB070046EB0A51BDE8F04DC1
:10094000FFF752BFC1F30A52C1F3130140F2FF3364
:1009500041F480119A4202DA00200146704740F2C9
:1009600033439A42A2F2334202DC5242FFF7E3BE23
:10097000FFF7D2BE30B5041E71F1000404DB4FF066
:100980000044404264EB0101141E73F1000405DBD6
:100990001C464FF00043524263EB0403994208BFE8
:1009A000904230BD064C074D06E0E06840F0010380
:1009B00094E8070098471034AC42F6D3FFF7E8FB01
:1009C000A4E30008C4E3000870B58C1810F8015BBC
:1009D00015F0070301D110F8013B2A1106D110F8D8
:1009E000012B03E010F8016B01F8016B5B1EF9D1DC
:1009F0002B0705D40023521E0DD401F8013BFAE762
:100A000010F8013BCB1A921C03E013F8015B01F8CC
:100A1000015B521EF9D5A142D8D3002070BD70B53C
:100A200005460C46012D04D12046E11700F014F8CC
:100A300010E0022D04D12046E11700F04FF809E044
:100A4000032D07D12046E11700F006F82046E117F4
:100A500000F044F870BD000070B52DED088B054620
:100A60000E4628463146FFF7D9FD9FED150B53EC96
:100A7000102BFFF7C6FC9FED140B53EC102BFFF768
:100A800019FC9FED130B53EC102BFFF713FCFFF732
:100A9000E5FD84B210201049088304204883201209
:100AA00005F030FEE0B205F02DFE10200A49488323
:100AB0000420088308200883BDEC088B70BD00006B
:100AC0000000000000002040000000000000E03FA7
:100AD00000000000C0FFDF400000024070B52DEDB7
:100AE000088B05460E4628463146FFF797FD9FEDD9
:100AF000150B53EC102BFFF784FC9FED140B53ECFC
:100B0000102BFFF7D7FB9FED130B53EC102BFFF7C8
:100B1000D1FBFFF7A3FD84B2102010490883082001
:100B20004883201205F0EEFDE0B205F0EBFD102049
:100B30000A4948830420088308200883BDEC088BF9
:100B400070BD000000000000000020400000000018
:100B50000000E03F00000000C0FFDF400000024056
:100B600010B500F0E1FC10BD70B506460C46154608
:100B700008E03046721C96B200F007F804F8010B4A
:100B8000681E85B2002DF4D170BD70B504460026F4
:100B900000F07CFDA02000F045FD00F0C3FD201218
:100BA00000F040FD00F0BEFD2546E11704EB1161A9
:100BB0000912A4EB0121C8B200F034FD00F0B2FD2F
:100BC00000F064FDA12000F02DFD00F0ABFD002041
:100BD00000F0F6FC064600F07FFD304670BD70B5B3
:100BE00005460C46164606E02178284600F009F82E
:100BF000681C85B2641C301EA6F101018EB2F3D1CF
:100C000070BD70B504460E4600F040FDA02000F017
:100C100009FD00F087FD201200F004FD00F082FDC8
:100C20002546E11704EB11610912A4EB0121C8B2BA
:100C300000F0F8FC00F076FD304600F0F3FC00F028
:100C400071FD00F049FD0A2000F0CAF870BD0000F7
:100C50001CB50121202005F0B3FB0121402005F047
:100C6000AFFB01208DF8040000208DF80600032062
:100C70008DF8050001208DF80700202000906946BE
:100C8000014800F057FB1CBD001802401CB50AF0DB
:100C90000DFF0121042005F093FB3F200090002070
:100CA0008DF8040001208DF8070069460B4800F01C
:100CB00041FB4FF47C60009001208DF8040000207F
:100CC0008DF8060003208DF8050001208DF807003F
:100CD0006946024800F02EFB1CBD000000080240DF
:100CE00000BFFEE770B502464FF6FF70002313E029
:100CF00012F8015B684000240AE000F0010525B10C
:100D00004AF2010585EA600000E04010651CECB283
:100D1000082CF2DB5D1CEBB28B42E9DB70BD0000FE
:100D200000B585B00121022005F04AFB01218803AE
:100D300005F086FB4FF46040039000208DF8100012
:100D400001208DF8130003A9234800F0F3FA0D21C8
:100D5000012005F0E1FD0F21012005F0DDFD4FF43C
:100D60000050009000208DF8040010208DF8050040
:100D700001208DF80600684600F086F928208DF8DD
:100D8000080003208DF809008DF80A0001208DF875
:100D90000B0002A804F088F94FF4004000900020F6
:100DA0008DF8040010208DF8050001208DF8060054
:100DB000684600F069F928208DF8080003208DF8B6
:100DC00009008DF80A0001208DF80B0002A804F03C
:100DD0006BF905B000BD0000000402407047000040
:100DE00001B504490098086000BF02480068002867
:100DF000FBD108BD0C00002010B500210B4806F007
:100E0000B8FE002009492431086008492C310860E7
:100E10004FF6FE7005491031088005488078032898
:100E200002D101210348817010BD0000000C004078
:100E3000480000208402002070B5012000F018F95D
:100E400000287DD05B48807803285ED15A4800781E
:100E500018B159480078012857D1564840780128E0
:100E600006D15448D0F8880054494968086008E021
:100E70005048407828B94F48D0F830014F49496868
:100E8000086002200BF06FFE4D480068012828D151
:100E900000204C49086001204B49C1F88002002124
:100EA0004A48817001204A4908704A48008840F049
:100EB0000100484908804048007840B93F4A5268DC
:100EC00011683C4A5078012204F048F96EE03B4A30
:100ED000526812685142374A5078012204F03EF9B4
:100EE00064E037480068002860D132494878012220
:100EF000002104F033F90120324908600020324912
:100F0000C1F880023249087050E02A4880780328EE
:100F10004CD129480078022803D0274800780328BC
:100F200044D105200BF01FFE2548006801283DD163
:100F3000002400251F48407801280BD11D4800E0FF
:100F400037E0D0F888001D49496808601948D0F892
:100F500090500BE01748407840B91648D0F830015F
:100F60001649496808601348D0F83851EDB101209E
:100F700019490860FA20B5FBF0F0441E483C0020F7
:100F80001049086001201049C1F8800200210F4873
:100F9000817001200E4908700E48008840F0010061
:100FA0000C490880204600F0B9F800BF012000F08D
:100FB00059F870BD48000020C0010020A0020020A8
:100FC00000824042800240420000424284020020EF
:100FD000DC02002000040040EC01002010B51B489A
:100FE000006800F4005080B364200AF0AFFD184898
:100FF00000681849D1F8381288420DD01648007898
:10100000401C154908701548007890B113480078C5
:10101000401E124908700CE010480078401C0F492F
:1010200008700D48007820B10B480078401E0A492E
:1010300008700B48408910B90120094948810348CC
:10104000006840F400500149086010BD143C0140A4
:101050003482404200804042E4020020E502002049
:10106000C80600200149086070470000143C014098
:1010700001460020034A12680A400AB1012000E03C
:1010800000207047143C0140002123498279002A46
:101090003AD00A46126803689A430B461A600A1D42
:1010A000126803689A430B1D1A60027911440A689A
:1010B00003681A430A60184A0832126803689A43A0
:1010C000154B08331A601A1D126803689A43124BB5
:1010D0000C331A604279102A0ED11A1F1268036865
:1010E0001A430D4B08331A601A1D126803681A431D
:1010F000094B0C331A600DE00749427911440A6824
:1011000003681A430A6005E0027911440A6803681B
:101110009A430A6070470000003C014070B50446E5
:1011200000252848007840B9274A52681168274AA4
:101130005078012204F012F823E0224800780128B8
:1011400009D1214A526812685142204A507801223E
:1011500004F004F815E01B480078022808D11A4A68
:1011600052681168194A5078012203F0F7FF08E02D
:10117000154A526812685142144A5078012203F00D
:10118000EDFF10480078012801DC651C01E0601CBF
:1011900045080F48056000200D49083908604FF6E2
:1011A000FE700B491C39088009482C38008840F033
:1011B000010007492C3908800120064908600649CA
:1011C000086070BDC0010020A0020020480000207F
:1011D0002C0C004084824042D002002051B1820099
:1011E000A2F1C042126842F001038200A2F1C042A3
:1011F000136009E08200A2F1C0421268034B1A405A
:101200008300A3F1C0431A6070470000FEFF0F0087
:1012100030B50021002200230468A400A4F1C044DA
:101220002168424C2140D0E901452C43C5682C433C
:1012300005692C4345692C4385692C43C5692C43BA
:10124000056A2C43456A2C43856A2C43C56A2C43A6
:10125000056B2C4321430468A400A4F1C044216021
:101260008468082C0BD10468A400A4F1C04424684D
:1012700044F040050468A400A4F1C044256004685B
:10128000641CA400A4F1C044226802F04042446BF4
:101290002468456B6D6844EA0514456BAD6844EA03
:1012A0000524456BAD8944EA0544456B2D8A44EA23
:1012B0000554456B2D7D44EA0564456BAD692C43AF
:1012C00022430468641CA400A4F1C0442260C46AE0
:1012D000B4F5804F20D10468A400A4F1C044D4F830
:1012E0000431134C2340846B2468856B6D6844EA99
:1012F0000514856BAD6844EA0524856BAD8944EA25
:101300000544856BAD692C4323430468A400A4F114
:10131000C044C4F8043107E06FF070450468A400CD
:10132000A4F1C044C4F8045130BD00008000F7FFB0
:101330000000F0CFF0B50A4600210023002400BFD2
:101340003DE0012505FA01F3156805EA03049C4216
:1013500034D105684F000326BE40B54305601579BA
:101360004E00B5400668354305601579012D02D061
:101370001579022D16D185684F000326BE40B5436E
:10138000856055794E00B54086683543856045686F
:1013900001268E40B5434560456896798E40B6B2C9
:1013A00035434560C5684F000326BE40B543C56060
:1013B000D5794E00B540C6683543C560491C102933
:1013C000BFD3F0BDF0B5002300244D07ED0E02FAA7
:1013D00005F3CE1000F1200555F826504E07F70E04
:1013E0000F26BE40B543CF1000F1200646F8275027
:1013F000CE1000F1200555F8265045EA0304CE1022
:1014000000F1200545F82640F0BD41837047018377
:101410007047000070B52DED088B054600249FED48
:101420001E0AB0EE408A0021284605F0CFF8044697
:10143000B4F5004F11DA2046FFF7E3F841EC1A0B40
:101440009FED160B53EC102BFEF7DBFF41EC190B55
:10145000FFF730F908EE100A19E0E043401CFFF7EF
:10146000BFF841EC1B0B9FED0D0B53EC102BFEF75F
:10147000C8FF41EC1A0B9FED0B0B53EC102BFEF742
:10148000BDFF41EC190BFFF715F908EE100AB0EE9D
:10149000480ABDEC088B70BD000000000000000091
:1014A0000000803F000000000000000010B5162280
:1014B0000749E620FFF758FB0548D0F81200401C0A
:1014C0000349C1F812001622E620FFF788FB10BD81
:1014D0004803002000BFFEE710B500200F49086058
:1014E0000F48006820F440000D4908600846006875
:1014F00040F48000086000200A49C1F8AC020420D2
:101500000AF024FB01200549086004200AF01EFBB4
:1015100000200449C1F8A80210BD0000A882404282
:1015200000040240008040421CB50121022004F06A
:1015300047FF4FF44060009001208DF804008DF8C3
:10154000060003208DF8050001208DF8070069468C
:101550000448FFF7EFFE0120034908600349C1F882
:10156000A8021CBD00040240AC8240420080404200
:1015700010B500200F4908600F48006820F44000B3
:101580000D4908600846006840F4800008600120AA
:101590000A49C1F8AC0204200AF0D8FA0120054932
:1015A000086004200AF0D2FA00200449C1F8A80219
:1015B00010BD0000A882404200040240008040426A
:1015C00070B5054600241448006820F44000124914
:1015D0000860002616E000201049086004200AF088
:1015E000B5FA01200E49C1F8A8026006040E0B48A6
:1015F0007C38006808B1601CC4B202200AF0A6FA68
:10160000701CC6B2082EE6DB15B9FFF7B1FF01E08A
:10161000FFF762FF204670BD00040240A8824042EE
:101620000080404270B504461548006820F4400030
:10163000134908600846006840F4800008600020F4
:1016400010490860002517E0E0090E49091D0860EF
:101650006006040E04200AF079FA01200A49C1F854
:10166000A80204200AF072FA00200649086004204B
:101670000AF06CFA681CC5B2082DE5DB70BD0000ED
:1016800000040240A88240420080404210B50F484A
:10169000006820F440000D4908600846006840F4E6
:1016A0008000086001200A4908600A49C1F8A802C0
:1016B00008200AF04BFA00200549086008200AF0CB
:1016C00045FA00200349C1F8A80210BD00040240F9
:1016D000AC8240420080404210B50F48006820F4C0
:1016E00040000D4908600846006840F4800008602A
:1016F00000200A4908600A49C1F8AC0208200AF033
:1017000025FA01200549086008200AF01FFA012087
:101710000349C1F8AC0210BD00040240A882404257
:101720000080404210B500241248006820F44000B8
:101730001049086001201049086002200AF006FAEA
:1017400001200E49C1F8A80202200AF0FFF907E0C3
:10175000601CC4B2FA2C03DDFFF7BEFF012010BDF0
:101760000548803800680028F2D10349091F086045
:1017700000BFF4E700040240AC82404200804042D7
:101780001CB50121084604F01BFE0121022004F0D3
:1017900017FE0121022004F013FE0121082004F0AD
:1017A0000FFE0121102004F00BFE0121202004F087
:1017B00007FE0121402004F003FE4FF4004066497B
:1017C000088048F24000009001208DF804000020BD
:1017D0008DF8060003208DF8050001208DF8070024
:1017E00069465E48FFF7A6FD4020009001208DF875
:1017F000040000208DF8060003208DF8050001206C
:101800008DF8070069465648FFF794FD08200090C0
:10181000694651481A38FFF78DFD4FF40C4000908F
:1018200069465048FFF786FD0C214C48FFF7EFFD55
:101830004FF400414948FFF7E8FD41F601100090E0
:1018400001208DF8040000208DF8060003208DF89B
:10185000050001208DF8070069464048FFF76AFD42
:101860004FF43070009001208DF8040000208DF8B6
:10187000060003208DF8050001208DF80700694659
:101880003948FFF757FD43F24C00009001208DF8D6
:10189000040000208DF8060003208DF805000120CB
:1018A0008DF8070069463148FFF744FD4F2000904E
:1018B00001208DF8040000208DF8060003208DF82B
:1018C000050001208DF8070069462548FFF732FD25
:1018D00048F20100009001208DF8040000208DF8EE
:1018E000060003208DF8050001208DF807006946E9
:1018F00019481A38FFF71EFD00201D4908601D49D0
:10190000C1F880021A49091D086001201A490860BF
:10191000091D0860091D0860091D08601749086055
:1019200017490860164910310860091F08601049FE
:101930000C31086011492C390860091D08600F49F5
:101940001C3908600D49091F08600E490860C00372
:10195000014908801CBD00001A140240000002402A
:10196000001002400018024000040240000C024037
:10197000988240420000404280024242B48241428A
:10198000A0024042808242424CF6CC4001490860AD
:1019900070470000003000404AF6AA200149086064
:1019A0007047000000300040014948607047000067
:1019B000003000400149886070470000003000405E
:1019C0000149086070470000003000402DE9FC47E5
:1019D00000270020009001908046814600240025C9
:1019E0004FF4A06003F09CFB00F036FA4FF47A61EC
:1019F000052009F001FBFFF7C3FE4FF4E13009F0C9
:101A000029FA88A009F00AFB874809F007FB87A09C
:101A100009F004FB09F0ECFA04200AF0B9F80AF026
:101A200013F901F067FB4FF4E13184A009F0F6FAF5
:101A30006420FFF7D5F909F0DBFA08208A4908800D
:101A40008AA009F0EBFA90A009F0E8FA4FF496703A
:101A5000FFF7C6F909F0CCFA01F07CFA95A009F07D
:101A6000DDFAFFF7F5F897A009F0D8FAFFF71EFDA9
:101A70009848D0F8121098A009F0D0FA0AF074F93A
:101A800009F0B6FAFFF702F998A009F0C7FA04F0D6
:101A9000C9FD00210320FEF7C2FF98A009F0BEFA9D
:101AA000FFF73EF9A0A009F0B9FA09F0A1FA06F093
:101AB00081FB06F0F7FBA1A009F0B0FA002003F0CB
:101AC000CFFA05F005FE09F093FA0AF0C7F99FED89
:101AD000A20A06F005FA06F0B7FA00F03DFB09F09D
:101AE00087FA9EA009F09AFA4FF41670FFF778F97A
:101AF00009F07EFA00F056FC9C4881889CA009F011
:101B00008DFA4FF4FA70FFF76BF909F071FAFFF7ED
:101B100027F89EA009F082FA0AF0C2FF09F068FADD
:101B20003220FFF75DF902F035FA9DA009F076FA50
:101B300009F05EFA08F072F909F05AFA40F2E73457
:101B400053252946204606F09DF999A009F066FA2A
:101B50002A4621469BA009F061FA601C691C10FB13
:101B600001F090FBF1F631469CA009F057FA09F01C
:101B70003FFA142142F20F7006F056F942F2CF01FB
:101B8000601C06F023F93220FFF72AF909F030FA39
:101B90000020994908609948007818B19748007862
:101BA000012802D106F006FB01E006F03FFB09F038
:101BB0001FFA00209249086001209249C1F8800272
:101BC0008F49091D086000208F490860091D0860C1
:101BD000091D0860091D08608C4908608C4908606F
:101BE0008B4910310860091F086085490C31086075
:101BF00086492C390860091D086084491C39086031
:101C00008249091F08607C49303908600223032299
:101C1000114680A009F002FA85A009F0FFF9BDE89D
:101C2000FC8700000D0A000060E300084D435520CA
:101C30005374617274210D0A0000000044656267EC
:101C4000755F5561727420696E6974204F4B212055
:101C50006261756420726174653D256420626974F7
:101C60002F730D0A0D0A000018140240416E676CB4
:101C70006F6720706F77657220686173206F706581
:101C80006E210D0A000000005761697420666F72B2
:101C900020616E616C6F6720706F77657220746F62
:101CA0002073746162696C697A652E2E2E2E2E2E39
:101CB000210D0A004C45445F496E6974204F4B2149
:101CC0000D0A0000426565705F496E6974204F4BD4
:101CD000210D0A00480300204D43555F504F525FCD
:101CE00054696D65733A25640D0A000042746E5F95
:101CF000496E6974204F4B210D0A0000414435356F
:101D000034325F496E6974204F4B2C536574204107
:101D10004435353432204F757470757420746F20DB
:101D20007A65726F210D0A00436F6465635F496EC7
:101D30006974204F4B210D0A00000000547269673E
:101D40006765724578494E31325F496E6974204F3C
:101D50004B210D0A00000000000000005265736571
:101D600074204C4344210D0A000000002042002052
:101D70004C4344204F4B21204C43444445565F493B
:101D8000443D307825780D0A00000000415432347B
:101D90004358585F496E6974204F4B210D0A00006B
:101DA00047657420506172204F4B0D0A00000000FF
:101DB000496E69742054696D657236204F4B210D50
:101DC0000A00000054696D657236204152523D256B
:101DD000642C5053433D25640D0A000054696D6521
:101DE0007236204F766572666C6F775F74696D65C9
:101DF0003D256475730D0A00B0824242C001002087
:101E0000988240420000404280024242B4824142F5
:101E1000A0024042736F6674776172655F76657287
:101E200073696F6E3A25642E25642E25640D0A00B1
:101E3000486172647761726520696E6974204F4BE6
:101E400021205379732072756E6E696E672E2E2E67
:101E50002E2E2E0D0A0D0A0010B5104800684FF402
:101E60007A71B0FBF1F4601EB0F1807F00D30FE017
:101E7000601E4FF0E02148610F214FF0FF3003F06A
:101E800059F900204FF0E02188610720086100BF68
:101E90000021481E03F04EF910BD00003003002061
:101EA0000146062935DA0020A94A10600120A94A16
:101EB000C2F89C02A64A08321060121D1060121D62
:101EC0001060A44AC2F8AC02A1489838006808B96A
:101ED000002070479E489438006808B90120F8E750
:101EE0009B489038006808B90220F2E798488C387F
:101EF000006808B90320ECE795488838006808B9FD
:101F00000420E6E7924884380068002873D1052051
:101F1000DFE70C2936DA01208D4A106000208D4A57
:101F2000C2F89C0201208A4A08321060121D10601B
:101F3000121D1060874AC2F8AC02854898380068C4
:101F400008B90620C5E782489438006808B9072018
:101F5000BFE77F489038006808B90820B9E77C4897
:101F60008C38006808B90920B3E7794888380068D8
:101F700008B90A20ADE77648843800680028C5D142
:101F80000B20A6E7122937DA0120714A1060714A46
:101F9000C2F89C0200206E4A083210600120121D17
:101FA0001060121D10606B4AC2F8AC026848983885
:101FB000006808B90C208CE765489438006808B9B7
:101FC0000D2086E762489038006808B90E2080E747
:101FD0005F488C38006808B90F207AE75C48883879
:101FE000006808B9102074E7594884380068002850
:101FF0008CD111206DE7A1E0182936DA0120544A6E
:102000001060544AC2F89C02514A08321060002005
:10201000121D10600120121D10604E4AC2F8AC0261
:102020004B489838006808B9122052E7484894385D
:10203000006808B913204CE745489038006808B993
:10204000142046E742488C38006808B9152040E75C
:102050003F488838006808B916203AE73C48843879
:102060000068002871D1172033E71E2935DA0120D6
:10207000374A1060374AC2F89C02354A083210606D
:10208000121D10600020121D10600120314AC2F89C
:10209000AC022F489838006808B9182019E72C4876
:1020A0009438006808B9192013E729489038006867
:1020B00008B91A200DE726488C38006808B91B209B
:1020C00007E723488838006808B91C2001E7204842
:1020D0008438006890BB1D20FBE6242935DA0120F6
:1020E0001B4A10601B4AC2F89C02194A0832106051
:1020F000121D1060121D10600020164AC2F8AC02BA
:1021000013489838006808B91E20E2E61048943851
:10211000006808B91F20DCE60D489038006808B94F
:102120002020D6E60A488C38006808B92120D0E67D
:1021300007488838006810B92220CAE605E004483C
:102140008438006808B92320C3E6FF20C1E60000F8
:1021500098024142000041421CB50121402004F098
:102160002FF90820009001208DF8040000208DF840
:10217000060003208DF8050001208DF80700694650
:102180001248FFF7D7F808F033FF08200F491A313B
:102190000880C820FEF724FE08200C49183108806A
:1021A00008F026FF4FF41670FEF71AFE08F020FF25
:1021B000082006491A310880C820FEF711FE0820C1
:1021C00002491831088008F013FF1CBD00180240B6
:1021D00070B5044600261948058808F009FF17481D
:1021E000408845431548808846F60401884216D148
:1021F00012488079012812D10020104988712A20C4
:1022000048812B2088810021084600F067FD0120CD
:102210000A4988712B2048812A20888103E0002107
:10222000084600F05BFD00F083FE002602E0044853
:102230000480761CAE42FAD370BD0000204200201C
:102240000000026010B5044608F0D2FEDCB90020A0
:102250001C498871F02008804FF4A070488008461F
:10226000808841F66311884228D12C2015490881C5
:102270002B2048812A2088814FF4F07008804FF489
:10228000487048801AE001200E4988714FF4A07010
:102290000880F02048800846808841F66311884213
:1022A0000CD12C20074908812A2048812B208881C5
:1022B0004FF4F07008804FF488704880002000F0E0
:1022C00093FB10BD2042002070B504460D46164613
:1022D00008F08EFE1A48808841F66311884227D1A3
:1022E0001748807920B916480088401E001B84B228
:1022F0001349488900F016FE201200F00DFEE0B2EE
:1023000000F00AFE201200F007FEE0B200F004FE2A
:102310000B49888900F006FE281200F0FDFDE8B2A6
:1023200000F0FAFD281200F0F7FDE8B200F0F4FD2D
:102330000348008903490880881C068070BD00009E
:1023400020420020FEFF01602DE9F05F05460E46A9
:1023500017469846DDF828A04FF0000B08F048FE1D
:10236000781B401C1FFA80FB344615E021462846A6
:1023700000F0B4FC00F0DCFD4FF0000906E0084876
:10238000A0F800A009F101001FFA80F9D945F6DB99
:1023900008F02EFE601C84B24445E7DDBDE8F09FE6
:1023A000000002602DE9F043A1B000260027B046EE
:1023B000B1460121182004F003F80121084604F079
:1023C0000FF84CF6B3701F9002208DF880000020AB
:1023D0008DF8820003208DF8810001208DF88300A4
:1023E0001FA9FE48FEF7A6FF4FF680701F9002203F
:1023F0008DF8800000208DF8820003208DF8810088
:1024000001208DF883001FA9F548FEF793FF0C22E9
:102410000021F248FEF7D6FF0C220121EF48FEF71B
:10242000D1FF0C220421ED48FEF7CCFF0C22052140
:10243000EA48FEF7C7FF0C220821E848FEF7C2FF72
:102440000C220921E548FEF7BDFF0C220A21E348D2
:10245000FEF7B8FF0C220E21E048FEF7B3FF0C2276
:102460000F21DE48FEF7AEFF0C220721DC48FEF705
:10247000A9FF0C220821DA48FEF7A4FF0C2209214B
:10248000D748FEF79FFF0C220A21D548FEF79AFF96
:102490000C220B21D248FEF795FF0C221146D048A2
:1024A000FEF790FF0C220D21CD48FEF78BFF0C228A
:1024B0000E21CB48FEF786FF0C220F21C848FEF7FD
:1024C00081FF0C220721C548FEF77CFF0C220B215F
:1024D000C248FEF777FF1020099000200A903C20A8
:1024E0000B9000200C9002200D9000200E900F9079
:1024F00012200290002003901020049000200590EC
:102500000690079008901090119012901020139050
:102510000020149016901590179018904FF480504A
:10252000199000201A904FF480401B9000201C90BE
:1025300009A81D9002A81E9010A8FEF769FE0121AF
:102540000020FEF74BFE08F053FD4FF44870FEF7F5
:1025500047FC08F04DFD002000F008FAA1498880F2
:1025600008468188A0A008F059FD00200090019045
:102570000024A12000F0D6FC052009F0E7FA00F0C5
:10258000EBF9C0B28DF8000000F0E6F9C0B28DF8AA
:10259000010000F0E1F9C0B28DF8020000F0DCF9B2
:1025A000C0B28DF8030000F0D7F9C0B28DF8040076
:1025B00092A008F033FD00BF06E01DF8041093A0C0
:1025C00008F02CFD601CC4B2052CF6DB91A008F0CD
:1025D00025FDA12000F0A6FC00F0BEF9814988800D
:1025E00000F0BAF97F498880084680884FF6FF716D
:1025F00001EA00207B49888000F0AEF9794989889A
:102600000843784988800846818877A008F006FD4D
:102610000A20FEF7E5FB08F0EBFC41F66310714978
:1026200088800846808841F6631188427ED108F090
:10263000DFFCE22000F076FC1D2000F06DFC0220A3
:1026400000F06AFC042000F067FC642009F07EFAC8
:10265000E02000F067FC012000F05EFC0A20FEF79D
:10266000BFFBE02000F05EFC032000F055FC0C20D6
:10267000FEF7B6FB012000F055FC0A20FEF7B0FB88
:102680004FF44870FEF7ACFBE62000F04BFC2F2027
:1026900000F042FCFF2000F03FFCFF2000F03CFC7B
:1026A000B02000F03FFC102000F036FC002000F0CD
:1026B00033FC08F09DFC012000F02EFC40F2DF10FE
:1026C00000F02AFC012000F027FC40F20F1000F07F
:1026D00023FC002000F020FCB42000F023FC0220AA
:1026E00000F01AFC40F2DF2000F016FC002000F0A1
:1026F00013FC2E2000F010FC002000F00DFC002048
:1027000000F00AFC002000F007FC002000F004FCB0
:1027100008F06EFCB62000F005FC012000F0FCFB88
:102720004FF49E7000F0F8FB002000E04BE000F05A
:10273000F3FB172000F0F0FB152000F0EDFB00206C
:1027400000F0EAFB002000F0E7FBF02000F0EAFBDD
:10275000032000F0E1FB292000F0E4FBD02000F092
:10276000E1FB002000F0D8FBBE2000F0DBFB0520E1
:1027700000F0D2FBFE2000F0CFFB012000F0CCFBEC
:10278000002000F0C9FB002000F0C6FB002000F094
:10279000C3FB08F02DFCB82000F0C4FB032000F0C0
:1027A000BBFB012000F0B8FBBA2000F0BBFB01200E
:1027B00000F0B2FB002000F0E5F8C820FEF710FBA7
:1027C000002000F0DFF80120FFF73CFD42F204108A
:1027D000FFF7FEFC0024002000901DE0000C0240EA
:1027E00000100240204200206C63646465762E690C
:1027F000643D307825780D0A000000006765745F3D
:102800006C63645F6D6F64653A000000203078256A
:10281000780000000D0A00000190002500F0A6F8E5
:10282000044621463AA008F0F9FBA12000F07AFB0B
:10283000052009F08BF900F08FF8C0B28DF8000088
:1028400000F08AF8C0B28DF8010000F085F8C0B23F
:102850008DF8020000F080F8C0B28DF8030000F09F
:102860007BF8C0B28DF80400AFF2700008F0D6FB20
:1028700000BF07E01DF80510AFF2700008F0CEFBB6
:10288000681CC5B2052DF5DBAFF2780008F0C6FB79
:10289000A12000F047FB00F05FF8044600F05CF870
:1028A00004464FF6FF7000EA042400F055F8044394
:1028B000214617A008F0B2FB45F26170844223D094
:1028C00017A008F0ABFB6420FEF78AFA00BF00BF38
:1028D00000BF00BF00BFBFF34F8F00BF00BF00BFEE
:1028E0001B48006800F4E0601A490843001D1849BD
:1028F000086000BF00BF00BFBFF34F8F00BF00BF25
:1029000000BF00E000BFFDE721B0BDE8F08300009C
:102910006C63645F69643D307825780D0A000000BF
:102920004C434420696E6974206661696C2C54685C
:10293000652073797374656D2077696C6C206265AE
:1029400020726573746172746564210D0A00000061
:102950000CED00E00000FA0508B50348008800907F
:10296000BDF8000008BD00000000026010B504467C
:10297000204600F0D7FA052009F0E8F8FFF7ECFF51
:1029800010BD000070B52DED048B044608F030FB3F
:10299000BE2000F0C7FA052000F0BEFA2046FDF781
:1029A00030FE41EC190B9FED0E0B53EC102BFDF795
:1029B00028FD41EC180BFDF751FE85B2284600F0CA
:1029C000ABFA012000F0A8FAFF2000F0A5FA0020E1
:1029D00000F0A2FA002000F09FFABDEC048B70BD5D
:1029E00066666666666604402DE9F0410546002489
:1029F000002708F0FDFAB848807901280BD1B648C5
:102A0000808846F60401884205D0B348808841F6A4
:102A10006311884208D1B0488079F0B9AE48808807
:102A200041F66311884218D1082D15D2DFE805F070
:102A30000406080A0C0E101206250DE007250BE00F
:102A4000042509E0052507E0012505E0002503E050
:102A5000032501E0022500BF00BF9F48808849F29E
:102A60004131884217D09C48808846F6040188424C
:102A700011D09948808845F2103188420BD0964891
:102A8000808845F21051884205D09348808841F6ED
:102A9000631188427ED1082D1CD2DFE805F00406C0
:102AA000090C0F12151800BF14E044F0800411E067
:102AB00044F040040EE044F0C0040BE044F0200475
:102AC00008E044F0600405E044F0A00402E044F0B3
:102AD000E00400BF00BF8048808845F21051884262
:102AE00002D14FF4585700E036277B48808845F2E2
:102AF000103188420DD07848808845F210518842C4
:102B000007D07548808841F66311884201D044F0AF
:102B100008047148808846F60401884201D144F0D7
:102B200002042146384600F00DFA6B48808841F6D1
:102B3000631188421DD004F0200068B16648008807
:102B400065494988884214DA6348068840886249A2
:102B50000880084646800CE05F4800885E49498846
:102B6000884206DD5C48068840885B490880084644
:102B700046805948808845F21051884254D15649C0
:102B8000488900F0CFF9002000F0C6F95249498980
:102B9000491C00E077E088B200F0C4F9002000F0A2
:102BA000BBF94D494989891C88B200F0BBF94A49F3
:102BB0000988491EC1F30F2000F0AEF94649498942
:102BC000C91C88B200F0AEF943490978491EC8B261
:102BD00000F0A2F94049888900F0A4F9002000F033
:102BE0009BF93D498989491C88B200F09BF9002076
:102BF00000F092F938498989891C88B200F092F96D
:102C000035494988491EC1F30F2000F085F9324942
:102C10008989C91C88B200F085F92F498978491E35
:102C2000C8B200F079F955E02B49488900F07AF9EB
:102C3000002000F071F9002000F06EF926490988A3
:102C4000491EC1F30F2000F067F923490978491E96
:102C5000C8B200F061F92049888900F063F90020CA
:102C600000F05AF9002000F057F91B494988491E25
:102C7000C1F30F2000F050F917498978491EC8B2F6
:102C800000F04AF926E0082D1CD2DFE805F0040721
:102C90000A0D0F12151844F0300413E044F010042C
:102CA00010E044F020040DE000BF0BE044F03804D5
:102CB00008E044F0280405E044F0180402E044F081
:102CC000080400BF00BF032744F48054214638465F
:102CD00000F038F9BDE8F0812042002070B50446CC
:102CE0000D462848808841F66311884248D108F093
:102CF0007FF924488079A8B922480088401E001B2B
:102D000084B22049488900F00DF9201200F004F93E
:102D1000E0B200F001F9201200F0FEF8E0B200F09D
:102D2000FBF816E01749488900F0FCF8201200F083
:102D3000F3F8E0B200F0F0F812490988491EC1F337
:102D40000F2000F0E9F80F490978491EC8B200F0D9
:102D5000E3F80C49888900F0E5F8281200F0DCF867
:102D6000E8B200F0D9F807494988491EC1F30F209D
:102D700000F0D2F803498978491EC8B200F0CCF8B7
:102D800070BD0000204200202DE9F84F80460E461D
:102D900017461C46B3462046E31704EB5373DB107B
:102DA00021464FEAE47C04EB5C7C4FEAEC0CA4EB9C
:102DB000CC0CBCF1000F02D04FF0010C01E04FF041
:102DC000000C6344224604EBD27C4FEA6C0C03FBFC
:102DD0000CF3DBB2009308F00BF9A7F12000C7B2A7
:102DE000002554E00C2C07D107EB47002A4901EBE2
:102DF000800010F8059013E0102C05D1274800EB57
:102E0000071010F805900BE0182C07D107EBC7004E
:102E1000234901EB800010F8059001E0BDE8F88F30
:102E20004FF0000A2DE009F0800028B131464046FD
:102E30000C9AFFF749FA06E00A9820B93146404655
:102E40000B9AFFF741FA4FEA49604FEA1069701C8C
:102E500086B214484088B04200DCDFE7A6EB0B00E6
:102E6000A0420AD15E4608F101001FFA80F80D4821
:102E70000088404500DCD1E706E00AF1010000F0DF
:102E8000FF0ABAF1080FCEDB00BF681CC5B200987C
:102E90008542A7DB00BFC1E7A0CB000814D0000823
:102EA00004D60008204200202DE9FF5F04460D46AD
:102EB000904699460EAE96E8C00CE0B2039008F03A
:102EC00097F808EB04001FFA80F809EB05001FFAD9
:102ED00080F917E0444502DB039CA81985B24D45F3
:102EE00000DB15E000208DE8010C3A7833462946D6
:102EF0002046FFF749FF304606EBD07104EB610135
:102F00008CB27F1C38787E2802DC38782028E1DA01
:102F100000BFBDE8FF9F0000014908807047000026
:102F2000000002600149088070470000FEFF016058
:102F300002480089024908807047000020420020B2
:102F4000FEFF0160024A1080921C11807047000051
:102F5000FEFF01601CB50121084603F031FA012192
:102F6000022003F02DFA0121082003F029FA0121A3
:102F7000102003F025FA41F60110009001208DF891
:102F8000040000208DF8060003208DF805000120C4
:102F90008DF8070069461748FEF7CCF94FF43070FA
:102FA000009069461448FEF7C5F943F24C000090C2
:102FB00069461248FEF7BEF91F2000906946104886
:102FC000FEF7B8F941F601110A48FEF720FA4FF46E
:102FD00030710948FEF71BFA43F24C010748FEF72F
:102FE00016FA1F210648FEF712FA0020054908606C
:102FF0001CBD00000000024000040240000C024022
:1030000000100240988240420020064908600649AC
:10301000C1F8B00203490C3108600449C1F8A402A8
:1030200070470000A0024042000040420080404241
:103030000020064908600649C1F88C020349103196
:1030400008600349C1F8B00270470000888241421D
:103050000080414224480078022809D101202349F8
:1030600008604FF4FA7020494880012008700BE096
:103070001D480078012807D11B48408820B900204E
:103080001A4908601849087017480079022806D1C3
:103090004FF4FA701449C8800120087109E0124801
:1030A0000079012805D11048C08810B900200E49C8
:1030B00008710D48007A022809D101200C490860E6
:1030C0004FF4FA7008494881012008720BE0064865
:1030D000007A012807D10448408920B9002004491A
:1030E0000860014908727047D80600208C024242ED
:1030F000B482414210B57B2003F040FA10B118A011
:1031000007F08CFF7A2003F039FA10B119A007F00C
:1031100085FF7C2003F032FA10B11BA007F07EFF80
:103120007D2003F02BFA10B11CA007F077FF7E2062
:1031300003F024FA10B11EA007F070FF7F2003F007
:103140001DFA10B11FA007F069FF792003F016FAED
:1031500010B121A007F062FF03F092F910BD00004A
:103160005243435F464C41475F504F525253540DB8
:103170000A0000005243435F464C41475F50494EAE
:103180005253540D0A0000005243435F464C4147DE
:103190005F5346545253540D0A0000005243435F9C
:1031A000464C41475F495744475253540D0A00006B
:1031B0005243435F464C41475F575744475253542D
:1031C0000D0A00005243435F464C41475F4C505745
:1031D000525253540D0A00005243435F464C41473C
:1031E0005F424F525253540D0A0000002DE9F04146
:1031F00000250024002708F039FC0546002D77D073
:10320000681E032190FBF1F0C4B2681E90FBF1F23E
:1032100001FB1200C7B2002F6AD1242C68DA0B2CF4
:1032200067D1F848807838B9F7488078012801D00C
:1032300002F0D0FCBDE8F081F2488078032810D17C
:10324000F1488078012805D0EE49487800221146DF
:1032500001F084FF0020ED4908600121EA488170F7
:10326000E8E7FF20E749C87001F0D4FFFFF7E0FE70
:10327000E548807801286BD1E548008918B149F606
:103280004040E3490881012007F070FB0220DD493E
:1032900081F8730108464078012816D1DD4840685E
:1032A0000168DDA007F0BAFEDA4840680068E54929
:1032B000884206D90120E4490870E4A007F0AEFE78
:1032C0001BE00020E049087017E0D2484068016820
:1032D000E5A007F0A3FECF4840680068ED498842AA
:1032E00008D90120D8490870EBA007F097FE04E048
:1032F00066E23DE00020D4490870D348007810B958
:1033000002F076F95CE200260020EA4908701CE031
:1033100007F06EFE08F03EFD06460B2E06D101209A
:10332000E54981F8BA0102F063F90FE00A2E04D1F1
:103330000120E14981F8BA0108E0DE48007820B9AF
:103340000120DC49087007F089FAE1E700BFD9E7FE
:10335000AD4880780128D5D0AA4948780022114686
:1033600001F0FCFE0020A949086002F033FCC9E727
:103370000A2C2AD1A34880780028C3D0FF20A14975
:10338000C87001F047FFFFF753FE9F48807858B997
:1033900002F01EF99B4948780022114601F0DEFE3A
:1033A00001209A490860ADE79748807802280BD140
:1033B000C248006840F00100C049086002F0F8F817
:1033C0000020924908609DE79CE7092C15D18D48A3
:1033D0000078012803D102208A49087002E0012008
:1033E00088490870FF208749C87001F013FFFFF774
:1033F0001FFE01208649088184E7182C1AD1FF207E
:103400008049C87001F006FFFFF712FE7D48807802
:1034100000289CD17C488078012898D107F0A6FA32
:103420000220784981F8730102F0E2F80220A449F1
:10343000087067E7042C76D1734880780128FAD1A8
:103440007148007800F0020028B16F48007820F041
:1034500002006D4908706C488078012801D002F0A4
:10346000B9FB6848407808B9012000E000206549B0
:103470004870022092490871FF206249C870FFF726
:10348000C3FDFFF7D5FD00205E4981F870010021E2
:103490005C4880F872114078012850D18948407802
:1034A00020F00100874948700846407840F001004C
:1034B0004870544890F8A8005249887108468079AD
:1034C000887081480078814908707F48801C0268B4
:1034D00041684C488030C0E904218038807830B1A0
:1034E00001280CD0022814D0032826D11CE045481E
:1034F000007A444948710120754908601EE041483E
:1035000090F830003F49487101207149103108603E
:1035100014E03C4890F858003A49487101206C4941
:103520000C3108600AE0D9E0364890F8800035494F
:10353000487101206749086000E000BF4DE0614824
:10354000407820F001005F494870002048702D4805
:1035500080792C4981F8A800084690F8A800887066
:10356000594840785949087057480A3001684268FC
:103570005948C0E904122348807830B101280DD0A1
:10358000022815D0032826D11CE01E4890F8B00070
:103590001C49487101204E4908601DE0194890F807
:1035A000D80018494871012049491031086013E0DA
:1035B000144890F8000113494871012044490C3126
:1035C000086009E00F4890F828010E494871012071
:1035D0004049086000E000BF00BF3A48407800F072
:1035E00001003849097801F00101884202D0012028
:1035F00003F05CFF0120304981F8BA0104490881D9
:1036000080E600004800002084020020840242423C
:10361000C8060020A002002042544E5F53494E4786
:103620004C4554524947474552204D6F64652056DA
:103630006F6C746167652C416D706C3D25640D0A7B
:10364000000000000051250240000020457863651D
:103650006564696E67207361666520766F6C74615E
:1036600067650D0A0000000042544E5F53494E4703
:103670004C4554524947474552204D6F646520439D
:10368000757272656E742C416D706C3D25640D0A07
:103690000000000080969800457863656564696E57
:1036A0006720736166652063757272656E740D0ABA
:1036B00000000000410000200C050020003C0140FB
:1036C000D8060020E801002048030020C0010020A7
:1036D000A0024042A4824042700100201F2C71D100
:1036E000FE48807801286DD1FD490860FD480078CA
:1036F000401CFC49087008460078042801DB0020C3
:103700000870F8480178F8A007F088FCF5480078C0
:1037100018B1F4480078012802D104F04BFD01E013
:1037200004F084FDF4484078012804D1ED48007885
:10373000F249087003E0EB480078F049487016221F
:10374000EE49E620FDF74BFAE6480078022803D060
:10375000E448007803282AD10120E749C87001F520
:10376000A870D0E9043044F620629A1A70F1000083
:103770001AD244F620600021E14AC2E90401104651
:10378000D0E90410DC4AD2F854210832DA4BDB7855
:1037900002EBC302C2E90010FF20D749C87001F054
:1037A00039FD012007F0E2F8FF20D349C870D34863
:1037B00042780178D3A007F031FC0020C8490860A6
:1037C000E1E3FFE7A4BBC5488078012803D0CA48DD
:1037D000807803284AD102F0FDF9D64800884FF6D8
:1037E000FE710840D34908800020D2492431086086
:1037F0000120D14908600020D049C1F88002FFF7BC
:1038000017FCBD48807808B3FFF7FEFB0120CA49CA
:10381000203108600020B8498870084640780128A7
:1038200007D10846807888710846007A487109E017
:103830001CE0B1488078B04981F8A800084690F8AB
:10384000B00048710120BE4981F8BA010020BD498D
:1038500008600120BC49C1F88002FF20A649C87059
:1038600001F0D8FC0120B94908818CE3022C5AD11F
:103870009A488078012803D09F488078032852D145
:1038800002F0A8F90121954881700020AC4981F827
:10389000BA01A84800884FF6FE710840A549088083
:1038A0000020A449243108600120A34908600020B9
:1038B000A249C1F88002FFF7BBFB8F48807802283D
:1038C00021D0FFF7A1FB01209B492C310860022089
:1038D0008949887008464078012807D108468078D1
:1038E0008871084690F85800487108E0824880784E
:1038F000814981F8A800084690F80001487101202C
:103900008F4981F8BA0100208E49086001208E4954
:10391000C1F88002FF207849C87001F07BFC0120CB
:103920008A4908812FE3012C59D16C4880780128FD
:1039300003D071488078032851D102F04BF901215E
:103940006648817000207E4981F8BA017948008874
:103950004FF6FE71084077490880002075492431F0
:10396000086001207449086000207449C1F8800291
:10397000FFF75EFB60488078012820D0FFF744FB0A
:1039800001206D49303108605B49887008464078F5
:10399000012807D1084680788871084690F83000E1
:1039A000487108E054488078534981F8A8000846D7
:1039B00090F8D80048710120614981F8BA010020CF
:1039C0006049086001206049C1F88002FF204A492F
:1039D000C87001F01FFC01205C490881D3E2032C70
:1039E0004FD13E48807801284BD1FFF721FB424858
:1039F0008078032820D0FFF707FB01205449086096
:103A000003203D49887008464078012807D10846C0
:103A100080788871084690F88000487108E0364840
:103A20008078354981F8A800084690F82801487147
:103A30000120434981F8BA012A48007818B1294881
:103A40000078012802D104F0B5FB01E004F0EEFBA0
:103A500001203C4908600A20FDF7C2F92648407859
:103A600030B94FF400403B4908800A20FDF7B8F90F
:103A7000FF202149C87001F0CDFB012033490881A6
:103A800081E2222C68D115488078012864D108F0A1
:103A9000A9FC1948807858B117488078012807D0C8
:103AA00015488078022803D013488078032895D1E0
:103AB000FFF7BEFA1048C07801285DD00120084900
:103AC000283908600C4890F87301022803D10120BE
:103AD000094981F87301012007493EE08402002072
:103AE000B4824142C0010020576176655F747970ED
:103AF000653D25640D0A00004800002048030020B1
:103B000098010020734164646974696F6E616C444C
:103B10006174612E565F576176655F747970653A9E
:103B200025642C435F576176655F747970653A252B
:103B3000640D0A000004004080024042000042423E
:103B40000C050020B082424200004042C80600201E
:103B5000A4824042181402406DE0C870002102F0B7
:103B600075FF0120FE4981F870010021FC4880F8B2
:103B7000711180F872115BE0F948C07801283DD1DD
:103B8000F848007818B1F748007801281CD1F648A9
:103B9000D0E9042042F21071511A70F1000005D2F0
:103BA00042F210720021F048C0E90421EE48D0E949
:103BB0000410EB4AD2F854210832E94BDB7802EBCF
:103BC000C302C2E9001019E0E748D0E9042044F636
:103BD0002063D21A70F1000004D219460022E24894
:103BE000C0E90412E049D1E90401DD4AD2F85421C8
:103BF0000832DB4BDB7802EBC30203C2D84890F8F3
:103C0000730101280AD10020D54981F873010120F0
:103C100006F0ACFE0220D24981F87301FF20D049A2
:103C2000C870002081F870010021CD4880F8721121
:103C300001F0F0FAA7E1232C45D1CC488078012887
:103C400041D108F0CFFBFFF7F3F9C548C078E8B1E0
:103C50000120C7490860C24890F87301022803D1C7
:103C60000120BF4981F873010020BD49C8700021BF
:103C7000012002F0EBFE0120B94981F8700100211A
:103C8000B74880F8711180F8721119E0B44890F8C3
:103C9000730101280AD10020B14981F87301012084
:103CA00006F064FE0220AE4981F87301FF20AC49A2
:103CB000C870002081F870010021A94880F87211B5
:103CC00001F0A8FA5FE1212C6CD1A8488078012886
:103CD00068D108F087FBA2488078012803D0A0486B
:103CE00080780228A6D1FFF7A3F99D48C078022862
:103CF0001ED001209E4910310860994890F8730148
:103D0000022803D10120964981F8730102209449C9
:103D1000C8700021012002F099FE0120904981F82D
:103D2000700100218E4880F8711180F8721136E020
:103D30008B48C078022818D18B48D0E904208D4BDD
:103D4000D21A70F1000004D21A4600218648C0E958
:103D500004218549D1E90401814AD2F8542108326D
:103D60007F4BDB7802EBC30203C27D4890F87301FE
:103D700001280AD100207A4981F87301012006F058
:103D8000F5FD0220764981F87301FF207449C8705F
:103D9000002081F870010021714880F8721101F053
:103DA00039FAF0E0202C69D170488078012865D17B
:103DB00008F018FB6A48807802285ED1FFF738F9CE
:103DC0006748C07803281ED001206949283108605F
:103DD000634890F87301022803D10120604981F8FB
:103DE000730103205E49C8700021012002F02EFEFD
:103DF00001205B4981F870010021594880F8711158
:103E000080F8721137E05648C078032819D1564817
:103E1000D0E90420584BD21A70F1000004D21A469F
:103E200000205149C1E904204F48D0E904104C4A10
:103E3000D2F8542108324A4BDB7802EBC302C2E9C4
:103E40000010474890F8730101280AD10020444926
:103E500081F87301012006F089FD0220404981F8B4
:103E60007301FF203E49C870002081F870010021D5
:103E70003B4880F8721101F0CDF984E0132C03D196
:103E8000002002F075FE7EE01D2C03D1012002F01F
:103E90006FFE78E0172C03D1022002F069FE72E079
:103EA000112C03D1032002F063FE6CE01C2C03D123
:103EB000042002F05DFE66E0162C03D1052002F01E
:103EC00057FE60E0102C03D1062002F051FE5AE0AC
:103ED0001B2C03D1072002F04BFE54E0152C03D11C
:103EE000082002F045FE4EE00F2C03D1092002F01D
:103EF0003FFE48E0072C03D10B2002F039FE42E0E0
:103F00001E2C03D10C2002F033FE3CE0192C08D10A
:103F1000134890F8720188BB0121114880F8721192
:103F200031E00D2C2FD1FFF783F808F05BFAFF206A
:103F30000B49C87001F06EF90020094981F8700141
:103F40000021074880F8721190F8730101281AD1F6
:103F50000020034981F87301012006F007FD0EE0FF
:103F600048000020C00100209801002084020020A9
:103F700088824142400D0300A086010003E0022038
:103F8000024981F8730100BFFFF754B948000020CF
:103F900000BFFEE770B5DE22FC494FF40070FCF76D
:103FA000E3FDFA4800787E2804D1F84890F8DD0057
:103FB00045287DD0F6A007F031F80020FE490870B2
:103FC0000120487003F072FA012007F0ABFDFB48B6
:103FD000007A40F00B00F9490872084690F830006A
:103FE00040F00B0081F83000084690F8580040F08F
:103FF0000B0081F85800084690F8800040F00B0054
:1040000081F88000084690F8B00040F01A0081F86E
:10401000B000084690F8D80040F01A0081F8D800A7
:10402000084690F8000140F01A0081F800010846A7
:1040300090F8280140F01A0081F82801FF208870CC
:104040000846007A48717E20D049087001204870E7
:10405000D948407800F0010088700020C8700871CD
:10406000D648007A487100208871C871D449C74A7F
:104070009160D060D348002110615161CF4890F821
:10408000300011460876002048768876C876CC49FC
:10409000D1611062CB48002150629162CA48D0625F
:1040A0001163C64890F85800114681F8340000E0CA
:1040B00008E2002081F8350081F8360081F83700E9
:1040C00081F83800BE480021393210605160BD4887
:1040D000083210605160BC48083210605160BB4922
:1040E0000020083211605060B44890F88000A74961
:1040F00081F85900002081F85A00B24800210A32A4
:1041000010605160AD4890F8B000A04981F863009C
:10411000002081F8640081F86500A94800210B3275
:104120001060516041100020083211605060A348B7
:1041300090F8D800954981F87600002081F8770042
:1041400081F8780081F879009D490C321160506047
:104150004910083211605060083211605060974871
:1041600090F80001894981F89200002081F89300BD
:1041700081F8940081F8950081F8960090490D32FD
:104180001160506048100021083210605160083200
:10419000106051608D48083210605160874890F877
:1041A00028017A4981F8B700002081F8B8008649D3
:1041B0000A3211605060754981F8C10081F8C2006F
:1041C00081F8C30081F8C40081F8C50081F8C600F9
:1041D00081F8C70081F8C8000021103211605160D9
:1041E0000832106050606949C1F8D900452081F853
:1041F000DD00DE224FF40070FCF7F1FC0220744970
:10420000087048706E490020714A921C116050601D
:1042100008321160506016226D49E620FCF7DFFC81
:104220005A484079654908725848817963488172D3
:104230005648C1796148417254488168C2685F48F4
:10424000C0E906125149086949695C4AC2E904019A
:104250004E48007E114681F830004C48417E1046A1
:1042600080F832104948817E104680F83110474866
:10427000C17E104680F833104448C269016A4F4835
:10428000C0E910214148426A806A4C49C1E90E20C8
:104290003E48C26A016B4948C0E912213B4890F888
:1042A0003400464981F85800384890F835104348A2
:1042B00080F85A10354890F83610404880F8591068
:1042C000324890F837103D4880F85B102F4890F83E
:1042D00038103A4880F85C102C4839300168426840
:1042E0003648C0E91A122949413108684968334AF9
:1042F000C2E9180125484930016842682F48C0E9E1
:104300001C1222485130016842682C48C0E91E1234
:104310001E4890F85900294981F880001B4890F800
:104320005A10264880F8811018495B31086849689E
:10433000224A8032C2E90201144890F863001F4902
:1043400081F8B000114890F864101C4880F8B21051
:104350000E4890F86510194880F8B1100B48663087
:10436000026841681548B030C0E9042107486E3042
:10437000026841681148B030C0E90221034890F852
:1043800076000E4981F8D800004823E05E03002043
:104390004C6F616420706172206572726F722C7351
:1043A000657420746F2064656661756C7420766135
:1043B0006C7565210D0A0000E8010020480000200E
:1043C00080841E00C0E1E40040420F0080C3C901A8
:1043D0004803002090F87710FE4880F8DA10FE4875
:1043E00090F87810FB4880F8D910FB4890F87910C5
:1043F000F84880F8DB10F8487A3002684168F548E0
:10440000D830C0E90421F448823001684068F14A9C
:10441000D832C2E90210F0488A3001684268ED489B
:10442000D830C0E90612EC4890F89200E94981F8CA
:104430000001E94890F89310E64880F80211E64838
:1044400090F89410E34880F80111E34890F8951033
:10445000E04880F80311E04890F89610DD4880F8B5
:104460000411DD48973001684268DC48C0E9041255
:10447000D9489F3001684068D84AC2E90210D6483E
:10448000A73002684168D548C0E90621D248AF305C
:1044900001684268D148C0E90812CF4890F8B700D7
:1044A000CC4981F82801CC4890F8B810C94880F868
:1044B0002911C948B93001684068C84A2832C2E9A0
:1044C0000210DCE2C4484078C2490870C2488078D3
:1044D0004870C148C0788871BF48007981F8A80049
:1044E000BD4840790872BC488179BA488172BA489F
:1044F000C179B8484172B8488168C268B548C0E916
:104500000612B54802694169B248C0E90421B248BF
:10451000007EB04981F83000AF48417EAD4880F858
:104520003210AD48817EAB4880F83110AA48C17E78
:10453000A84880F83310A848C169026AA548C0E9B4
:104540001012A549486A896AA24AC2E90E01A24826
:10455000C26A016B9F48C0E912219F4890F834005D
:104560009C4981F858009C4890F83510994880F88B
:104570005A10994890F83610964880F85910964885
:1045800090F83710934880F85B10934890F83810F3
:10459000904880F85C1090483930016842688D4836
:1045A000C0E91A128C49413108684968894AC2E950
:1045B000180189484930016842688648C0E91C12E0
:1045C00085485130016842688248C0E91E1282481D
:1045D00090F859007F4981F880007F4890F85A1080
:1045E0007C4880F881107C485B30026840687949DB
:1045F0008031C1E90220784890F86300803981F861
:10460000B000754890F86410724880F8B210724893
:1046100090F865106F4880F8B1106F4866300168F7
:1046200042686E485038C0E904126B486E30026828
:1046300040686A495039C1E90220674890F876001D
:10464000B03981F8D800644890F87710614880F854
:10465000DA10614890F878105E4880F8D9105E480A
:1046600090F879105B4880F8DB105B487A3002687C
:1046700041685A482838C0E9042157488230026806
:10468000406856492839C1E9022053488A300168F8
:10469000426852482838C0E906124F4890F8920004
:1046A0004C4981F800014C4890F89310494880F833
:1046B0000211494890F89410464880F80111464884
:1046C00090F89510434880F80311434890F89610ED
:1046D000404880F8041140489730026841683F48DC
:1046E000C0E904213C489F30016842683B48C0E96A
:1046F00002123948A730016842683848C0E90612FA
:104700003548AF30016842683448C0E90812324881
:1047100090F8B7002F4981F828012F4890F8B81079
:104720002C4880F829112C49B931086849682B4A6E
:104730002832C2E902012748D0E91A43224628A0BC
:1047400006F06CFC2348D0E91843224632A006F05C
:1047500065FC2048D0E91C4322463DA006F05EFCE3
:104760001C48D0E91E43224647A006F057FC554A94
:1047700045231848183000F0FDF9534A0023154826
:10478000103000F0F7F94F4A45231248403000F04E
:10479000F1F94D4A00230F48383000F0EBF94B4A4D
:1047A00009230C48483000F0E5F9464A45230948FA
:1047B000683000F0DFF9444A00230648603000F01A
:1047C000D9F9424A09230348703000F0D3F9404A2E
:1047D00002237FE0480000205E0300204801002003
:1047E000557365724F7065726174696F6E2E565F96
:1047F0004D6F6465547261696E2E506172616D5BBC
:10480000554F5F504152414D5F50554C53455D3AB5
:10481000256C6C640D0A0000557365724F706572EB
:104820006174696F6E2E565F4D6F64655472616975
:104830006E2E506172616D5B554F5F504152414D1C
:104840005F414D504C5D3A256C6C640D0A000000D0
:10485000557365724F7065726174696F6E2E565F25
:104860004D6F6465547261696E2E506172616D5B4B
:10487000554F5F504152414D5F465245515D3A257B
:104880006C6C640D0A000000557365724F706572A0
:104890006174696F6E2E565F4D6F64655472616905
:1048A0006E2E506172616D5B554F5F504152414DAC
:1048B0005F4455524154494F4E5D3A256C6C640D2E
:1048C0000A00000000B864D9C095A90500902F50D7
:1048D0000098D058864800F04DF9864A0023844855
:1048E000103000F047F9844A45238148483000F0F1
:1048F00041F9824A00237E48403000F03BF97E4A6D
:1049000045237B48703000F035F97C4A0023784815
:10491000683000F02FF97A4A09237548783000F0A2
:1049200029F9754A45237248983000F023F9734AF3
:1049300000236F48903000F01DF9714A09236C483C
:10494000A03000F017F96F4A02236948A83000F040
:1049500011F96A4A00236648B83000F00BF9644840
:10496000B030D0E90243224667A006F057FB002092
:10497000754908705E48783840784870012002F028
:1049800095FDFF205A497839887008464078B0B3C1
:10499000012873D10846807930B101280ED0022851
:1049A00017D003282CD11FE051487838007A50499D
:1049B00078394871012007F0B5F822E04C48783882
:1049C00090F830004A4978394871042007F0AAF875
:1049D00017E04748783890F85800454978394871C9
:1049E000072007F09FF80CE04148783890F88000E5
:1049F0003F49783948710A2007F094F801E002E055
:104A000000BF00BF3AE03A48783890F8A80030B1CB
:104A100001280FD0022818D003282CD120E03448D8
:104A2000783890F8B000324978394871012007F0A1
:104A300079F821E02E48783890F8D8002C49783958
:104A40004871042007F06EF816E02948783890F88D
:104A50000001274978394871072007F063F80BE017
:104A60002348783890F828012149783948710A207C
:104A700007F058F800E000BF00BF00BF00BF1622DB
:104A80003249E620FCF770F830480078032802DD50
:104A900000202E4908702D484078032802DD0020B0
:104AA0002A49487029484278017829A006F0B6FAC8
:104AB0000F487838407801280CD1244800782C49D8
:104AC00008702248801C0268416809480830C0E923
:104AD00004210BE01D484078254908701B480A3026
:104AE000016842680248B030C0E9041270BD00009D
:104AF000C0000020C095A90500B864D90048E801AD
:104B000000902F500098D058526561643120557341
:104B100065724F7065726174696F6E2E435F4D6F81
:104B20006465457874426E632E506172616D5B55A9
:104B30004F5F504152414D5F414D504C5D3A256CA5
:104B40006C640D0A00000000E8010020480300200A
:104B5000565F576176655F747970653A25642C43BA
:104B60005F576176655F747970653A25640D0A0058
:104B7000C001002010B5D0E90041141B73EB010106
:104B800002D200240460446010BD000070B5BE482D
:104B900000894EF6602188427EDB7E20BB4908708A
:104BA000BB4800784870BA4840788870B848807927
:104BB000C870B74890F8A8000871B548007A4871E5
:104BC000B348807A8871B248407AC871B048D0E959
:104BD0000610AE4A9160D060AD49D1E90401106180
:104BE0005161AB4890F8300011460876A84890F81B
:104BF00032004876A64890F831008876A44890F8AC
:104C00003300C876A248D0E91010D1611062A048E4
:104C1000D0E90E10516290629D48D0E91210D16225
:104C200010639B4890F85800114681F8340098486A
:104C300090F85A0081F83500954890F8590081F8AD
:104C40003600934890F85B0081F83700904890F860
:104C50005C0081F838008E48D0E91A1039321160B2
:104C600050608B49D1E918010832106051608848C2
:104C7000D0E91C1008321160506085496031D1E9DB
:104C80000601083210605160814890F880007F4929
:104C900081F859007E4800E0F4E090F8810081F846
:104CA0005A007B498031D1E902010A32106051601B
:104CB000774890F8B000754981F86300744890F81F
:104CC000B20081F86400724890F8B10081F8650084
:104CD0006F48B030D0E904100B32116050606C485E
:104CE000B030D0E90210083211605060684890F886
:104CF000D800664981F87600654890F8DA0081F8B6
:104D00007700634890F8D90081F87800604890F8FF
:104D1000DB0081F879005E49E031D1E902010C3213
:104D2000106051605A48D830D0E902100832116042
:104D300050605749E031D1E90401083210605160F8
:104D4000534890F80001514981F89200504890F87A
:104D5000020181F893004E4890F8010181F8940017
:104D60004B4890F8030181F89500494890F80401F8
:104D700081F896004749D1E902010D321060516077
:104D800044480838D0E902100832116050604148A8
:104D90000838D0E906100832116050603D49D1E969
:104DA0000601083210605160394890F828013749EF
:104DB00081F8B700364890F8290181F8B8003549E4
:104DC0002031D1E902010A321060516000202F49E0
:104DD00081F8C10081F8C20081F8C30081F8C400E5
:104DE00081F8C50081F8C60081F8C70081F8C800C5
:104DF000C1F8D900452081F8DD0025496031D1E9AD
:104E00000243224624A006F009F92149D1E91843BA
:104E100022462FA006F002F91D496031D1E9044372
:104E2000224639A006F0FAF819496031D1E9064363
:104E3000224643A006F0F2F81649D1E90243224681
:104E40004EA006F0EBF813480838D0E9024322469A
:104E500058A006F0E3F80F49D1E90443224663A0C5
:104E600006F0DCF80B49D1E9064322466DA006F0B6
:104E7000D5F8DE2205494FF40070FBF7B0FE0020A4
:104E80000149088170BD0000C80600205E030020B3
:104E90004800002050010020557365724F70657204
:104EA0006174696F6E2E565F4D6F646554726169EF
:104EB0006E2E506172616D5B554F5F504152414D96
:104EC0005F50554C53455D3A256C6C640D0A0000EB
:104ED000557365724F7065726174696F6E2E565F9F
:104EE0004D6F6465547261696E2E506172616D5BC5
:104EF000554F5F504152414D5F414D504C5D3A25F9
:104F00006C6C640D0A000000557365724F70657219
:104F10006174696F6E2E565F4D6F6465547261697E
:104F20006E2E506172616D5B554F5F504152414D25
:104F30005F465245515D3A256C6C640D0A000000D5
:104F4000557365724F7065726174696F6E2E565F2E
:104F50004D6F6465547261696E2E506172616D5B54
:104F6000554F5F504152414D5F4455524154494F56
:104F70004E5D3A256C6C640D0A0000005573657235
:104F80004F7065726174696F6E2E435F4D6F64651B
:104F9000547261696E2E506172616D5B554F5F5046
:104FA0004152414D5F50554C53455D3A256C6C6400
:104FB0000D0A0000557365724F7065726174696FF8
:104FC0006E2E435F4D6F6465547261696E2E506141
:104FD00072616D5B554F5F504152414D5F414D5085
:104FE0004C5D3A256C6C640D0A00000055736572C7
:104FF0004F7065726174696F6E2E435F4D6F6465AB
:10500000547261696E2E506172616D5B554F5F50D5
:105010004152414D5F465245515D3A256C6C640DDD
:105020000A000000557365724F7065726174696F94
:105030006E2E435F4D6F6465547261696E2E5061D0
:1050400072616D5B554F5F504152414D5F44555207
:105050004154494F4E5D3A256C6C640D0A000000C6
:1050600010B504460C4951F824104A000B4951F878
:105070002400002107F0ACF9094951F82420074920
:10508000083951F82400002107F0A2F90121034852
:105090000830015510BD000088CB0008F802002040
:1050A00098CB00087047000070B5002100230F2244
:1050B000C4781CB3174C246804F4E064C4F5E064BD
:1050C000C4F30721C1F10404E3B20A4144789C40CF
:1050D000E1B28478144021430C07210E0E4C057870
:1050E0006155047804F01F050124AC4005786D116A
:1050F000AD0005F1E025C5F8004109E0047804F0B1
:105100001F050124AC40054D0678761145F8264070
:1051100070BD00000CED00E000E400E080E100E084
:1051200002490143024A1160704700000000FA057D
:105130000CED00E010B5002807DA0A07140E054A46
:1051400000F00F031B1FD45403E00A07130E024A9A
:10515000135410BD18ED00E000E400E02DE9F0412B
:1051600004460D461646012E38D1012C16D126488C
:105170000078012808D146F2905095FBF0F73946A7
:105180000120FBF74CFC3DE046F2905095FBF0F01F
:10519000474239460120FBF742FC33E094BB1A48F2
:1051A000007801280BD14FF47A7095FBF0F7F817CF
:1051B00007EB5070C1100220FBF731FC22E04FF4E6
:1051C0007A7095FBF0F7F81707EB5070C010C0F13C
:1051D000000841460220FBF722FC13E096B9012C9F
:1051E00004D100210120FBF71AFC04E01CB90021C6
:1051F0000220FBF714FC0120044908600020044948
:10520000C1F89402BDE8F0814800002080024042CD
:105210000000434210B5504800794F49C978884290
:105220004ED04D48007930B1012813D0022821D04A
:1052300003283FD12EE049A1494805F0FFFE47A1D0
:105240004748733005F0FAFE44A14548E63005F0C2
:10525000F5FE30E041A14248163805F0EFFE3FA1CF
:105260003F484B3005F0EAFE3CA13D48DC3005F0FC
:10527000E5FE20E039A13A48163005F0DFFE37A1FF
:1052800037489B3005F0DAFE34A13548F03005F0A0
:10529000D5FE10E031A132482C3005F0CFFE2FA111
:1052A0002F48C33005F0CAFE2CA12D48FA3005F076
:1052B000C5FE00E000BF00BF2748C078264908713E
:1052C0002548C07830B1012813D0022821D0032806
:1052D0003FD12EE021A1224805F0B0FE1FA12048B9
:1052E000733005F0ABFE1DA11D48E63005F0A6FEAB
:1052F00030E01AA11A48163805F0A0FE17A1184888
:105300004B3005F09BFE15A11548DC3005F096FEEC
:1053100020E012A11248163005F090FE0FA11048AF
:105320009B3005F08BFE0DA10D48F03005F086FE98
:1053300010E00AA10A482C3005F080FE07A10848B9
:10534000C33005F07BFE05A10548FA3005F076FE76
:1053500000E000BF00BF10BD4800002000000000BA
:10536000C70500202DE9FF4F87B00D4614461F46A4
:10537000DDE9176BDDE9158ADDF8509007980928FB
:105380007ED2DFE800F07D052E475E879EC7EB00EA
:1053900004EB090083B2E81982B221462846009640
:1053A000FCF7D2FF5046FAF758FF08EBD8714910C6
:1053B00000FB117005EB500080B2CDE90408A9EBA9
:1053C0000800CDE9026BCDE9008A069000EBD070B1
:1053D00004EB600081B24B463A460498FDF764FD49
:1053E000D7E004EB090083B2E81982B221462846CF
:1053F0000096FCF7A9FF04F1140291B205F1140222
:1054000090B24B463A46CDE9026BCDE9008AFDF7F2
:105410004BFDBEE004EB090083B2E81982B22146DD
:1054200028460096FCF790FF04F1140081B24B4629
:105430003A462846CDE9026BCDE9008AFDF734FDF6
:10544000A7E044F22820009004EB090083B2E81999
:1054500082B221462846FCF777FF04EB09000A38A0
:1054600083B2E819283882B204F10A0081B22846D2
:105470000096FCF769FF04F1140081B24B4600E08E
:1054800086E03A462846CDE9026BCDE9008AFDF771
:105490000BFD7EE004EB090083B2E81982B22146DD
:1054A00028460096FCF750FF04F1140081B24B46E9
:1054B0003A462846CDE9026BCDE9008AFDF7F4FCB7
:1054C00067E004EB090083B2E81982B2214628465E
:1054D0000096FCF739FF002030A11022CDE901161B
:1054E0000092039004F1120291B26A1D90B24B46F1
:1054F0003A46FDF7D9FC04F10A0291B205F13C02EB
:1055000090B24B463A46CDE9026BCDE9008AFDF7F1
:10551000CBFC3EE004EB090083B2E81982B22146DD
:1055200028460096FCF710FF5046FAF796FE08EB67
:10553000D871491000FB117005EB500080B2CDE925
:10554000050804F10A0081B24B463A46CDE9026BE8
:10555000CDE9008A0598FDF7A7FC1AE004EB0900E5
:1055600083B2E81982B2214628460096FCF7ECFE89
:105570000CA0102104F11202CDE9026BCDE900105C
:1055800091B26A1D90B24B463A46FDF78DFC00E0A1
:1055900000BF00BF0BB0BDE8F08F0000545950456C
:1055A000207C0000545950453A000000704700002C
:1055B00010B50020044908600121880702F0D9FADB
:1055C00000210248817010BD800240428402002008
:1055D00010B50120044908600021800702F0C9FAD3
:1055E00002210248817010BD8002404284020020E6
:1055F0002DE9F04F2DED068B87B0FE48807800280E
:105600007ED104460546FB48407801280AD1F94876
:10561000D0E90645F849611A75F1000010D2F74843
:1056200004600DE0F348407850B9F248B030D0E95A
:105630000445F149611A75F1000001D2EF48046098
:10564000EF48007818B1EE48007801280BD142F2FB
:105650001071611A75F1000005D2012007B0BDEC90
:10566000068BBDE8F08FE6480078022803D0E448B6
:105670000078032807D144F62061611A75F1000013
:1056800001D20120EAE7DE48007818B1DC48007852
:1056900001280ED1FA22002320462946FAF79AFD66
:1056A000401ED849086008460068A0F11C00086048
:1056B0000DE0FA22002320462946FAF78BFD401E12
:1056C000D049086008460068A0F1480008604FF023
:1056D0000100CD4908604FF00000CC49C1F88002BC
:1056E0004FF00A00FBF77CFBC248407830B94FF41A
:1056F0000040C74908800A20FBF772FB002100E048
:1057000006E0C4488170BF480068FBF707FD3FE230
:10571000B8488078012877D100200446054606461F
:105720000746B448407801280CD1B248D0E910456A
:10573000D0E91267B049611A75F1000012D2AF4882
:1057400004600FE0AB48407860B9AA48D830D0E98F
:105750000445D0E90667A849611A75F1000001D235
:10576000A6480460A648007818B1A548007801282A
:1057700007D142F21071611A75F1000001D20120C7
:105780006CE79F480078022803D09D4800780328E2
:1057900007D144F62061611A75F1000001D20120A1
:1057A0005CE79549711A77F1000001D2012055E7B5
:1057B0009348007818B19248007801280ED1FA2257
:1057C000002320462946FAF705FD401E8D49086052
:1057D00008460068A0F11C0008600DE0FA220023D2
:1057E00020462946FAF7F6FC401E8649086008461E
:1057F0000068A0F1480008608248006822462B46F5
:10580000CDE90067029000E060E083A005F006FCAF
:1058100000BF00BF00BF4FF014094FF47A7200239D
:1058200030463946FAF7D6FC06460F46304639462A
:10583000FAF708FF41EC190B53EC192B9FED800B85
:1058400051EC100BFAF74FFE41EC180B9FED7E0B5D
:1058500053EC102B51EC180BFAF745FE9FED7C0B27
:1058600053EC102BFAF7C7FDFAF7F8FE804653EC1D
:10587000182B79A0CDF8008005F0D0FB61480068B6
:10588000404502D95F48C0F8008001205E490860A9
:1058900000205E49C1F880020A20FBF7A1FA5548B2
:1058A000407830B94FF40040594908800A20FBF78E
:1058B00097FA1FFA89F1404602F05FFA0021554835
:1058C00081700121880702F054F961E1494880782C
:1058D0000228FAD100210C460D460E460F46002044
:1058E000804681464348407801280ED14148D0E99E
:1058F0001A45D0E91C67D0E91E893F49611A75F144
:10590000000016D23D48046013E03A48407880B960
:105910005648D0E90445D0E906673648D0F82491C6
:10592000D0F820813449611A75F1000001D2334862
:1059300004603348007818B131480078012807D155
:1059400042F21071611A75F1000001D2012085E662
:105950002B480078022803D029480078032807D173
:1059600044F62061611A75F1000001D2012075E64C
:105970002149711A77F1000001D201206EE63C49FD
:10598000B8EB010179F1000001D2012066E61C4864
:10599000007818B11A48007801280ED1FA220023A5
:1059A00020462946FAF716FC401E164908600846AC
:1059B0000068A0F11C0008600DE0FA2200232046D8
:1059C0002946FAF707FC401E0E49086008460068A1
:1059D000A0F1480008600B48CDE904890068224620
:1059E0002B46CDE90067029022A005F017FB00BF0F
:1059F00000BF5BE048000020400D030014030020BE
:105A0000C001002008030020B08242420000404252
:105A1000181402408402002070756C73653D256C7B
:105A20006C646E732C667265713D256C6C646D6878
:105A30007A2C74696D355F6172723D25640D0A00C0
:105A4000000000A2941A6D420000000000406F4068
:105A5000000000000000F03F543D256C662C746986
:105A60006D325F6172723D25640D0A0048010020AD
:105A7000A086010070756C73653D256C6C646E7357
:105A80002C667265713D256C6C646D687A2C746946
:105A90006D355F6172723D25642C64757261746945
:105AA0006F6E3D256C6C640D0A00000000BF142071
:105AB00006904FF47A72002330463946FAF78AFB93
:105AC00006460F4630463946FAF7BCFD41EC190B45
:105AD00053EC192B1FED260B51EC100BFAF703FDBD
:105AE00041EC180B1FED280B53EC102B51EC180B4D
:105AF000FAF7F9FC1FED2A0B53EC102BFAF77BFC9D
:105B0000FAF7ACFD824623480068504502D9214887
:105B1000C0F800A04FF47A700021A8FB002B09FB0D
:105B200000B001FB08011046FAF78CFD53EC182B6E
:105B3000FAF7D9FCFAF792FD1749086008460068A1
:105B400053EC182BCDE900A014A005F067FA012052
:105B50001B49086000201B49C1F880020A20FBF79E
:105B60003FF91948407830B94FF400401749088090
:105B70000A20FBF735F9069881B2504602F0FDF88D
:105B80000021134881700121880701F0F2FF00BF56
:105B9000002063E50803002010030020543D256C1D
:105BA000662C74696D325F6172723D25642C74726B
:105BB00061696E5F61636F756E743D25640D0A00E7
:105BC000B0824242000040424800002018140240C7
:105BD0008402002010B5FBF70FF900214FF0804040
:105BE00001F0C7FF00204FF0804148620E48407826
:105BF00010B9C8130D49088000200D4908600D49EF
:105C0000086001210C48817000210320FAF707FF8A
:105C100000200A49086001200949C1F880020020DB
:105C20000849086010BD0000480000201A14024016
:105C3000100300200C03002084020020B0824242A6
:105C400000004042D00200202DE9F0472DED028BEC
:105C500004464FF000099FED4C0AB0EE408AE06820
:105C600018B1E168002006F08DFB48480078401C20
:105C700000EB80004100002006F096FBE060E06849
:105C800020B90520BDEC028BBDE8F0873F48407885
:105C9000012829D13D48806B20603C493831D1E949
:105CA00004714FF47A7200233846FAF793FA0546E6
:105CB000FAF788FC08EE100A34493831D1E902219C
:105CC0001046FAF77FFC00EE100A20EE080ADFED1E
:105CD000300A20EE200ADFED2F0A80EE201ABCEEFB
:105CE000C10A10EE109A29E02848D0F8E0002060A0
:105CF0002649E031D1E904514FF47A720023284655
:105D0000FAF768FA0746FAF75DFC08EE100A1F4931
:105D1000E031D1E902211046FAF754FC00EE100AF6
:105D200020EE080ADFED1A0A20EE200ADFED190A3C
:105D300080EE201ABCEEC10A10EE109A206808B955
:105D400001209FE7B5EEC08AF1EE10FA01D10220E2
:105D500098E7B9F1000F01D1032093E7E068DFED88
:105D60000E0A68EE200AB0EE600A00EE909AF8EE95
:105D7000600A00F0D1F84FF6FF70E168086001207A
:105D8000A060606000207DE7000000004800002067
:105D900000504347286B6E4E0000C8422DE9F04189
:105DA0002DED028B0446002008EE100A9FED540AE8
:105DB000F0EE408AE06818B1E168002006F0E2FAEF
:105DC0005048007800EB80004100002006F0ECFA1B
:105DD000E060E06820B90520BDEC028BBDE8F081F1
:105DE00048484078012803D146480069206003E014
:105DF0004448D0F8B8002060206808B90120EBE7DB
:105E00009FED410AF0EE408A4CF2503008EE100A45
:105E1000E068F8EE480AB0EE680A00F07DF839480C
:105E20004078012820D137491031D1E902514FF48F
:105E30007A7200232846FAF7CDF90746FAF7C2FB33
:105E400000EE100A9FED311AC8EE810A9FED301A5C
:105E5000C0EE811A20EE210ADFED2C0A80EE201A16
:105E60002C4880ED001A1FE02649B831D1E90251D3
:105E70004FF47A7200232846FAF7ACF90746FAF78E
:105E8000A1FB00EE100A9FED211AC8EE810A9FEDDA
:105E9000201AC0EE811A20EE210ADFED1C0A80EEE6
:105EA000201A1C4880ED001A1A4890ED000ABCEE3A
:105EB000C00A10EE100AE168086012480078022853
:105EC00012D1E16801F10A00F8EE480AB0EE680A62
:105ED00000F022F80F4890ED000ABCEEC00A10EE68
:105EE000100AE168C1F80A00E068006808B90420F7
:105EF00072E704480078A0600120606000206BE732
:105F000000000000480000208096984A00007A4473
:105F10000000C842C00200202DE9F0412DED088BA1
:105F2000B0EE409AF0EE608A0446002600279FED0E
:105F3000950AB0EE408A0025A846DFED930A89EE67
:105F4000200ADFED920A80EE801AB0EE418A9FEDC2
:105F5000900AB4EEC08AF1EE10FA05D8BCEEC80A79
:105F600010EE105A012686E018EE100AFAF78FFBA1
:105F700041EC1B0BB0EE4B0AF0EE6B0A05F072F829
:105F8000B0EE40AAF0EE60AA51EC1A0BFAF766FBED
:105F9000054600EE105AB8EE400AC8EE000ABCEE04
:105FA000E00A10EE100A86B29FED7A0AB4EEC08ABB
:105FB000F1EE10FA0ADD9FED780AC8EE000ABCEE99
:105FC000E00A10EE108A4EF660273DE09FED730A5E
:105FD000B4EEC08AF1EE10FA0ADD9FED710AC8EE48
:105FE000000ABCEEE00A10EE108A42F210772BE0B5
:105FF0009FED6C0AB4EEC08AF1EE10FA0ADD9FED57
:106000006A0AC8EE000ABCEEE00A10EE108A4FF4ED
:106010007A7719E09FED650AB4EEC08AF1EE10FAC6
:1060200009DD9FED590AC8EE000ABCEEE00A10EE49
:10603000108A642708E0B2EE040AC8EE000ABCEE3B
:10604000E00A10EE108A0A2705FB06F000EE100A9F
:10605000B8EE400A78EE400A08FB07F000EE100A9E
:10606000B8EE400A38EE400AF4EEC00AF1EE10FA3B
:1060700001DD45463E46681EA080701EE0809FED13
:106080004C0AF4EEC08AF1EE10FA03DBA088401C43
:1060900020816DE0F5EEC08AF1EE10FA02D1002009
:1060A000208165E09FED420AC0EE280AA088401CCE
:1060B00000EE100AB8EEC00AF4EEC00AF1EE10FAD3
:1060C00037DDA08800EE100AB8EE400AB0EE408A34
:1060D000DFED370A80EEA80AF7EE000A30EE600A1C
:1060E000BCEEC00A10EE100AA080E08800EE100A94
:1060F000B8EE400A60EE080AA08800EE100AB8EE7A
:10610000400A80EE801AB0EE418AB7EE000AB4EE83
:10611000C08AF1EE10FA03D2B7EE000AB0EE408A60
:10612000B7EE000A38EE400ABCEEC00A10EE100AC4
:10613000E080A088401C00EE100AB8EEC00A20EEF5
:10614000280ADFED1B0A80EE201AB0EE418A18EE15
:10615000100AFAF79CFA41EC1B0B9FED160B53EC5F
:10616000102BFAF7A7F841EC1A0BFAF777FA20810F
:10617000E288A18811A004F051FF0020BDEC088B3B
:10618000BDE8F081000000000000C842A037A04C2C
:1061900000FF7F47643F1C4E00606A4706FF794C52
:1061A00000401C4638FFC74A00007A4460FF1F4980
:1061B00000504347000000000000E03F6172723170
:1061C0003D25642C707363313D25640D0A00000089
:1061D0002DE9F0472DED028B04464FF000099FEDAD
:1061E000710AB0EE408AE06818B1E168002006F05C
:1061F000C9F86D480078401C00EB80004100002089
:1062000006F0D2F8E060E06820B90520BDEC028B12
:10621000BDE8F08764484078012803D16248006EE9
:10622000206003E06048D0F808012060206808B9C9
:106230000120EBE75C484078012827D15A48006EDE
:10624000206059484FF47A720023D0E91C51284647
:10625000F9F7C0FF0746FAF7B5F908EE100A5248F9
:10626000D0E91A211046FAF7ADF900EE100A20EE37
:10627000080ADFED4E0A20EE200ADFED4D0A80EE1F
:10628000201ABCEEC10A10EE109A27E04648D0F85A
:10629000080120604749D1E904514FF47A72002384
:1062A0002846F9F797FF0746FAF78CF908EE100A27
:1062B0004049D1E902211046FAF784F900EE100AAC
:1062C00020EE080ADFED390A20EE200ADFED380A59
:1062D00080EE201ABCEEC10A10EE109A206808B9B0
:1062E000012093E7B5EEC08AF1EE10FA01D1022049
:1062F0008CE7B9F1000F01D1032087E7E068DFEDFB
:106300002E0A68EE200AB0EE600A00EE909AF8EECF
:10631000600AFFF701FE2448806FE16808602248A8
:10632000407801281AD120484FF47A720023D0E92E
:106330001E512846F9F74EFF0746FAF743F900EEDB
:10634000100A20EE080ADFED1D0A80EE201ABCEECE
:10635000C10A10EE100AE168086019E01549D1E998
:1063600006714FF47A7200233846F9F733FF054679
:10637000FAF728F900EE100A20EE080ADFED0F0AFE
:1063800080EE201ABCEEC10A10EE100AE168086027
:10639000E068006808B9042038E70120A060606068
:1063A000002033E700000000480000200050434771
:1063B000286B6E4E500100200000C84200007A4455
:1063C00029B1064A12680243044B1A6004E0034AEA
:1063D00012688243014B1A60704700003038024057
:1063E00029B1064A12680243044B1A6004E0034ACA
:1063F00012688243014B1A6070470000383802402F
:1064000029B1064A12680243044B1A6004E0034AA9
:1064100012688243014B1A60704700004038024006
:1064200029B1064A12680243044B1A6004E0034A89
:1064300012688243014B1A60704700002038024006
:1064400029B1064A12680243044B1A6004E0034A69
:1064500012688243014B1A607047000044380240C2
:1064600029B1064A12680243044B1A6004E0034A49
:1064700012688243014B1A607047000024380240C2
:106480000348006840F080700149086070470000D0
:1064900074380240F0B500210022002402250026B5
:1064A0000223324F3F6807F00C0121B1042905D0C7
:1064B000082937D105E02E4F076036E02D4F0760E1
:1064C00033E02A4F3F1F3F68C7F38056274F3F1FD7
:1064D0003F6807F03F036EB1264FB7FBF3F7DFF8D5
:1064E0008CC0ACF1040CDCF800C0CCF3881C07FBBA
:1064F0000CF40CE01E4FB7FBF3F7DFF870C0ACF103
:10650000040CDCF800C0CCF3881C07FB0CF4174F1C
:106510003F1F3F68C7F301477F1C7D00B4FBF5F7C1
:10652000076002E0124F076000BF00BF0F4F3F68D7
:1065300007F0F0010909104F7A5C0768D7404760FF
:106540000A4F3F6807F4E051890A0B4F7A5C4768AD
:10655000D7408760054F3F6807F46041490B064FFD
:106560007A5C4768D740C760F0BD00000838024039
:106570000024F40040787D012003002010B501467E
:106580000022002300204A11012A02D10A4C23686C
:1065900008E0022A03D1084C7034236802E0064C5C
:1065A0007434236801F01F02012494401C400CB194
:1065B000012000E0002010BD003802400021024A06
:1065C0001170114608707047023802402DE9F04101
:1065D00004460D4600260027B04605F0D1FC2046B3
:1065E00005F0A2FC05F0F4FC284605F09DFC05F042
:1065F000EFFC05F0C5FC44F0010005F095FC05F04A
:10660000E7FC05F06FFC064605F008FC05F06AFCA7
:10661000074605F053FC05F0CBFC47EA0628404648
:10662000BDE8F08100B587B001210803FFF708FF3E
:1066300001210846FFF7C4FE052211462F48FAF74C
:10664000C1FE052207212D48FAF7BCFE04202B4984
:1066500008830820088310200883A02000900220CF
:106660008DF8040000208DF8060002208DF8070048
:1066700003208DF8050069462048FAF75BFE1C20D0
:10668000009001208DF8040000208DF80600012004
:106690008DF8070003208DF8050069461748FAF7C2
:1066A00049FE0021164800F051F8154800F05AF84C
:1066B0000020ADF808004FF48270ADF80A00002009
:1066C000ADF80C00ADF80E00ADF810004FF40070FE
:1066D000ADF812000820ADF814000020ADF8160047
:1066E0000720ADF8180002A9054800F093F8012131
:1066F000034800F02BF807B000BD00000000024086
:10670000003001404FF6FF7100BF0F4A128902F0BE
:1067100002021AB90A1EA1F10101F6D10A4A9081BA
:10672000128902F00102084B1A814FF6FF7100BF77
:10673000054A128902F08002802A03D10A1EA1F1C3
:106740000101F5D1704700000030014021B10288FD
:1067500042F04002028004E002884FF6BF731A4004
:106760000280704710B504462448844208D10121B4
:106770008014FFF775FE0021A014FFF771FE3CE0C6
:106780001F48844208D101210014FFF749FE00216F
:106790002014FFF745FE30E01A48844208D1012159
:1067A000C013FFF73DFE0021E013FFF739FE24E0A0
:1067B0001548844208D101214014FFF751FE002101
:1067C0006014FFF74DFE18E01048844209D1012102
:1067D0000805FFF745FE00214FF48010FFF740FE4B
:1067E0000BE00B48844208D101214805FFF738FE31
:1067F00000214FF40010FFF733FE10BD00300140C0
:1068000000380040003C004000340140005001408E
:106810000054014010B50022028802F441520B8856
:106820004C8823438C882343CC8823430C892343FF
:106830004C8923438C892343CC8923431A43028008
:10684000838B4FF2FF74234083830B8A038210BD36
:1068500030B5F0B12C4BD3F854315B1C2A4CE478A2
:106860001C44294BC3F85841D3F854310833264C03
:10687000E47803EBC40330CB244BC3E90445224B3B
:10688000DB78234C04EBC303D3E900541F4BC3E96B
:10689000065419B31C4B5C79012393401C403CB94E
:1068A000194B5B79012494402343174C637106E034
:1068B000154B5C79012393409C43134B5C71124B45
:1068C0005C79D3F854311C700F4B93F871310BB9CC
:1068D000012400E000240C4B83F871410A4B5B79E2
:1068E000012494402340002B01DD012300E000231C
:1068F000054C84F850312346DB78022B02D101236A
:1069000084F8503130BD000048000020980100207C
:10691000C80100207047000030B500228B071C0F13
:106920000F2303FA04F20B4B8C1053F824309343DB
:10693000084C8D1044F8253023468C1053F8243031
:106940008C07240F00FA04F42343024C8D1044F802
:10695000253030BD083801401CB500200190009062
:106960003648006840F48020344908600520FFF76D
:1069700025FE00BF3148006800F400300090019807
:10698000401C0190009818B90198B0F5A04FF1D1C2
:106990002A48006800F4003010B10120009001E0A6
:1069A000002000900098012846D12448403000681B
:1069B00040F080502149403108602148006840F48F
:1069C00040401F4908601D48083000681B490831D5
:1069D00008600846006840F4004008600846006807
:1069E00040F4A05008601748091F0860081F00689D
:1069F00040F08070091F086000BF1048006800F078
:106A000000700028F9D040F205700F4908600B486B
:106A10000830006820F00300084908310860084683
:106A2000006840F00200086000BF044808300068B9
:106A300000F00C000828F8D11CBD0000003802400E
:106A40000070004019544007003C024070B50446F5
:106A50000D4600260CB905B970BD4048C67840788F
:106A600001283BD13E4800213E4A03C23B48807882
:106A700030B101280FD0022818D003282CD120E0F3
:106A8000364808303549C1F8540132462946204677
:106A9000FFF7DEFE21E0314830303049C1F85401C3
:106AA000324629462046FFF7D3FE16E02B485830E1
:106AB0002A49C1F85401324629462046FFF7C8FE4C
:106AC0000BE0264880302549C1F85401324629465A
:106AD0002046FFF7BDFE00E000BF3CE02248002159
:106AE000204A03C206B904261C48807830B1012828
:106AF0000FD0022818D003282BD11FE01748B03040
:106B00001649C1F85401324629462046FFF7A0FE37
:106B100020E01248D8301149C1F8540132462946C4
:106B20002046FFF795FE15E010480C49C1F85401C6
:106B3000324629462046FFF78BFE0BE00B482830F3
:106B40000649C1F85401324629462046FFF780FE27
:106B500000E000BF00BF00BF7EE70000480000204B
:106B6000C095A905C80100200048E801480100209F
:106B70002DE9F04781464FF47A74F9488078FF2870
:106B800003D0F748C078FF2801D1BDE8F087F4486A
:106B900090F85001012800D1F24CB9F1110F7CD2CC
:106BA000DFE809F0090A0B0C0D0E0F1011127BCF54
:106BB000FEFDFCFBFA0000BF00BF00BF00BF00BF2E
:106BC00000BF00BF00BF00BFE54890F8700101287A
:106BD00004D0E34890F87101012815D10220E04962
:106BE00081F870010021DE4880F8721180F871117F
:106BF00090F87211D0F85801017009FB04F00021DF
:106C0000D94AC2E904019BE0D54890F85001012817
:106C100079D1D34890F87201042805D10321D048D6
:106C2000D0F85801017005E0CD4890F87211D0F805
:106C300058010170CA4890F8720130B1012817D08C
:106C400002282ED003285CD142E0C7480A25D0E9AB
:106C500004310020A3FB052601FB056103FB0015A1
:106C600009FB04F151186841BF4AC2E9041049E028
:106C7000BB4890F87201401CC1B2B94880F872114B
:106C800009FB04F00A21B0FBF1F0B74AD2E9043263
:106C9000C01842F10001B44A00E0DEE3C2E9040199
:106CA00030E0AF4890F87201401CC1B2AC4880F8A7
:106CB000721109FB04F06421B0FBF1F0AA4AD2E999
:106CC0000432C01842F10001A74AC2E9040119E0E8
:106CD000A34890F87201401CC1B2A14880F872111B
:106CE00009FB04F04FF47A71B0FBF1F09E4AD2E94F
:106CF0000432C01842F100019B4AC2E9040101E0DC
:106D000001E000BF1CE00421954880F872110321C6
:106D1000D0F85801017094490A230025D1E90402F2
:106D2000A0FB031602FB036200FB052309FB04F032
:106D30002A460D46281843EB02018B4AC2E904019A
:106D40008CE3874890F87001012810D10220844913
:106D500081F87001084690F85001012807D10421FC
:106D60007F4880F872110321D0F8580101707C48E7
:106D700090F8500101286FD1794890F8720138B12C
:106D8000774890F87201401EC1B2754880F87211C0
:106D9000734890F8720104E085E2C4E141E1C2E089
:106DA000AFE030B101281FD002283DD003286DD1BB
:106DB00053E004EB84004FEA400C6B49D1E90451E5
:106DC000624600232846F9F705FA6748D0E904101F
:106DD0008F1A60EB03010A2200233846F9F7FAF90B
:106DE000614AC2E9040152E05D4890F87201401E18
:106DF000C1B25B4880F872110A20B4FBF0F000EBDE
:106E000080004500002358482A46D0E904713846DE
:106E1000F9F7E0F95448D0E90410891A60EB03004F
:106E2000514AC2E9041032E06420B4FBF0F000EBF8
:106E30008000470000234C483A46D0E904512846D8
:106E4000F9F7C8F94848D0E90410891A60EB030043
:106E5000454AC2E904101AE030E04FF47A70B4FBFE
:106E6000F0F000EB8000470000233F483A46D0E9AD
:106E700004512846F9F7AEF93B48D0E90410891AC5
:106E800060EB0300384AC2E9041000E000BF00BF15
:106E9000334890F87211D0F8580101703048D0F89A
:106EA0005801007860B32E48D0F858010078401E91
:106EB000C1B22B48D0F85801017021E004212848C4
:106EC00080F872110321D0F85801017004EB84009E
:106ED0004FEA400C244862460023D0E9045128467A
:106EE000F9F778F92048D0E904108F1A60EB030114
:106EF0000A2200233846F9F76DF91B4AC2E904015A
:106F0000ACE20120164981F870010021144880F894
:106F1000721190F87211D0F85801017000221248D5
:106F2000026142619AE20E4890F87001012821D175
:106F300002200B4981F87001084690F850010128A1
:106F400018D10846D0F85801007878B10846D0F832
:106F500058010078401CC1B2014880F8721109E064
:106F60004800002040420F00980100200021FE4808
:106F700080F87211FC4890F8500101283FD1FA487E
:106F8000D0F85801007830B101280ED0022819D06D
:106F9000032832D123E0F548D0E90420111940F14B
:106FA0000000F24AC2E9041028E00A20B4FBF0F025
:106FB000EE4BD3E90423801843F10001EB4AC2E908
:106FC00004011BE06420B4FBF0F0E84AD2E904328B
:106FD000C01842F10001E54AC2E904010EE04FF495
:106FE0007A70B4FBF0F0E14BD3E90423801843F14D
:106FF0000001DE4AC2E9040100E000BF10E0042104
:10700000D94880F872110321D0F858010170D7488F
:10701000D0E90420121940F10000D449C1E904204C
:107020001CE2D14890F8700101281BD10220CE4902
:1070300081F87001084690F85001012812D10846E5
:10704000D0F85801007848B10846D0F858010078C7
:10705000401CC1B2C44880F8721103E00021C2484C
:1070600080F87211C04890F85001012847D1BE48FD
:10707000D0F85801007830B1012810D002281DD076
:1070800003283AD129E0B948D0E9042104EB84006F
:10709000101841F10001B54AC2E904012EE004EBE9
:1070A00084000A21B0FBF1F0B04AD2E90432C018E2
:1070B00042F10001AD4AC2E904011FE004EB840083
:1070C0006421B0FBF1F0A94AD2E90432C31842F1BD
:1070D0000001A648C0E9043110E004EB84004FF43D
:1070E0007A71B0FBF1F0A14AD2E90432C01842F142
:1070F00000019E4AC2E9040100E000BF12E0042141
:10710000994880F872110321D0F85801017097480E
:10711000D0E9043004EB8401591840F10000934A8F
:10712000C2E904109AE1904890F8700101281BD13F
:1071300002208D4981F87001084690F8500101281D
:1071400012D10846D0F85801007848B10846D0F866
:1071500058010078401CC1B2834880F8721103E0E6
:107160000021814880F872117F4890F85001012871
:107170007BD17D48D0F85801007830B101281AD071
:10718000022834D003286ED14DE07848D0E904209D
:10719000121B70F1000009D37448D0E90420111BC0
:1071A00060F10000714AC2E9041003E000226F4858
:1071B0000261426158E00A20B4FBF0F06B49D1E96A
:1071C0000431181A71F100010CD30A20B4FBF0F05D
:1071D0006649D1E90421101A61F10001634AC2E94C
:1071E000040103E0002261490A614A613CE0642035
:1071F000B4FBF0F05D49D1E90431181A71F10001D6
:107200000CD36420B4FBF0F15848D0E90430591A8B
:1072100060F10000554AC2E9041003E0002253491E
:107220000A614A6120E04FF47A70B4FBF0F14F48F4
:10723000D0E90430591A70F100000FD34FF47A707E
:10724000B4FBF0F14948D0E90430591A60F100006C
:10725000464AC2E9041005E007E004E00022434882
:107260000261426100E000BF1CE04048D0E9042018
:10727000121B70F1000009D33C48D0E90420111B17
:1072800060F10000394AC2E9041003E000223749E6
:107290000A614A610421344880F872110321D0F850
:1072A00058010170DAE0304890F8700101281BD1D4
:1072B00002202D4981F87001084690F850010128FC
:1072C00012D10846D0F85801007848B10846D0F8E5
:1072D00058010078401CC1B2234880F8721103E0C5
:1072E0000021214880F872111F4890F850010128B0
:1072F0007ED11D48D0F85801007830B101281ED049
:10730000022841D0032874D15EE01848D0E9043047
:1073100004EB8401591A70F100000BD31348D0E933
:10732000043004EB8401591A60F100000F4AC2E9ED
:10733000041003E000220D490A614A616AE004EB8F
:1073400084000A21B0FBF1F10848D0E90430591A51
:1073500070F1000013D304EB84000A21B0FBF1F1BB
:107360000248D0E9043003E04800002098010020E2
:10737000591A60F100004A4AC2E9041003E00022F1
:1073800047490A614A6145E004EB84006421B0FB8F
:10739000F1F14348D0E90430591A70F100000ED3DE
:1073A00004EB84006421B0FBF1F03D49D1E90431E4
:1073B000181A61F100013A4AC2E9040103E0002110
:1073C00037480161416125E004EB84004FF47A7194
:1073D000B0FBF1F03249D1E90431181A71F1000122
:1073E00012D304EB84004FF47A71B0FBF1F101E0A9
:1073F00011E00EE02A48D0E90420511A60F10000A3
:10740000274AC2E9041003E00022254802614261D4
:1074100000E000BF20E02248D0E9043104EB840002
:10742000181A71F100010BD31D48D0E9042004EBB8
:107430008401511A60F10000194AC2E9041003E006
:10744000002217490A614A610421164880F8721126
:107450000321D0F85801017000E000BF00BF1048C0
:10746000D0E906100E4AD2E90432C91A904104D27A
:107470000B48D0E90621C0E904210948D0E90410ED
:10748000084AD2F854210832064BDB7802EBC302DB
:10749000C2E9001001200449088100BFFFF775BB55
:1074A0009801002048000020C806002010B50446BE
:1074B0005748407856490978884203D155480078A2
:1074C000A0427DD0012C44D15148407800F0010009
:1074D000B8B151A003F0A2FD0020594908605948F5
:1074E0008078032805D1E003574908801E20F9F76A
:1074F00077FC00205549086000210220F9F78FFA37
:107500006FE053A003F08AFD01204D4908604D480B
:107510008078032806D14FF400404B4908801E2094
:10752000F9F75EFC0120494908600A20F9F758FC88
:1075300044488078032807D14FF400404249891E0F
:1075400008800A20F9F74CFC00210120F9F767FABE
:1075500047E0022C45D12E48407800F00100B8B138
:1075600045A003F05BFD0020354908604C49C1F897
:10757000B00234488078032805D1A003324908803E
:107580001E20F9F72DFC00210220F9F748FA28E027
:1075900044A003F043FD0120294908602948807870
:1075A000032806D14FF40040274908801E20F9F730
:1075B00017FC0120254908600A20F9F711FC00E0BA
:1075C00025E020488078032807D14FF400401E4969
:1075D000891E08800A20F9F703FC00210120F9F731
:1075E0001EFA3A48007818B138480078012802D1CC
:1075F00000F0E0FD01E000F019FE05484078044984
:107600000870044804704FF4FA70F9F7E9FB10BDF4
:10761000E8010020EA0100205357204D6F646520E7
:10762000746F20566F6C746167652C20506F73699E
:107630007469766520766F6C74616765210D0A0048
:1076400080824242480000201A140240B082404228
:107650005357204D6F646520746F204375727265B7
:107660006E742C20506F736974697665206375722F
:1076700072656E74210D0A005357204D6F646520AA
:10768000746F20566F6C746167652C204E6567615E
:107690007469766520766F6C74616765210D0A00E8
:1076A000008040425357204D6F646520746F204323
:1076B000757272656E742C204E65676174697665AB
:1076C0002063757272656E74210D0A00C00100207E
:1076D0001CB501212020FEF773FE01210220FEF7D8
:1076E0006FFE4FF48050009001208DF804000020C0
:1076F0008DF8060003208DF8050001208DF80700A5
:1077000069460548F9F716FE4FF480500090694627
:107710000248F9F70FFE1CBD0014024000040240AD
:107720001848006820B117480068401E15490860D5
:1077300015480068401C1449086014480068401C43
:107740001249086008460068282804D30020086011
:1077500001200F4908700C48006840F28A218842D5
:1077600003D140200B4948830AE007480068B0F580
:10777000307F05D94020074908830020024908606E
:10778000704700000C0000200400002008000020CA
:10779000100000200010024010B51548006840F4A9
:1077A0007000134908601348006840F00100114957
:1077B000086000200F49083108600E4800680E4933
:1077C00008400C4908600D48091D0860081F006842
:1077D00020F48020091F0860002006490C31086051
:1077E000FFF7BAF84FF0006001498039086010BD1A
:1077F00088ED00E000380240FFFFF6FE1030002464
:1078000010B50121880700F0C0F9D8B10E48006812
:10781000F9F784FC0121880700F0A8F90B4880786B
:1078200002280FD10A480068401C09490860084630
:10783000006808490968884204D9002004490860A2
:10784000FEF7C8F910BD0000080300204800002022
:107850000C0300201003002010B50121314800F076
:1078600094F900285CD030480068401C2E4908601C
:107870002E48007818B12D480078012824D12A48D4
:10788000006800F0010010B10121294881702648EC
:10789000006800F0010010B90021254881702548DA
:1078A0000078C8BB01212248817000201E49086071
:1078B0001C4800884FF6FE7108401A4908800020D5
:1078C00018492431086027E01748006800F00100DB
:1078D00010B10121164881701348006800F00100C2
:1078E00010B90021124881700F480068022813D98E
:1078F0001048007880B901210D48817000200A49A4
:107900000860084800884FF6FE7108400549088065
:1079100000200449243108600121024800F026F9C2
:1079200010BD000000040040E0020020C001002063
:1079300084020020DC02002010B50121674800F01D
:1079400024F9002871D06648007818B1644800789E
:1079500001281FD16349487801220021FDF7FEFB71
:10796000002061490860F9F747FA5E4880780028EE
:107970000FD15E49086001205D49C1F88002594875
:10798000407818B94FF400405A49088001215A48FC
:1079900081709EE053488078032847D1574800689B
:1079A000401C5649086008460068022816D14C4819
:1079B0000078022809D1524A526812685142494A55
:1079C00050780122FDF7CAFB83E04D4A52681168E6
:1079D000444A50780122FDF7C1FB7AE0474800682D
:1079E000032876D34748006849F64041884203D2CD
:1079F000092005F0ABF802E01E2005F0A7F8394990
:107A0000487801220021FDF7A9FB00203E490870BB
:107A1000F9F7F2F900203949086001203B49086074
:107A200000203B49C1F8800253E056E0334800682B
:107A3000401C3249086008460068022816D12848D0
:107A40000078022809D12E4A526812685142254A0C
:107A500050780122FDF782FB3BE0294A5268116809
:107A6000204A50780122FDF779FB32E02348006874
:107A700003282ED32348006849F64041884203D2A8
:107A8000092005F063F802E01E2005F05FF81549B3
:107A9000487801220021FDF761FB002012490860AF
:107AA000F9F7AAF90020154908600E48807880B9D6
:107AB00000200E49086001200D49C1F880020948E4
:107AC000407818B94FF400400A49088001210A485B
:107AD00081700121014800F049F810BD000C004000
:107AE000C00100204800002084824042B08242420F
:107AF000000040421A14024084020020D0020020FC
:107B0000A002002014030020DC020020800240427A
:107B10000000424210B50D48008A00F00100A0B1FB
:107B200000F016FB0A488078401CC0B208498870F3
:107B30000A2804DB00F008FB002005498870034890
:107B4000008A20F001000149088210BD00100040A9
:107B5000C806002021B1028842F08002028004E0C1
:107B600002884FF67F731A4002807047CA43028230
:107B7000704721B1028842F00102028004E00288CD
:107B80004FF6FE731A400280704730B5024600205F
:107B900000230024158A05EA0103958905EA0104FA
:107BA00013B10CB1012000E0002030BD1AB183896F
:107BB0000B43838102E083898B43838170470000FC
:107BC00070B5002400220023058C4FF6FE76354068
:107BD0000584028C8388048B4FF68F752C40B51E6C
:107BE0002C400D882C43751E2A408D892A434D88D0
:107BF0002A43104DA84202D00F4DA84213D14FF690
:107C0000F7752A40CD892A434FF6FB752A408D88A7
:107C10002A434FF6FF652B404FF6FF552B400D8A48
:107C20002B434D8A2B43838004838D6845630284F4
:107C300070BD000000000140000401400A46002120
:107C4000018B4FF6F773194011430183704741636D
:107C50007047000000220288184B98420ED0184B43
:107C600098420BD0B0F1804F08D0164B984205D007
:107C7000154B984202D0154B984204D14FF68F73A2
:107C80001A404B881A43124B984207D0114B984226
:107C900004D04FF6FF431A400B891A4302804B6809
:107CA000C3620B880385054B984202D0044B98426F
:107CB00001D18B7A03860123838270470000014043
:107CC000000401400004004000080040000C004097
:107CD000001000400014004010B51C4840890028E6
:107CE00033DD1A484089B0F57A7F2EDA174840898B
:107CF000401C1649488108464089FA2825DD144869
:107D0000007878B112480078042803DB0E20FEF7D3
:107D10002FFF02E00D20FEF72BFF00200C4908701A
:107D20000A4948810B48007878B10A48007804284D
:107D300003DB1020FEF71CFF02E00F20FEF718FF08
:107D40000020044908700149488110BDC806002080
:107D5000E4020020E50200200288002A05DD0288F6
:107D60008A4202DA0288521C028070470188002988
:107D700002DD0188491E018070477FB505460C462B
:107D800001210846FEF73CFB1C208DF80000012075
:107D90008DF8010002208DF8020001208DF803000B
:107DA0006846FDF781F90295ADF804400020ADF872
:107DB0000600ADF80C0001A94FF08040FFF74AFF24
:107DC000012211469007FFF7F1FE7FBD7FB5054602
:107DD0000C4601210220FEF713FB1D208DF8000048
:107DE00002208DF8010003208DF8020001208DF89B
:107DF00003006846FDF758F90295ADF804400020ED
:107E0000ADF80600ADF80C0001A90648FFF722FF07
:107E100001210448FFF7AAFE012211460148FFF79D
:107E2000C5FE7FBD000400407FB505460C4601211C
:107E30000820FEF7E5FA32208DF8000001208DF8C9
:107E4000010002208DF8020001208DF80300684631
:107E5000FDF72AF90295ADF804400020ADF80600C0
:107E6000ADF80C0001A90648FFF7F4FE0121044813
:107E7000FFF77CFE012211460148FFF797FE7FBD08
:107E8000000C00407FB505460C4601211020FEF78E
:107E9000B7FA0295ADF804400020ADF80600ADF841
:107EA0000C0001A90D48FFF7D5FE012211460B4831
:107EB000FFF77CFE01210948FFF75BFE36208DF8B5
:107EC000000002208DF8010003208DF8020001203F
:107ED0008DF803006846FDF7E7F87FBD001000400D
:107EE00010B52DED0C8B8AB0B0EE408A002008EE64
:107EF000900A9FED4D0AB0EE409A01211020FEF746
:107F00005FFA01210804FEF79BFA03220521474886
:107F1000F9F758FA2020089002208DF8240000205C
:107F20008DF8260003208DF8250001208DF827000C
:107F300008A93E48F9F7FEF920213C48F9F765FA0F
:107F40009FED3B0AB0EE409AB5EEC09AF1EE10FA02
:107F500003D8B7EE000AB0EE409AB5EEC08AF1EE53
:107F600010FA03D29FED300AB0EE408A9FED310A3D
:107F7000B4EEC08AF1EE10FA03DD9FED2B0AB0EEED
:107F8000408A2D4808EE900AF8EE680A80EE890AC9
:107F9000F7EE000A30EE600ABCEEC00A8DED060A6C
:107FA0000120ADF814000020ADF81600ADF81C005B
:107FB00005A92248FFF74EFE6020ADF80000012021
:107FC000ADF80200F8EE680A80EE890AF7EE000AC2
:107FD00030EE600A10EE104A2046F8F758FB41ECEC
:107FE0001B0B18EE100AF8F752FB41EC1D0B9FED2E
:107FF000140B53EC102BF8F776FA41EC1C0B53ECF6
:108000001B2BF8F7FEF941EC1A0BF8F727FB02904F
:108010000020ADF80C0069460848FFF7D1FD0AB012
:10802000BDEC0C8B10BD00000000000000100240F1
:1080300000007A440000C84280DE80020040014017
:1080400000000000000059401CB5202000900220D4
:108050008DF8040000208DF8060001208DF807003F
:1080600003208DF8050069460A48F9F763F90322F1
:1080700005210848F9F7A6F908210748FFF7DEFDB2
:1080800001210548FFF766FD01210348FFF771FD57
:108090001CBD0000001002400040014070B52DEDF5
:1080A0000C8BB0EE408A002008EE900A9FED200A6B
:1080B000B0EE409A9FED1F0AB0EE409AB5EEC09A1E
:1080C000F1EE10FA03D8B7EE000AB0EE409A1A4863
:1080D00008EE900AF8EE680A80EE890AF7EE000AC8
:1080E00030EE600A10EE105A2846F8F7D0FA41EC4C
:1080F0001B0B18EE100AF8F7CAFA41EC1D0B9FEDA6
:108100000F0B53EC102BF8F7EEF941EC1C0B53EC72
:108110001B2BF8F776F941EC1A0BF8F79FFA044697
:1081200021460848FFF793FDBDEC0C8B70BD0000A5
:108130000000000000007A4480DE800200000000A1
:10814000000059400040014010B503F0DFFC10BDB5
:1081500010B5FFF7C1FD1448FFF708FE1248801C58
:10816000FFF704FE1148FFF701FE1048001DFFF75E
:10817000FDFD0E480830FFF7F9FD4EF66A210A486A
:10818000001DFFF7E9FD0848001FC0680849884244
:1081900004D20548001FC068401C00E000200249CE
:1081A000091FC86010BD0000CC060020DA060020C0
:1081B000005C260500B585B001210220FEF700F91C
:1081C00001218803FEF73CF90120039000208DF87F
:1081D000100001208DF8130003A91348F9F7AAF83D
:1081E00000210120FEF798FB0120009000208DF86F
:1081F000040010208DF8050001208DF80600684667
:10820000F8F742FF06208DF8080001208DF80900DC
:1082100000208DF80A0001208DF80B0002A8FCF761
:1082200043FF05B000BD00000004024000B585B06A
:1082300001210220FEF7C4F801218803FEF700F9AE
:108240000120039000208DF8100001208DF813000C
:1082500003A91348F9F76EF800210120FEF75CFB33
:108260000120009000208DF8040008208DF8050002
:1082700001208DF806006846F8F706FF06208DF805
:10828000080001208DF8090000208DF80A00012067
:108290008DF80B0002A8FCF707FF05B000BD000039
:1082A000000402401CB501210220FEF789F80220DB
:1082B000009001208DF8040000208DF806000320B6
:1082C0008DF8050001208DF8070069460348F9F78D
:1082D00031F80020024908601CBD00000004024083
:1082E000848240421FB5FB48807801281ED0F9489F
:1082F000807820B9F8A1FA4802F0A0FE07E0F5481E
:108300008078022803D1F7A1F54802F097FEF748DC
:10831000807818B1F5488078032803D10020F4490B
:10832000086011E00120F24908600DE0E94880781A
:10833000012809D1EFA1EA4802F080FE0020EC49B3
:108340000860EE49C1F88402E8480078012804D1A9
:108350000020E7490831086003E00120E4490831C2
:108360000860E7480078002869D10390E5A1DC485F
:108370001E3002F063FE002003900CE0039800F52D
:10838000C27080B20022FA210290F9F79DFF039893
:10839000401C80B2039003981428EFDB0020039068
:1083A0000EE00398C0F1FA0080B20022014602906C
:1083B0004FF4CC70F9F788FF0398401C80B203900B
:1083C00003981228EDDB002003900CE0039800F5E1
:1083D000CC7080B20022E8210290F9F775FF039873
:1083E000401C80B2039003982828EFDB0020039004
:1083F0000EE00398C0F1FA0080B20022014602901C
:108400004FF4E070F9F760FF0398401C80B20390CE
:1084100003981228EDDB002003900CE0039800F590
:10842000E07080B20022FA210290F9F74DFF039824
:10843000401C80B2039003981428EFDBBAE1B048E7
:108440000078012869D100200390AFA1A4481E3014
:1084500002F0F4FD002003900CE0039800F5C270D8
:1084600080B20022FA210290F9F72EFF0398401CF7
:1084700080B2039003981428EFDB002003900DE0F6
:108480000398FA3080B20022014602904FF4CC707B
:10849000F9F71AFF0398401C80B203900398122842
:1084A000EEDB002003900DE0039800F5CC7080B265
:1084B00000224FF486710290F9F706FF0398401CE2
:1084C00080B2039003982828EEDB002003900DE093
:1084D0000398FA3080B20022014602904FF4E07017
:1084E000F9F7F2FE0398401C80B20390039812281B
:1084F000EEDB002003900CE0039800F5E07080B202
:108500000022FA210290F9F7DFFE0398401C80B2A6
:10851000039003981428EFDB4CE179480078022897
:108520007ED10020039079A16D481E3002F086FDB7
:10853000002003900CE0039800F5C27080B2002286
:10854000FA210290F9F7C0FE0398401C80B2039014
:1085500003981428EFDB002003900EE00398C0F18D
:10856000FA0080B20022014602904FF4CC70F9F775
:10857000ABFE0398401C80B2039003981228EDDBF9
:10858000002003900CE0039800F5CC7080B200222C
:10859000E8210290F9F798FE0398401C80B20390FE
:1085A00003981428EFDB002003900DE00398E830D7
:1085B00080B20022014602904FF4D670F9F784FE93
:1085C0000398401C80B2039003982428EEDB00201F
:1085D00003900DE0039800F5D67080B200224FF4AE
:1085E00086710290F9F770FE0398401C80B20390E8
:1085F00003981428EEDB002003900DE00398FA3076
:1086000080B20022014602904FF4E070F9F75CFE60
:108610000398401C80B2039003981228EEDB00E020
:1086200013E0002003900CE0039800F5E07080B2A6
:108630000022FA210290F9F747FE0398401C80B20D
:10864000039003981428EFDBB4E00020039030A1DE
:1086500023481E3002F0F2FC002003900CE0039847
:1086600000F5C27080B20022FA210290F9F72CFEC8
:108670000398401C80B2039003981428EFDB00207D
:1086800003900DE00398FA3080B200220146029078
:108690004FF4CC70F9F718FE0398401C80B2039099
:1086A00003981228EEDB002003900DE0039800F5FC
:1086B000CC7080B200224FF486710290F9F704FE6C
:1086C0000398401C80B2039003981428EEDB00202E
:1086D000039030E08402002052756E6E696E670070
:1086E0002A050020506175736500000048000020D5
:1086F0008002424253746F7000000000000042424A
:10870000C0010020200000002020000020202000C8
:1087100020202020000000000398C0F5867080B261
:108720000022014602904FF4D670F9F7CDFD039870
:10873000401C80B2039003982428EDDB00200390B6
:108740000CE0039800F5D67080B20022E821029078
:10875000F9F7BAFD0398401C80B2039003981428DF
:10876000EFDB002003900EE00398C0F1FA0080B226
:108770000022014602904FF4E070F9F7A5FD03983E
:10878000401C80B2039003981228EDDB0020039078
:108790000CE0039800F5E07080B20022FA2102900C
:1087A000F9F792FD0398401C80B2039003981428B7
:1087B000EFDB00BFFC48407801287DD1FBA1FD48DC
:1087C00002F03CFCF848807830B1012875D00228CE
:1087D00074D0032873D1FDE3F7A1F6485A3002F0B4
:1087E0002DFCF7A1F3486A3002F028FCF6A1F1480D
:1087F0007A3002F023FCF6A1EE488A3002F01EFC2B
:10880000F5A1EC489A3002F019FCF6A1E948B03025
:1088100002F014FCAFF22011E648C63002F00EFC64
:10882000AFF22C11E348DC3002F008FCDE4840795E
:1088300000F0020058B3DC48C078012813D1DA48B0
:1088400090F8700178B10120D74910310090D1E93A
:10885000020102460B46CDE90201D649F231012060
:1088600002F05EFB0EE00020CF4910310090D1E90C
:10887000020102460B46CDE90201CE49F231012048
:1088800002F04EFBDAA1DB4802F0D8FB2FE0C6482D
:10889000C078012818D1C44890F87001A0B1012017
:1088A000C14910310090D1E9020102460B46CDE9E1
:1088B0000201D049A03903E0FEE389E001E2FCE3D4
:1088C000002002F02DFB0EE00020B749103100908F
:1088D000D1E9020102460B46CDE90201C549A039A2
:1088E000002002F01DFBC4A1C24802F0A7FBAE4865
:1088F000407900F0010048B3AB48C07890B9AA486D
:1089000090F8700170B10120A7490090D1E90401ED
:1089100002460B46CDE90201B6497839012002F042
:10892000FFFA0DE00020A0490090D1E904010246C1
:108930000B46CDE90201AF497839012002F0F0FA87
:10894000AEA1AC480A3002F079FB28E09648C07826
:1089500090B9954890F8700170B10120924900904B
:10896000D1E9040102460B46CDE90201A14978395B
:10897000002002F0D5FA0DE000208B490090D1E9EB
:10898000040102460B46CDE902019A4978390020DC
:1089900002F0C6FA9AA197480A3002F04FFBAFF2F4
:1089A000A8219448503802F049FBAFF2B421914815
:1089B000143002F043FBAFF2C0218E48283802F099
:1089C0003DFBAFF2CC218B481E3002F037FB46E373
:1089D00079A178485A3002F031FB79A175486A30A4
:1089E00002F02CFB78A173487A3002F027FB78A1C3
:1089F00070488A3002F022FB77A16E489A3002F06C
:108A00001DFB78A16B48B03002F018FB7DA16948CE
:108A1000C63002F013FBAFF220317648B63802F0D0
:108A20000DFB6148407900F0020058B35E48C07801
:108A3000012813D15C4890F8700178B101205A499F
:108A400038310090D1E9020102460B46CDE902011E
:108A50006849A039012002F063FA0EE00020524973
:108A600038310090D1E9020102460B46CDE90201FE
:108A70006049A039012002F053FA5DA15D4802F07F
:108A8000DDFA2AE04848C078012813D1464890F81A
:108A9000700178B10120444938310090D1E90201D8
:108AA00002460B46CDE902015249A039002002F0EE
:108AB00037FA0EE000203C4938310090D1E902013C
:108AC00002460B46CDE902014A49A039002002F0D6
:108AD00027FA49A1474802F0B1FA3348407900F03B
:108AE000010048B33048C07890B92F4890F8700121
:108AF00070B101202C490090D1E90E0102460B46CD
:108B0000CDE902013B497839012002F009FA0DE074
:108B1000002025490090D1E90E0102460B46CDE91F
:108B2000020134497839012002F0FAF933A13148C1
:108B30000A3002F083FA28E01B48C07890B91A483E
:108B400090F8700170B1012017490090D1E90E0131
:108B500002460B46CDE9020126497839002002F091
:108B6000DFF90DE0002010490090D1E90E01024626
:108B70000B46CDE902011F497839002002F0D0F9F7
:108B80001FA11C480A3002F059FA0748407900F04A
:108B90000400E8B30448C078022848D1024890F89D
:108BA0007001B0B3012035E048000020566F6C74AE
:108BB000616765000C05002053696E676C650000F5
:108BC0004672656552756E00547261696E000000F0
:108BD000457874426E63000050756C736557696424
:108BE00074680000416D706C697475646500000004
:108BF0006D7300009E0600207E730000560000008A
:108C00006D5600004672657175656E6379000000EF
:108C100020E00CE0FE490090D1E9040102460B4639
:108C2000CDE90201FB49012002F07AF90CE00020B5
:108C3000F7490090D1E9040102460B46CDE9020153
:108C4000F449012002F06CF9F3A1F248643002F01B
:108C5000F5F929E0EE483838C078022812D1EC48FE
:108C6000383890F8700168B10120E9490090D1E9E5
:108C7000040102460B46CDE90201E649012002F05B
:108C80004FF90CE00020E2490090D1E904010246CE
:108C90000B46CDE90201DF49012002F041F9DFA1D5
:108CA000DC48643002F0CAF9AFF2B451D948283038
:108CB00002F0C4F9AFF2C051D6486E3002F0BEF9EE
:108CC00015E3AFF20C11D348E83802F0B7F9AFF270
:108CD0001011D048D83802F0B1F9AFF21411CD48D4
:108CE000C83802F0ABF9AFF21811CA48B83802F030
:108CF000A5F9AFF21C11C748A83802F09FF9AFF2EE
:108D00001C11C448923802F099F9AFF20811C14819
:108D10007C3802F093F9C2A1BE48663802F08EF9A1
:108D2000BB483838407900F0020078B3B84838388A
:108D3000C078012814D1B648383890F8700178B15D
:108D40000120B34928310090D1E9020102460B46C7
:108D5000CDE90201AF495039012002F0E1F80EE0FF
:108D60000020AB4928310090D1E9020102460B46B0
:108D7000CDE90201A7495039012002F0D1F8AFF244
:108D80009011A448503002F059F92FE0FFE7A048B5
:108D90003838C078012814D19D48383890F87001CF
:108DA00078B101209A4928310090D1E902010246A8
:108DB0000B46CDE9020197495039002002F0B0F886
:108DC0000EE00020924928310090D1E902010246CC
:108DD0000B46CDE902018F495039002002F0A0F87E
:108DE000AFF2EC118B48503002F028F9884838383F
:108DF000407900F0010070B385483838C078A0B9D8
:108E00008348383890F8700178B1012080493839AA
:108E10000090D1E9180102460B46CDE902017D49D7
:108E20002839012002F07CF80EE00020784938391A
:108E30000090D1E9180102460B46CDE902017549BF
:108E40002839012002F06CF8AFF2502171485A30F5
:108E500002F0F4F82EE0FFE76D483838C078A0B98A
:108E60006B48383890F8700178B10120684938397A
:108E70000090D1E9180102460B46CDE9020165498F
:108E80002839002002F04CF80EE000206049383903
:108E90000090D1E9180102460B46CDE902015D4977
:108EA0002839002002F03CF8AFF2AC2159485A3082
:108EB00002F0C4F856483838407900F0040060B336
:108EC00053483838C078022813D15148383890F8C0
:108ED000700170B101204E4928310090D1E90401A0
:108EE00002460B46CDE902014A49012002F018F87A
:108EF0000DE00020464928310090D1E904010246E6
:108F00000B46CDE902014349012002F009F842A1D4
:108F10004048643002F092F82BE03D483838C07881
:108F2000022813D13A48383890F8700170B1012006
:108F3000374928310090D1E9040102460B46CDE9BA
:108F400002013449012001F0EBFF0DE0002030491F
:108F500028310090D1E9040102460B46CDE9020117
:108F60002C49012001F0DCFF2CA12A48643002F0DA
:108F700065F827483838407900F0080058B324488D
:108F80003838C078032814D12148383890F8700157
:108F900078B101201E4928310090D1E9060102462E
:108FA0000B46CDE902011B492831012001F0B8FF31
:108FB0000EE00020164928310090D1E90601024652
:108FC0000B46CDE9020113492831012001F0A8FF29
:108FD00016A101E044E004E00E486E3002F02EF8E5
:108FE0003DE00B483838C078032825D10848383888
:108FF00090F8700100B30120009005483838C16F27
:10900000806F02460B46CDE90201024928310FE08C
:10901000800000204E0600204B487A00487A00006D
:109020004475726174696F6E000000007300000087
:10903000002001F075FF0CE00020F7490090D1E915
:10904000060102460B46CDE90201F449002001F079
:1090500067FFAFF26441F148463001F0EFFF46E1AF
:10906000AFF2AC41EE4801F0E9FFAFF2AC41EC48A1
:10907000103001F0E3FFAFF2B041E948203001F0D9
:10908000DDFFAFF2B441E648303001F0D7FFAFF278
:10909000AC41E348563001F0D1FFAFF27401E04833
:1090A0006C3001F0CBFFAFF28001DD48823001F07F
:1090B000C5FFDC48007801E01AE117E118B1D94892
:1090C0000078012812D1AFF2A001D548403001F05C
:1090D000B5FFAFF2AC01D148783801F0AFFFAFF285
:1090E000B801CE48283001F0A9FF84E0AFF2185152
:1090F000CB48403001F0A2FFC7486038407900F00B
:10910000020078B3C4486038C078012814D1C2483E
:10911000603890F8700178B10120BF492831009083
:10912000D1E9020102460B46CDE90201BB4978397B
:10913000012001F0F5FE0EE00020B7492831009033
:10914000D1E9020102460B46CDE90201B349783963
:10915000012001F0E5FEAFF26851B048283001F07F
:109160006DFF2FE0FFE7AC486038C078012814D1CC
:10917000A948603890F8700178B10120A6492831DB
:109180000090D1E9020102460B46CDE90201A34954
:109190007839002001F0C4FE0EE000209E492831FD
:1091A0000090D1E9020102460B46CDE902019B493C
:1091B0007839002001F0B4FEAFF2C451974828304E
:1091C00001F03CFF98480168436893482030D0E99B
:1091D0000442614083EA020001430CD08E482030F3
:1091E000D0E90410904A1160506016228E49891E01
:1091F000E620F7F7F4FC88486038407900F0010079
:1092000070B385486038C078A0B98348603890F85A
:10921000700178B10120804920310090D1E902012C
:1092200002460B46CDE902017C495039012001F08C
:1092300077FE0EE00020009077482030C1688068FB
:1092400002460B46CDE9020174495039012001F074
:1092500067FEAFF258617148323001F0EFFE2DE049
:109260006D486038C078A0B96B48603890F87001DC
:1092700078B10120684920310090D1E9020102460D
:109280000B46CDE9020165495039002001F048FE46
:109290000EE00020604920310090D1E90201024631
:1092A0000B46CDE902015D495039002001F038FE3E
:1092B000AFF2B4615948323001F0C0FEAFF29821EC
:1092C0005648283801F0BAFEAFF2A42153483C308A
:1092D00001F0B4FEAFF2B021504801F0AFFEAFF2A2
:1092E000B8214E48463001F0A9FE00E000BFFCE383
:1092F0004EA14B485A3801F0A1FE474860388078AB
:1093000030B101286AD0022869D0032868D1EDE382
:10931000AFF25C71424801F091FEAFF25C714048DF
:10932000103001F08BFEAFF260713D48203001F04B
:1093300085FEAFF264713A48303001F07FFEAFF243
:1093400068713748403001F079FEAFF268713448F7
:10935000563001F073FEAFF2303131486C3001F01D
:109360006DFEAFF23C312E48823001F067FE2A4894
:109370006038407900F0020078B327486038C07840
:10938000012814D12448603890F8700178B1012088
:10939000214958310090D1E9020102460B46CDE93E
:1093A00002011E497839012001F0BAFD0EE00020CB
:1093B000194958310090D1E9020102460B46CDE926
:1093C000020116497839012001F0AAFDAFF2E071DF
:1093D0001248283001F032FE3FE002E0B7E023E21D
:1093E000FEE30D486038C078012823D10A48603870
:1093F00090F87001F0B10120074958310090D1E98F
:10940000020102460B46CDE90201044978390020E9
:1094100001F086FD1BE00000A80000207606002079
:1094200066050020C00100204A03002043757272C7
:10943000656E74000020F8490090D1E902010246EF
:109440000B46CDE90201F549002001F069FDAFF6B8
:109450005801F248A03001F0F1FDEF48B8384079EA
:1094600000F0100068B3EC48B838C078A0B9EA48FA
:10947000B83890F8700178B10120E74908390090B8
:10948000D1E9020102460B46CDE90201E349283148
:10949000012001F045FD0EE00020DF490839009071
:1094A000D1E9020102460B46CDE90201DB49283130
:1094B000012001F035FDDAA1D848AA3001F0BEFD47
:1094C0002CE0D548B838C078A0B9D348B83890F85F
:1094D000700178B10120D04908390090D1E902012A
:1094E00002460B46CDE90201CC492831002001F0AB
:1094F00017FD0EE00020C84908390090D1E90201AB
:1095000002460B46CDE90201C4492831002001F092
:1095100007FDC4A1C148AA3001F090FDAFF2F841A7
:10952000BE48503001F08AFDAFF20451BB48B43060
:1095300001F084FDAFF21051B848783001F07EFDA3
:10954000AFF21C51B548BE3001F078FD16E3AFF61E
:109550009811B248983801F071FDAFF69C11AF48F0
:10956000883801F06BFDAFF6A011AC48783801F0F7
:1095700065FDAFF6A411A948683801F05FFDAFF6AC
:10958000A811A648583801F059FDAFF6A811A34814
:10959000423801F053FDAFF69411A0482C3801F089
:1095A0004DFDAFF27C519D48163801F047FD9A48B9
:1095B000B838407900F0020068B39748B838C078EE
:1095C000012813D19448B83890F8700170B1012087
:1095D0000090914820304169006902460B46CDE970
:1095E00002018E49012001F09BFC0DE0002000905B
:1095F000894820304169006902460B46CDE90201E5
:109600008649012001F08CFCAFF61C218348A03074
:1096100001F014FD2CE08048B838C078012813D13F
:109620007D48B83890F8700170B101207A4928312E
:109630000090D1E9020102460B46CDE902017749CB
:10964000002001F06DFC0DE00020734928310090EE
:10965000D1E9020102460B46CDE902016F49002023
:1096600001F05EFCAFF670216C48A03001F0E6FC22
:109670006948B838407900F0100068B36648B838D7
:10968000C078A0B96448B83890F8700178B101206A
:10969000614920310090D1E9020102460B46CDE933
:1096A00002015E492831012001F03AFC0EE0002061
:1096B000594920310090D1E9020102460B46CDE91B
:1096C000020156492831012001F02AFC54A15348D7
:1096D000AA3001F0B3FC2CE04F48B838C078A0B9EC
:1096E0004D48B83890F8700178B1012000904A4890
:1096F0002030C168806802460B46CDE90201474927
:109700002831002001F00CFC0EE0002000904248BF
:109710002030C168806802460B46CDE902013F490E
:109720002831002001F0FCFB3EA13C48AA3001F0AA
:1097300085FC3948B838407900F0040078B33648E1
:10974000B838C078022814D13348B83890F870017E
:1097500078B10120304928310090D1E90401024656
:109760000B46CDE902012D495031012001F0D8FB13
:109770000EE00020284928310090D1E9040102467A
:109780000B46CDE9020125495031012001F0C8FB0B
:10979000AFF27C712148B43001F050FC2FE0FFE7BC
:1097A0001D48B838C078022814D11B48B83890F842
:1097B000700178B10120009017482030C16980699C
:1097C00002460B46CDE9020114495031012001F057
:1097D000A7FB0EE0002000900F482030C16980698F
:1097E00002460B46CDE902010C495031012001F03F
:1097F00097FBAFF2D8710948B43001F01FFCAFF20B
:10980000D8710648783001F019FCAFF2E4710348D2
:10981000BE3001F013FCF2E200010020FE05002042
:109820006D4100007E410000AFF67441FE4801F03A
:1098300005FCAFF67441FC48103001F0FFFBAFF6B9
:109840007841F948203001F0F9FBAFF67C41F64849
:10985000303001F0F3FBAFF68041F348403001F0C7
:10986000EDFBAFF68041F048563001F0E7FBAFF674
:109870006C41ED486C3001F0E1FBAFF65C01EA4869
:10988000823001F0DBFBE948407900F0020058B378
:10989000E648C078012812D1E44890F8700170B110
:1098A0000120E3490090D1E9020102460B46CDE9CF
:1098B0000201DD499831012001F032FB0EE0002069
:1098C0000090DB4808384169006902460B46CDE943
:1098D0000201D5499831012001F022FBAFF6F04199
:1098E000D44801F0ABFB29E0D048C078012812D160
:1098F000CE4890F8700170B10120CD490090D1E9B7
:10990000020102460B46CDE90201C7499831002009
:1099100001F006FB0DE00020C5490090D1E90201ED
:1099200002460B46CDE90201BF499831002001F003
:10993000F7FAAFF63C51BF4801F080FBBB484079D5
:1099400000F0100060B3B948C07898B9B74890F8F3
:10995000700178B101200090B5480838C16880686E
:1099600002460B46CDE90201B2497839012001F0E7
:10997000D7FA0EE00020AE4908390090D1E9020183
:1099800002460B46CDE90201AA497839012001F0CF
:10999000C7FAAFF27411A7480A3001F04FFB2BE071
:1099A000A248C07898B9A14890F8700178B1012018
:1099B0009F4908390090D1E9020102460B46CDE9E2
:1099C00002019C497839002001F0AAFA0EE000203B
:1099D000974908390090D1E9020102460B46CDE9CA
:1099E000020194497839002001F09AFAAFF2CC11C3
:1099F00090480A3001F022FB8C48407900F00400C6
:109A000068B38A48C078022813D1884890F870015A
:109A100078B10120009086480838C1698069024603
:109A20000B46CDE9020183495039012001F078FA53
:109A30000EE0002000907E480838C1698069024627
:109A40000B46CDE902017B495039012001F068FA4B
:109A5000AFF63C217748143001F0F0FA2BE0734860
:109A6000C078022813D1714890F8700178B10120B4
:109A700000906F480838C169806902460B46CDE9FD
:109A800002016C495039012001F04AFA0DE0002032
:109A900067490090D1E9040102460B46CDE9020175
:109AA00064495039012001F03BFAAFF6902161483A
:109AB000143001F0C3FA5D48407900F0080078B333
:109AC0005A48C078032815D1584890F8700188B1D9
:109AD000012057490090D1E9060102460B46CDE925
:109AE000020154492839012001E089E147E001F0F1
:109AF00017FA0EE0002000904D480838416A006ACD
:109B000002460B46CDE902014A492839012001F0FD
:109B100007FAAFF6E82147481E3001F08FFA2DE032
:109B2000FFE74248C078032813D1404890F87001FD
:109B300078B1012000903E480838416A006A024628
:109B40000B46CDE902013B492839002001F0E8F934
:109B50000EE00020009036480838416A006A02464C
:109B60000B46CDE9020133492839002001F0D8F92C
:109B7000AFF684712F481E3001F060FA3FE1AFF676
:109B8000C871294801F05AFAAFF6CC712648103056
:109B900001F054FAAFF6D0712348203001F04EFAAC
:109BA000AFF6D4712048303001F048FAAFF6CC71EE
:109BB0001D48563001F042FAAFF694311A486C3025
:109BC00001F03CFAAFF6A0311748823001F036FAC6
:109BD0001948007818B118480078012813D100E01E
:109BE0000CE1AFF6BC311048403001F027FAAFF677
:109BF000C8310D48983001F021FAAFF6D4310D4844
:109C000001F01CFA83E00D490748403001F016FAD4
:109C10000648407900F00200B0B30448C07801283B
:109C20001FD102480CE0000066050020480000201B
:109C3000500100209E060020C0010020D88B0008A3
:109C400090F8700168B101206E490090D1E90201DD
:109C500002460B46CDE902016B49012001F060F993
:109C60000CE0002067490090D1E9020102460B4652
:109C7000CDE902016449012001F052F963A1624873
:109C8000A03001F0DBF929E0FFE76148C078012846
:109C900012D15F4890F8700170B1012000905948CE
:109CA00008384169006902460B46CDE90201564970
:109CB000002001F035F90CE0002052490090D1E974
:109CC000020102460B46CDE902014F49002001F096
:109CD00027F950A14C48A03001F0B0F94E48016876
:109CE000426848480838D0E90434594082EA040000
:109CF00001430CD043480838D0E90410464A1160AB
:109D00005060162244490A39E620F6F768FF4048B9
:109D1000407900F0100060B33D48C07898B93C48E5
:109D200090F8700178B10120364908390090D1E9E6
:109D3000020102460B46CDE90201334928310120D8
:109D400001F0EEF80EE0002000902E480838C168BF
:109D5000806802460B46CDE902012B4928310120DB
:109D600001F0DEF8AFF248512748AA3001F066F959
:109D70002BE02748C07898B9254890F8700178B151
:109D8000012000901F480838C168806802460B46D1
:109D9000CDE902011C492831002001F0C1F80EE094
:109DA0000020009017480838C168806802460B46BA
:109DB000CDE9020114492831002001F0B1F8AFF2D9
:109DC0009C511148AA3001F039F9AFF6A4510E4860
:109DD000503001F033F9AFF6B0510B48B43001F018
:109DE0002DF9AFF6BC510848783001F027F9AFF6ED
:109DF000C8510548BE3001F021F900E000BF00BFA6
:109E00001FBD000078010020FE0500206D730000DA
:109E1000480000207E7300005203002008B542F283
:109E20000410F8F7D5F94FF4AD40D6239E22002157
:109E300000909420F8F788FA08BD000000B585B0BE
:109E4000FE4890F8BA01012803D10220FB4981F8AD
:109E5000BA01FA490F31F948F6F706FA20B9F7487E
:109E600090F8BA0102281BD146F2C330F4490880A9
:109E700000204880084640880988F04A1823CDE928
:109E80000132CDE903102A209E23E5220021009013
:109E90000620FBF767FAE94901F10F00F6F7F2F93E
:109EA000E6492D31A1F10F00F6F7DEF920B9E348BC
:109EB00090F8BA01022827D1E2488078012804D11D
:109EC0004FF44840DE49088003E04FF4AD40DC49E0
:109ED00008800020DA494880084640880988D74A27
:109EE0001E321823CDE90132CDE903102A209E232A
:109EF000E522A42100900720FBF734FACF491E3158
:109F000001F10F00F6F7BEF9CC494B31A1F10F007A
:109F1000F6F7AAF920B9C94890F8BA0102281ED16B
:109F20004FF2E760C6490880002048800846408814
:109F30000988C24A3C321823CDE90132CDE9031029
:109F40002A209E23E5224FF4A47100900820FBF7FD
:109F500009FABA493C3101F10F00F6F793F9B74914
:109F60006231A1F10800F6F77FF920B9B34890F803
:109F7000BA01022853D1B448807828BB4FF4AD40D1
:109F8000AF49088000204880084641880088AB4AD5
:109F90005A321823CDE90132CDE903013420882358
:109FA0000022114600900120FBF7DCF94FF4AD4090
:109FB000A34908800846008834239322002100909A
:109FC0008920F8F7C1F924E04AF655509C490880E9
:109FD00000204880084640880988984A5A32182349
:109FE000CDE90132CDE90310342088230022114647
:109FF00000900120FBF7B6F942F204109049088066
:10A000000846008834239322002100908920F8F725
:10A010009BF98A495A3101F10800F6F733F987496B
:10A020007231A1F10800F6F71FF920B9834890F8C2
:10A03000BA01022854D184488078012825D14FF4F0
:10A04000AD407F490880002048800846418800884C
:10A050007A4A6A321823CDE90132CDE9030134206E
:10A0600088233622002100900120FBF77BF94FF472
:10A07000AD4073490880084600886A239322362140
:10A0800000908920F8F760F924E04AF655506C49B1
:10A09000088000204880084640880988674A6A325C
:10A0A0001823CDE90132CDE903103420882336226C
:10A0B000002100900120FBF755F942F2041060499D
:10A0C0000880084600886A23932236210090892060
:10A0D000F8F73AF959496A3101F10800F6F7D2F870
:10A0E00056498231A1F10800F6F7BEF820B953486D
:10A0F00090F8BA01022854D153488078022825D11B
:10A100004FF4AD404E490880002048800846408802
:10A1100009884A4A7A321823CDE90132CDE9031081
:10A12000342088236C22002100900120FBF71AF9CB
:10A130004FF4AD404249088008460088A02393228E
:10A140006C2100908920F8F7FFF824E04AF655507A
:10A150003B49088000204880084640880988374AE3
:10A160007A321823CDE90132CDE903103420882357
:10A170006C22002100900120FBF7F4F842F2041059
:10A180002F49088008460088A02393226C21009064
:10A190008920F8F7D9F829497A3101F10800F6F752
:10A1A00071F826499231A1F10800F6F75DF820B95F
:10A1B000224890F8BA0102285CD12348807803280D
:10A1C00025D14FF4AD401E49088000204880084644
:10A1D00041880088194A8A321823CDE90132CDE935
:10A1E000030134208823A222002100900120FBF7E4
:10A1F000B9F84FF4AD401249088008460088D623CC
:10A200009322A22100908920F8F79EF82DE04AF6CB
:10A2100055500B490880002048800846408809882E
:10A22000064A8A321823CDE90132CDE903103420E1
:10A230008823A22200210090012007E00C050020C5
:10A24000C40200208402002048000020FBF78AF8A6
:10A2500042F20410FB49088008460088D623932266
:10A26000A22100908920F8F76FF8F74901F1080062
:10A27000F6F708F8F4491B31A1F10B00F5F7F4FFEC
:10A2800028B9F1488A3890F8BA0102282AD1EF4853
:10A29000C078012806D04AF65550EA4908800020C7
:10A2A000488006E044F22820E64908804AF25160DE
:10A2B0004880E4484088E3490988E34A1032102383
:10A2C000CDE90132CDE9031034206F2336229E21DF
:10A2D00000900220FBF746F8DB49103101F10B003A
:10A2E000F5F7D0FFD8493131A1F10B00F5F7BCFFEC
:10A2F00028B9D5488A3890F8BA01022828D1D3481D
:10A30000C07830B14AF65550CE49088000204880C8
:10A3100006E044F22820CB4908804AF25160488088
:10A32000C84841880088C84A26321023CDE9013246
:10A33000CDE9030134206F2300229E2100900220EA
:10A34000FBF710F8C049263101F10B00F5F79AFF31
:10A35000BD494731A1F10B00F5F786FF28B9BA488E
:10A360008A3890F8BA0102282AD1B848C078022861
:10A3700006D04AF65550B34908800020488006E0D0
:10A3800044F22820AF4908804AF251604880AD4825
:10A390004088AC490988AC4A3C321023CDE90132EF
:10A3A000CDE9031034206F236C229E2100900220FF
:10A3B000FAF7D8FFA4493C3101F10B00F5F762FF31
:10A3C000A1495D31A1F10B00F5F74EFF28B99E4878
:10A3D0008A3890F8BA01022829D19C48C07803280D
:10A3E00006D04AF65550974908800020488006E07C
:10A3F00044F22820934908804AF2516048809148ED
:10A4000041880088904A52321023CDE90132CDE9CB
:10A41000030134206F23A2229E2100900220FAF72C
:10A42000A1FF8949523101F10B00F5F72BFF864955
:10A430007C31A1F11400F5F717FF28B982488A385A
:10A4400090F8BA0102283DD18048C078012819D07F
:10A450004AF655507B4908800020488008464088CD
:10A460000988794A68321023CDE90132CDE9031019
:10A470003420812336224FF4877100900320FAF7AD
:10A4800071FF19E042F204106E4908804AF25160EF
:10A4900048800846418800886B4A68321023CDE91D
:10A4A0000132CDE903013420812336224FF4877134
:10A4B00000900420FAF756FF6349683101F1140057
:10A4C000F5F7E0FE6049A431A1F11400F5F7CCFEE8
:10A4D00028B95D488A3890F8BA0102283CD15B4817
:10A4E000C078C8B14AF655505649088000204880C7
:10A4F000084640880988544A90321023CDE9013239
:10A50000CDE903103420812300224FF4877100909D
:10A510000320FAF727FF19E042F2041049490880A6
:10A520004AF251604880084641880088464A903285
:10A530001023CDE90132CDE903013420812300222B
:10A540004FF4877100900420FAF70CFF3E499031D8
:10A5500001F11400F5F796FE3B49CC31A1F114004E
:10A56000F5F782FE28B938488A3890F8BA010228EF
:10A570003DD13648C078022819D04AF655503149A5
:10A580000880002048800846418800882E4AB8325A
:10A590001023CDE90132CDE90301342081236C225F
:10A5A0004FF4877100900320FAF7DCFE19E042F2C5
:10A5B0000410244908804AF25160488008464088C7
:10A5C0000988214AB8321023CDE90132CDE90310C0
:10A5D000342081236C224FF4877100900420FAF715
:10A5E000C1FE1949B83101F11400F5F74BFE1649C7
:10A5F000F431A1F11400F5F737FE28B912488A3872
:10A6000090F8BA01022841D11048C07803281FD021
:10A610004AF655500B49088000204880084640887B
:10A620000988094AE0321023CDE90132CDE903104F
:10A6300034208123A2224FF4877100900320FAF77F
:10A6400091FE1EE0C4020020960500204800002074
:10A6500042F204107D4908804AF251604880084661
:10A66000418800887A4A1023CDE90132CDE90301FF
:10A6700034208123A2224FF4877100900420FAF73E
:10A6800071FE734901F11400F5F7FCFD70492D319D
:10A69000481FF5F7E9FD20B96E4890F8BA01022885
:10A6A00029D16D48C078012806D04AF6555067492F
:10A6B00008800020488006E044F228206349088092
:10A6C0004AF251604880614841880088604A2832D7
:10A6D0001023CDE90132CDE9030134204E23362287
:10A6E0004FF4C87100900520FAF73CFE5849283114
:10A6F000481DF5F7C7FD56493731481FF5F7B4FD3A
:10A7000020B9544890F8BA01022829D15248C0789B
:10A7100030B14AF655504D4908800020488006E087
:10A7200044F22820494908804AF25160488047484D
:10A73000408846490988464A32321023CDE9013221
:10A74000CDE9031034204E2300224FF4C87100904D
:10A750000520FAF707FE3E493231481DF5F792FD14
:10A760003B494131481FF5F77FFD20B9394890F842
:10A77000BA01022829D13848C078022806D04AF602
:10A780005550324908800020488006E044F22820D5
:10A790002E4908804AF2516048802C484188008840
:10A7A0002B4A3C321023CDE90132CDE9030134209C
:10A7B0004E236C224FF4C87100900520FAF7D2FDA9
:10A7C00023493C31481DF5F75DFD21494B31481FB8
:10A7D000F5F74AFD20B91F4890F8BA01022829D19F
:10A7E0001D48C078032806D04AF6555017490880FE
:10A7F0000020488006E044F22820144908804AF2EC
:10A8000051604880114841880088114A463210231F
:10A81000CDE90132CDE9030134204E23A2224FF4C9
:10A82000C87100900520FAF79DFD09494631481D81
:10A83000F5F728FD074890F8BA01022803D1002057
:10A84000044981F8BA0105B000BD0000C40200202F
:10A85000760600200C050020480000201FB50446A5
:10A86000FDF740FDFFF7EAFA2D48007828B964208B
:10A87000F8F788F801202A490870012C4ED142F2DD
:10A880000410C1234FF4D77234210090C820F7F789
:10A890005BFD4FF4AD4042F2041122A21823CDE932
:10A8A0000032CDE90210B0234FF4B47242214FF4CC
:10A8B0008770F8F7F9FA4FF4AD4042F204111BA289
:10A8C0001023CDE90032CDE90210BE234FF4D77238
:10A8D0006E21DC20F8F7E8FA4FF4AD4042F20411A3
:10A8E00018A21023CDE90032CDE90210BE234FF4A7
:10A8F000D7728A21DC20F8F7D7FA4FF4AD4042F244
:10A90000041115A21023CDE90032CDE90210BE23B7
:10A910004FF4D772A621DC20F8F7C6FA1FBD00005D
:10A92000C80200205761726E696E670045786365E2
:10A9300065642074686520736166652076616C7556
:10A9400065000000436F6E74696E75653A507265FC
:10A9500073732052554E000043616E63656C3A502C
:10A9600072657373205041555345000010B504467D
:10A97000F5F717FC8648807830B1012842D00228CC
:10A980007ED004287DD1BBE0012C18D181494868D4
:10A99000FBF704FA30B98048007840F002007E49A5
:10A9A00008702EE07C48007820F002007A49087098
:10A9B00008468078012824D0FBF70CF921E0022C0E
:10A9C0001FD173484078012805D171480069714949
:10A9D0004968086005E06E48D0F8B8006D494968DC
:10A9E00008606C484068006858B96B48007820F0EF
:10A9F00002006949087008468078012801D0FBF7F9
:10AA0000E9F890E0012C18D162494868FBF71CF97D
:10AA100030B96148007840F002005F4908702EE0CC
:10AA20005D48007820F002005B4908700846807895
:10AA3000012824D0FBF7CEF821E0022C1FD1544886
:10AA40004078012805D15248806B52494968086016
:10AA500005E04F48D0F8E0004E49496808604D488D
:10AA60004068006858B94C48007820F002004A4914
:10AA7000087008468078012801D0FBF7ABF852E057
:10AA800000E04FE0012C18D142494868FBF7A0FBD9
:10AA900030B94148007840F002003F4908702EE08C
:10AAA0003D48007820F002003B4908700846807855
:10AAB000012824D0FBF78EF821E0022C1FD1344866
:10AAC0004078012805D13248006E32494968086053
:10AAD00005E02F48D0F808012E49496808602D4844
:10AAE0004068006858B92C48007820F002002A49D4
:10AAF000087008468078012801D0FBF76BF812E057
:10AB00002648407806280AD2DFE800F0030405064C
:10AB1000070805E004E003E002E001E000E000BF18
:10AB200000BF00E000BF00BF012C2DD119484068D4
:10AB3000C0681B49498901EB810100EB4100808815
:10AB400018494968086013484068C0681449498931
:10AB500001EB810100EB4100C0881349496808807E
:10AB60000C484068C0680E49498901EB810100EB3F
:10AB7000410000890D494968086000200849488162
:10AB800000210748C1600161F5F70DFB10BD000011
:10AB900048000020A002002084020020A02A0020FB
:10ABA0003C04002024020020440200206402002013
:10ABB00010B5064CD4E90010884202D14FF6FF7060
:10ABC00010BD4FF47A7000F003F8F9E7304200202E
:10ABD00010B502460B49134606E0581E80B2031E0C
:10ABE00002D14FF6FF7010BDD1E90040A042F4D071
:10ABF0000C794868401C04F03F04486001F10800EB
:10AC0000005DF0E73042002070B51B4C40F225514A
:10AC10001A4800F05DF8F0B140F22551174800F0F5
:10AC20003CF8164800F00EF9C5B2D4E90001401A0C
:10AC3000402808D2207800F03F0104F10800455474
:10AC40002068401C206020782179401A00F03F00E5
:10AC50000B4908800FE040F22441084800F038F822
:10AC600048B106480088C6B20448001D0088C6B234
:10AC700001200449087070BD3042002000140140DA
:10AC80001A0300201803002001F40072B2F5007FBF
:10AC900000D100BFCA430280704710B500220023D4
:10ACA00040F66A14A14200D100BF0A120124944068
:10ACB000A3B2DC43048010BD21B1828942F400526A
:10ACC000828104E082894DF6FF731A4082817047C9
:10ACD00070B50246002400230025002040F66A16C5
:10ACE000B14200D100BFC1F3421501F01F0301269C
:10ACF00006FA03F3012D02D19689334006E0022DB6
:10AD000002D1168A334001E0968A33400C120126A4
:10AD100006FA04F41688344013B10CB1012000E0A7
:10AD2000002070BDF0B50346002400260025002059
:10AD300040F66A17B94200D100BF1846C1F3421469
:10AD400001F01F06012707FA06F5012C01D10C308E
:10AD500004E0022C01D1103000E014301AB1076871
:10AD60002F43076002E00768AF430760F0BD0000B3
:10AD70002DE9FF4705460E460024A14600BFA04628
:10AD8000B08900B100BF2C8A24F44054F0880443F9
:10AD90002C82AC8941F20C608443B088318908432D
:10ADA000718908430443AC81AC8A24F44074B089AF
:10ADB0000443AC826846FBF76DFB2048854202D015
:10ADC0001F48854202D1DDF80C9001E0DDF80890C3
:10ADD000A88900F4004040B109EBC90000EB09105C
:10ADE00031684900B0FBF1F707E009EBC90000EB5F
:10ADF000091031688900B0FBF1F76420B7FBF0F06F
:10AE000004012009642101FB1078A88900F40040A6
:10AE100040B1322000EBC800B0FBF1F000F00700B9
:10AE2000044308E0322000EB08106421B0FBF1F08D
:10AE300000F00F0004432C81BDE8FF8700100140A3
:10AE40000014014001468888C0F30800704700BF25
:10AE5000FEE7000010B588B0044601214020FBF752
:10AE6000AFFA01212020FBF7EBFA082209212A483A
:10AE7000F6F7A8FA08220E212748F6F7A3FA4FF4AE
:10AE80008440069002208DF81C0003208DF81D00E0
:10AE900000208DF81E0001208DF81F0006A91E4815
:10AEA000F6F748FA02940020ADF80C00ADF80E0059
:10AEB000ADF81000ADF814000C20ADF8120002A996
:10AEC0001648FFF755FF40211448FFF7DDFE10211B
:10AED0001248FFF7D9FE012240F225510F48FFF733
:10AEE00021FF012240F224410C48FFF71BFF4720BD
:10AEF0008DF8040002208DF8050003208DF806006F
:10AF000001208DF8070001A8FAF7CEF801210348C7
:10AF1000FFF7D2FE08B010BD001802400014014037
:10AF20002DE9FC4106460F4614461D46DDF82080FB
:10AF3000C6B3B8F1000F2AD02A48C0684FF47A711E
:10AF4000B0FBF1F201FB1200C82804D226A138465A
:10AF500000F074F843E00A21244890F87201224678
:10AF60002B46CDE900013946304601F0C5FA1F48AD
:10AF700090F87001012832D10A20042122462B4684
:10AF8000CDE900103946304601F0B6FA27E00A2034
:10AF9000042122462B46CDE900103946304601F007
:10AFA000ABFA1CE0FFE7B8F1000F0ED00D48C06807
:10AFB0004FF47A71B0FBF1F201FB1200C82804D201
:10AFC00009A1384600F03AF809E00A20002122469B
:10AFD0002B46CDE900103946304601F08DFABDE828
:10AFE000FC810000C806002000000000480000208E
:10AFF00010B5F6F7D1FC10BD70B505460C4645F20C
:10B000005550F6F7DDFC2846F6F7CEFCA0B2F6F771
:10B01000D1FCF6F7C1FCF6F7B7FC70BD0FB4054BD9
:10B0200010B503A9044A029800F030F910BC5DF88D
:10B0300014FB000075BB00081C0300200FB4084B74
:10B0400010B504A902AA039800F020F9044602A949
:10B05000002000F09EFC204610BC5DF814FB0000B0
:10B0600093B9000800B52DED048BB0EE409AF0EED8
:10B07000609A83B051EC190BF5F713FC41EC180BF7
:10B0800018EE100A18EE901A8DED008B002818BFEC
:10B090000120084320F00040C0F17F6000F1E04053
:10B0A000C00F14D019EE101A19EE900A8DED009B06
:10B0B000002918BF0121084320F00040C0F17F6043
:10B0C00000F1E040C00F04BF012000F017F8B0EE1F
:10B0D000480A03B0F0EE680ABDEC048B00BD02E044
:10B0E00008C8121F08C1002AFAD170477047002013
:10B0F00001E001C1121F002AFBD17047014908601D
:10B1000070470000440300202DE9FF5F82B000215A
:10B11000DDE90430020DDDF840B0034318D044F6F9
:10B120001050A2F2FF3242431514119801281FD08B
:10B13000A5EB0B00401C5FEA000A4FF000064E4FE3
:10B14000DFF83891B046504615D5CAF1000413E037
:10B15000119801244AA3012801D16FEA0B0102983A
:10B16000119AC0E90031C0E9024206B0BDE8F09F83
:10B17000CBF10000DFE704460021404A491842EBCA
:10B180000450CDE9001012E0E00707D032463B46FC
:10B1900040464946F5F735F98046894632463B46F2
:10B1A00010461946F5F72DF906460F466410002C97
:10B1B000EAD1DDE90401DDE90023BAF1000F06DA86
:10B1C000F5F71FF942464B46F5F71BF905E0F5F791
:10B1D0008AF942464B46F5F786F904460E460022A8
:10B1E000284BF5F7C7FB03D84FF0FF30014607E0C7
:10B1F0000022254B20463146F5F75CF8F5F7A2FB17
:10B20000102409E0002C0ADB0A220023F4F7E2FFF5
:10B21000039B30321A55641E50EA0102F2D1641CBD
:10B22000039AC4F111031444119A012A03D0012294
:10B2300008430DD10AE0084304D000204FF0110B61
:10B24000119072E7A3EB0B056D1E0DE05B4504DD6D
:10B250004FF0000205F1010504E003DA4FF00002AF
:10B26000A5F10105002AECD002981199C0E902313C
:10B27000C0E9004579E70000000014400000F03FFD
:10B28000300000000000F0430000E03F2DE9FF4FD8
:10B2900095B09A46884606460025EEE1252877D1E6
:10B2A00000242746F94A0121039400E0044316F8DC
:10B2B000013F203B01FA03F01042F7D130782A28F1
:10B2C00011D06FF02F033078A0F13002092A16D880
:10B2D000039A44F0020402EB820203EB42021044A0
:10B2E000761C0390EFE758F8042B0392002A03DA48
:10B2F000504244F40054039044F00204761C307829
:10B300002E2816D116F8010F44F004042A280DD077
:10B310006FF02F023078A0F13003092B09D807EB2A
:10B32000870302EB4303C718761CF3E758F8047B46
:10B33000761C30786C280FD006DC4C2817D0682893
:10B340000DD06A2814D104E0742810D07A280FD1C7
:10B350000DE044F400140AE044F4801401E044F4E5
:10B3600040147278824202D104F58014761C761C57
:10B37000307866280BD013DC582877D009DC0028F9
:10B3800075D04528F6D04628F4D047281AD193E145
:10B3900018E0632835D0642879D0652812D18BE174
:10B3A000702873D008DC6728F1D069286FD06E2828
:10B3B0000DD06F2806D1ACE073282CD0752874D03E
:10B3C000782853D05246179990476D1C54E1C4F326
:10B3D0000250022809D003280DD0D8F80010042804
:10B3E0000DD00D6008F1040846E1D8F80010EA1706
:10B3F000C1E90052F6E7D8F800100D80F2E70D70B1
:10B40000F0E718F8041B8DF8001000208DF80100FB
:10B41000EB46012003E058F804BB4FF0FF30610712
:10B420004FF0000102D40DE009F101018946B94253
:10B430000FDA8145F8DB1BF809100029F4D108E088
:10B4400009F1010189468142FADB1BF80910002944
:10B45000F6D103985346A0EB090721463846179AC0
:10B4600000F080FA284400EB090507E044E008E119
:10B470000DE01BF8010B524617999047B9F10109ED
:10B48000F7D2534621463846179AF2E039E00A21AE
:10B49000C4F302524FF0000B0091022A06D058F874
:10B4A000040BC117032A09D00AE023E008F10700C2
:10B4B00020F00702F2E80201904605E000B2C11751
:10B4C000042A01D140B2C117002906DA0A46002138
:10B4D000404261EB02012D2202E0220504D52B221D
:10B4E0008DF80420012203E0E20701D02022F7E7D3
:10B4F000914657E00A2100E010214FF0000B009127
:10B500000BE010214FF0000B44F0040408270091D9
:10B5100003E008204FF0000B0090C4F30252022A0F
:10B5200005D058F8040B0021032A08D008E008F1E0
:10B53000070020F00702F2E80201904603E080B223
:10B54000042A00D1C0B24FF0000922072AD5327870
:10B55000702A07D0DDF800C08CF0100C5CEA0B0CF0
:10B5600005D00EE040228DF80420012208E050EAC8
:10B57000010306D030238DF804308DF80520022217
:10B580009146009B83F0080353EA0B030AD150EA6B
:10B59000010201D1620705D530228DF804204FF059
:10B5A00001097F1E3278582A04D039A20C920CAAC5
:10B5B00002920BE03BA2F9E75B46009AF4F70AFE21
:10B5C0000C9B9B5C029A521E0292137050EA01027D
:10B5D000F2D1029804A9081A00F1200B600702D5E5
:10B5E00024F4803400E001275F4502DDA7EB0B0067
:10B5F00000E0002000EB0B01009003984944401A42
:10B600000390E00306D453462146179A039800F0AE
:10B61000A9F90544002706E001A85246C05D179924
:10B6200090476D1C7F1C4F45F6DBE0030CD553465D
:10B630002146179A039800F095F9054404E030205C
:10B640005246179990476D1C0099481E009000299A
:10B65000F5DC08E00298029952460078491C0291F4
:10B66000179990476D1CBBF10001ABF1010BF1DCA8
:10B670005BE100F065F90544761C307800287FF422
:10B680000DAE19B02846BDE8F08F00000928010072
:10B690003031323334353637383961626364656648
:10B6A000000000003031323334353637383941420A
:10B6B0004344454600000000600700D4062708F117
:10B6C000070020F00700F0E80223804603F0004C5A
:10B6D0005FEA0C0001D097A009E0200501D596A0F3
:10B6E00005E0E00701D095A001E0AFF24C00139017
:10B6F000307823F0004365280CD006DC452809D0BB
:10B7000046281DD047287FD13BE0662818D06728FF
:10B710007AD136E00021112F01DB112000E0781CE6
:10B72000CDE9000104A90CA8FFF7EEFCDDE90D014D
:10B730000C9A4FF0000B07F10109109200914EE0B6
:10B740004FF000400097CDE9011004A90CA8FFF7C5
:10B75000DBFCDDE90D020C9B0F994FF0000B9146CD
:10B760001093009211B9791C00EB0109B7EB0900A5
:10B7700003D4C0F1FF3B07F10109A9EB07000190D9
:10B7800042E0012F00DA01270021112F01DD1120F5
:10B7900000E03846CDE9000104A90CA8FFF7B4FC8D
:10B7A000DDE90D010C9A00914FF0000BB9461092A3
:10B7B00021070FD4009A4A4503DA914601E0A9F126
:10B7C0000109B9F1010F05DD109AA9F10101515CE0
:10B7D0003029F4D0B84202DA10F1040F03DA012163
:10B7E000CDE9011010E0002803DC8344A9EB00013F
:10B7F00002E0411C494500DD8946A0EB0B00401CDE
:10B8000001904FF000400290200705D40198484570
:10B8100002DB4FF0FF30019000208DF84B000298C2
:10B820000DF14B07B0F1004F25D002200C902B20DA
:10B830000D90029800280CDA404202902D200D90C5
:10B8400007E00A210298F4F751FF3031029007F81F
:10B85000011D0C99481E0C900029F2DC029800286A
:10B86000EFD1791E0D980870307800F0200040F07C
:10B87000450007F8020D11A8C01BC01D02901398C7
:10B88000007800B1012000EB0901019801EBE071A3
:10B89000029801440398401A401E0390E00306D426
:10B8A00053462146179A039800F05CF80544139814
:10B8B000007818B15246179990476D1CE00323D5C4
:10B8C00053462146179A039800F04CF805441BE0B4
:10B8D000BBF1000F07DB0098584504DD109817995D
:10B8E00010F80B0001E0179930205246904701985C
:10B8F0000BF1010B401E05F10105019004D12E2032
:10B900005246179990476D1CB9F10001A9F1010940
:10B91000DEDC05E017F8010B5246179990476D1CC5
:10B920000299481E02900029F4DC53462146179ADA
:10B9300003989EE62D0000002B0000002000000070
:10B940002DE9F041044600251E461746880404D41C
:10B9500005E039462020B0476D1C641EF9D5284605
:10B96000BDE8F0812DE9F041044600251E469046D1
:10B97000C80301D5302700E02027880404D505E05E
:10B9800041463846B0476D1C641EF9D52846BDE8CF
:10B99000F0810A68531C0B601070704770B5054643
:10B9A00005EB8500304901EB40042846F6F778FAAC
:10B9B000A8423ED12078052802DA0520207052E006
:10B9C00020780A2803DA2078401C20704BE0A07908
:10B9D00038B90120A07105EB4501491CC8B200F03F
:10B9E000A1F8A08800283EDD6088A18888420DDA91
:10B9F0006088401C80B26080A188884233D105EB0A
:10BA00004501C91CC8B200F08DF82CE0E07900288F
:10BA100029DD207A401CC0B22072E179884222DB05
:10BA20000020207205EB4501491CC8B200F07AF8ED
:10BA300019E02078052802DD0520207010E020782C
:10BA400018B12078401E20700AE0A079012807D1A3
:10BA50000020A07105EB4501891CC8B200F062F816
:10BA600000206080207270BDE40600200E4890F82F
:10BA700032000D4A92F83320904201D100207047E5
:10BA8000094890F83200084A115C104690F83200DC
:10BA9000401CC0B282F83200322802DB002082F85B
:10BAA00032000846EBE700004C080020002000218F
:10BAB000144A82F8321082F8331082F8341000BF32
:10BAC0001DE0642100EB80020F4B03EB42029180EA
:10BAD000052100EB800203F81210002100EB800228
:10BAE00003EB4202917100EB800203EB4202D17141
:10BAF00000EB800203EB42021172411CC8B2242801
:10BB0000DFDB70474C080020E406002010B500245D
:10BB100004E02046FFF742FF601CC4B2242CF8DB8F
:10BB200010BD0000084991F83310074A50541146DF
:10BB300091F83310491CC9B282F83310322902DB64
:10BB4000002182F8331070474C0800204FF0E022AB
:10BB500052694FF47A73B2FBF3F250434FF0E02294
:10BB6000916900BF4FF0E02292698A1A8242F9D3AC
:10BB70007047000000BF054A128802F04002002A08
:10BB8000F9D0C2B2014B1B1D1A807047001401404E
:10BB900010B586B0044600200390049005900090F4
:10BBA0000190029012480068C0F30B00039011A0AE
:10BBB0000399FFF733FA144850F824000068039003
:10BBC000114850F82400406804900F4850F82400B1
:10BBD000806805900DA00099FFF720FA10A0019948
:10BBE000FFF71CFA13A00299FFF718FA06B010BD70
:10BBF000002004E04D43552069645B305D3A3078A5
:10BC000025780D0A00000000140000204D43552047
:10BC10006964315B305D3A307825780D0A000000A8
:10BC20004D4355206964315B315D3A307825780D9C
:10BC30000A0000004D4355206964315B325D3A30A3
:10BC40007825780D0A00000000B52DED048B85B035
:10BC500001A8FAF71FFC0298F4F7D3FC41EC190B8A
:10BC60009FED230B53EC102BF4F73DFC41EC180B2C
:10BC700053EC182B20A0FFF7D1F90398F4F7C1FC7F
:10BC800041EC190B9FED1A0B53EC102BF4F72BFC26
:10BC900041EC180B53EC182B1EA0FFF7BFF90498CA
:10BCA000F4F7AFFC41EC190B9FED110B53EC102B8B
:10BCB000F4F719FC41EC180B53EC182B1CA0FFF700
:10BCC000ADF90198F4F79DFC41EC190B9FED080BC1
:10BCD00053EC102BF4F707FC41EC180B53EC182B2A
:10BCE0001AA0FFF79BF905B0BDEC048B00BD000066
:10BCF0000000000080842E4148434C4B5F46726533
:10BD00007175656E63793A252E33664D487A0D0A52
:10BD10000000000050434C4B315F46726571756501
:10BD20006E63793A252E33664D487A0D0A0000007D
:10BD300050434C4B325F4672657175656E63793A5C
:10BD4000252E33664D487A0D0A000000535953439F
:10BD50004C4B5F4672657175656E63793A252E337B
:10BD6000664D487A0D0A000010B5122204494FF4BE
:10BD70000070F4F7F9FE024902A0FFF74FF910BD79
:10BD8000F00100204465766963655F534E3A257380
:10BD90000D0A000070B5002400250026FFF766FE9E
:10BDA00004468CB1601E032190FBF1F0C5B2601E09
:10BDB00090FBF1F201FB1200C6B21EB9242D01DA8C
:10BDC000284670BD0020FCE70020FAE710B52DEDF5
:10BDD000048B9FED0C0AB0EE408A9020F5F71AFB19
:10BDE000B0EE408A18EE100AF4F751FC41EC190B42
:10BDF00053EC192B04A0FFF711F9B0EE480ABDEC83
:10BE0000048B10BD000000006765745F74656D7081
:10BE10003A25302E32660D0A0000000010B5802051
:10BE20000949088000F012F840200749891E08805F
:10BE300000F00CF840200449088000F007F880204A
:10BE40000149891E088010BD1A140240002001E03B
:10BE5000411C88B22628FBDB704700001CB501217D
:10BE60002020FAF7ADFA01212020FAF7A9FA4020A4
:10BE7000009001208DF804008DF8060003208DF855
:10BE8000050001208DF8070069460B48F5F752FAC6
:10BE90008020009001208DF804008DF8060003201A
:10BEA0008DF8050001208DF8070069460248F5F776
:10BEB00041FA00F07DF81CBD0014024010B580204E
:10BEC00007490880FFF7C2FF402005490880FFF7B7
:10BED000BDFF40200249891C0880FFF7B7FF10BD55
:10BEE0001814024070B50025002400BF16E0402061
:10BEF0000C490880FFF7AAFF6006040E09480838BD
:10BF0000006800F0800008B1601CC4B24020054900
:10BF1000891C0880FFF79AFF681CC5B2082DE6DB74
:10BF2000204670BD1814024070B5044640201349E5
:10BF3000088000251BE004F0800020B180200F491C
:10BF4000891E088002E080200C4908806006040EEB
:10BF5000FFF77CFF40200949891E0880FFF776FF24
:10BF6000402006490880FFF771FF681CC5B2082D04
:10BF7000E1DB80200149891E088070BD1A1402404F
:10BF800010B580200949088040200880FFF75EFF37
:10BF900080200649891C0880FFF758FF402003498C
:10BFA000891C0880FFF752FF10BD000018140240E2
:10BFB00010B58020054908804020891E0880FFF7C1
:10BFC00045FF80200149891E088010BD1A140240D7
:10BFD00070B50024002580200C490880FFF736FF4B
:10BFE00040200A490880FFF731FF084808380068F8
:10BFF00000F0800008B1012400E000244020034943
:10C00000891C0880FFF722FF204670BD18140240EB
:10C010002DED028B92B09FED680AB0EE408AF5F7E5
:10C02000D5FCFEF7E5FF9FED650AFCF737F84FF406
:10C03000C870F4F7D5FEFEF7DBFFBBE06048006890
:10C0400030BBFFF7C3FEB0EE408A9FED5E0AB4EE50
:10C05000C08AF1EE10FA04DD9FED5B0AFCF71EF8D2
:10C0600027E09FED5A0AB4EEC08AF1EE10FA04DD23
:10C070009FED570AFCF712F81BE09FED560AB4EE4D
:10C08000C08AF1EE10FA04DD9FED4C0AFCF706F8C9
:10C090000FE09FED510AB4EEC08AF1EE10FA04DD14
:10C0A0009FED4E0AFBF7FAFF03E09FED4B0AFBF70B
:10C0B000F5FFF7F79BF8FEF79BFFF8F767FDFEF734
:10C0C00097FF4748007830B1002045490870FEF7D7
:10C0D000C5FBFEF78DFFF6F7BDFFFEF789FF414870
:10C0E0000078002864D0404800881C2860D10024D3
:10C0F0000025402102A8F4F7A5F83CA000680190B3
:10C10000FF22402102A8F4F796F800BF05E0FEF7F1
:10C110004FFD02A90855601C84B233480088844250
:10C12000F5DB31480088801EC1B202A8F4F7DAFDC1
:10C1300005462D480088801E02A9095C2A4800880F
:10C14000401E02AA105C41EA0020A84211D02648F5
:10C150000088401E02A9085C9DF8041088421BD18B
:10C1600021480088801E02A9085C9DF805108842BD
:10C1700012D1082202A91E48F4F78DF860B904AB69
:10C1800002AA194801881BA0FEF748FF122204A941
:10C190004FF40070F4F723FD002012490870124993
:10C1A0000880122221494FF40070F4F7DDFC00BF33
:10C1B000FEF71EFF42E70000000000000000A04262
:10C1C00004000020000070420000C84200005C42F1
:10C1D0000000B442000048420000344200008C429B
:10C1E00010000020180300201A0300204141000025
:10C1F00080CB0008557361727436466C61673D31BF
:10C200002C5573617274365F72785F6C656E3A2577
:10C21000642C756172745F6275663A252D323873CD
:10C220002C534E3A252D3138730D0A00F0010020B1
:10C230002DE9F04104460E461548005D38B9144812
:10C2400018380168204688470120BDE8F081114870
:10C2500050F82400B04219D90F4850F82400B6FB1A
:10C26000F0F10B48083850F8240030F81120002570
:10C2700008E000230648083850F824004F1920F839
:10C2800017306D1C9542F4DB0020DEE70220DCE76E
:10C290000003002098CB000890CB00082DE9F04760
:10C2A00004460F460025A9462348005D20B92248D0
:10C2B00018380168204688471FB94FF0FF30BDE8A5
:10C2C000F0871E4850F82400B7FBF0F61B4850F8E2
:10C2D0002400B7FBF0F100FB117000B1761C184888
:10C2E00050F82400451E22E01348083850F8240076
:10C2F00030F8150010B909F1010901E04FF000090B
:10C30000B14513D14FF0000809E00B48083850F848
:10C31000240005EB080220F8126008F10108B0457E
:10C32000F3D3064850F824006843C8E76D1E002D7B
:10C33000DADA4FF0FF30C2E70003002090CB0008AC
:10C3400088CB000810B501460023002207E00B4807
:10C3500050F8210030F8120000B15B1C521C084854
:10C3600050F821009042F2D864205843044C54F80D
:10C370002140B0FBF4F0C0B210BD0000F802002074
:10C3800088CB000870B505460C4604B970BD054859
:10C3900050F82500261A31462846FFF749FF00BF0E
:10C3A000F4E70000F002002070B504460E46314666
:10C3B0002046FFF773FF0546681C08B9002070BDD2
:10C3C000024850F824002844F9E70000F002002059
:10C3D00030B5034601E003F8011B141EA2F101026F
:10C3E000F9D130BD10B53F48C07801283CD13E4856
:10C3F000007818B13C48007801281BD13B48D0E9AF
:10C40000043042F210729A1A70F1000005D242F222
:10C41000107200213548C0E904213449D1E90401F2
:10C42000304AD2F8542108322E4BDB7802EBC3029B
:10C4300003C219E02D48D0E9042044F62063D21A43
:10C4400070F1000004D21A4600212848C0E90421F6
:10C450002649D1E90401234AD2F854210832214B5C
:10C46000DB7802EBC30203C21E48C078022819D150
:10C470001E491F4AD1E90440A21A70F1000004D2FB
:10C480001B4A00211948C0E904211848D0E90421B9
:10C490001448D0F854010830124BDB7800EBC3008D
:10C4A000C0E900210F48C078032819D10F48D0E90E
:10C4B0000420104BD21A70F1000004D21A4600205A
:10C4C0000A49C1E904200948D0E90410054AD2F814
:10C4D00054210832034BDB7802EBC302C2E900109F
:10C4E00010BD000048000020C0010020980100207D
:10C4F000400D0300A08601002DE9FF5F82B08A464F
:10C5000016461F46DDF844B04FF00008C14600BF94
:10C51000029800287DD0FE4A002330463946F3F7C2
:10C5200059FE04460D461098052873D2DFE800F046
:10C530000356B2FCFB000BE00A22002320462946EA
:10C54000F3F748FE04460D4608F1010000F0FF082D
:10C55000002184EA010069400843EDD1B8F1000FE1
:10C5600001D14FF001084FF0000906E020200AF841
:10C57000090009F1010000F0FF095846A0EB08008E
:10C580004845F3DCE24A002330463946F3F722FE01
:10C5900004460D46002009EB08010AF8010019E0E5
:10C5A000A8F1010000F0FF080A22002320462946D6
:10C5B000F3F710FE3020101809EB08010AF801000B
:10C5C0004FF00A024FF0000320462946F3F702FE1F
:10C5D00004460D46B8F1000FE2D1FCE10BE00A225F
:10C5E000002320462946F3F7F5FD04460D4608F1E1
:10C5F000010000F0FF08002184EA010069400843BF
:10C60000EDD1B8F1000F01D14FF001084FF0000952
:10C6100008E0E1E1DEE120200AF8090009F101006B
:10C6200000F0FF09ABF10100A0EB08004845F2DC87
:10C63000B74A002330463946F3F7CCFD04460D4691
:10C640002E2009EB08010AF80100002109EB08007F
:10C65000401C0AF8001019E0A8F1010000F0FF08E2
:10C660000A22002320462946F3F7B4FD3020101893
:10C6700009EB08010AF801004FF00A024FF000032D
:10C6800020462946F3F7A6FD04460D46B8F1000FF3
:10C69000E2D1A0E10BE00A22002320462946F3F76D
:10C6A00099FD04460D4608F1010000F0FF08002145
:10C6B00084EA010069400843EDD1B8F1000F01D1CF
:10C6C0004FF001084FF0000906E020200AF80900A9
:10C6D00009F1010000F0FF09ABF10200A0EB080036
:10C6E0004845F2DC8A4A002330463946F3F772FDAA
:10C6F00004460D462E2009EB08010AF80100854A80
:10C70000002330463946F3F765FD0A220023CDE9C0
:10C710000001F3F75FFD30201018C1B209EB0800EB
:10C7200000F1010001E0B1E028E00AF800104FF04C
:10C73000000109EB080000F102000AF8001019E0FE
:10C74000A8F1010000F0FF080A2200232046294634
:10C75000F3F740FD3020101809EB08010AF801003A
:10C760004FF00A024FF0000320462946F3F732FD4E
:10C7700004460D46B8F1000FE2D12CE10BE00A228D
:10C78000002320462946F3F725FD04460D4608F10F
:10C79000010000F0FF08002184EA0100694008431D
:10C7A000EDD1B8F1000F01D14FF001084FF00009B1
:10C7B00006E020200AF8090009F1010000F0FF0955
:10C7C000ABF10300A0EB08004845F2DC504A00231F
:10C7D00030463946F3F7FEFC04460D462E2009EBA1
:10C7E00008010AF801004B4A002330463946F3F7A6
:10C7F000F1FC0A220023CDE90001F3F7EBFC302025
:10C800001018C1B209EB080000F101000AF800108D
:10C8100042F210724FF0000330463946F3F7DAFC6B
:10C820000A220023CDE90001F3F7D4FC30201018D0
:10C83000C1B209EB080000F102000AF800104FF045
:10C84000000109EB080000F103000AF8001019E0EC
:10C85000A8F1010000F0FF080A2200232046294623
:10C86000F3F7B8FC3020101809EB08010AF80100B2
:10C870004FF00A024FF0000320462946F3F7AAFCC6
:10C8800004460D46B8F1000FE2D1A4E00BE00A2205
:10C89000002320462946F3F79DFC04460D4608F187
:10C8A000010000F0FF08002184EA0100694008430C
:10C8B000EDD1B8F1000F01D14FF001084FF00009A0
:10C8C00006E020200AF8090009F1010000F0FF0944
:10C8D000ABF10400A0EB08004845F2DC0C4A002351
:10C8E00030463946F3F776FC04460D462E2009EB18
:10C8F00008010AF80100074A002330463946F3F7D9
:10C9000069FC0A220023CDE90001F3F763FC03E090
:10C9100040420F00A086010030201018C1B209EB80
:10C92000080000F101000AF8001042F210724FF006
:10C93000000330463946F3F74DFC0A220023CDE9C7
:10C940000001F3F747FC30201018C1B209EB0800D2
:10C9500000F102000AF800104FF47A724FF0000361
:10C9600030463946F3F736FC0A220023CDE90001B0
:10C97000F3F730FC30201018C1B209EB080000F1C9
:10C9800003000AF800104FF0000109EB080000F165
:10C9900004000AF8001019E0A8F1010000F0FF08F7
:10C9A0000A22002320462946F3F714FC30201018F1
:10C9B00009EB08010AF801004FF00A024FF00003EA
:10C9C00020462946F3F706FC04460D46B8F1000F51
:10C9D000E2D100E000BF60E04FF47A7200233046FD
:10C9E0003946F3F7F7FB04460D461098A0BB0BE061
:10C9F0000A22002320462946F3F7ECFB04460D46A5
:10CA000008F1010000F0FF08002184EA01006940FC
:10CA10000843EDD1B8F1000F01D14FF001084FF0FC
:10CA2000000906E020200AF8090009F1010000F0E1
:10CA3000FF09ABEB08004845F4DC4FF47A720023A1
:10CA400030463946F3F7C6FB04460D46002009EB95
:10CA500008010AF801001AE01DE0A8F1010000F049
:10CA6000FF080A22002320462946F3F7B3FB3020B3
:10CA7000101809EB08010AF801004FF00A024FF004
:10CA8000000320462946F3F7A5FB04460D46B8F1FE
:10CA9000000FE2D100E000BF00BF06B0BDE8F09F8C
:10CAA000F0B5B9B00027E02101A8F3F7CBFB0024D3
:10CAB000DE24224601A94FF40070F4F755F809A0CE
:10CAC000FEF7ACFA9DF8BC100AA0FEF7A7FADDF855
:10CAD000BD50DDF8C1302A4611A0FEF79FFA39B0EB
:10CAE000F0BD0000746573745F656570726F6D0DE5
:10CAF0000A000000734D656D446174615F74742EAB
:10CB0000435F4D6F6465457874426E635F50617238
:10CB1000616D4E41445F414D504C3A25640D0A0011
:10CB2000734D656D446174615F74742E435F4D6F26
:10CB30006465457874426E635F506172616D5F41F8
:10CB40004D504C3A256C6C640D0A0000002105E044
:10CB50000A2100BF0A1EA1F10101FBD1021EA0F1B2
:10CB60000100F5D17047002105E00A2100BF0A1E2F
:10CB7000A1F10101FBD1021EA0F10100F5D1704726
:10CB80007367737A68646773000100002000000017
:10CB90002000000020000000002000000004000031
:10CBA0000000000000000000000000000000000085
:10CBB0003F40000000000000000030004000300056
:10CBC0004000000009000BC03D000BC03D00090003
:10CBD00018C024407FE0224031800000180024C0AB
:10CBE0001B000D803240018003801C4027401C80C8
:10CBF000074000401000600000000000000000003E
:10CC00000000000000001F80204040200000402065
:10CC100020401F8000000000090006001F80060061
:10CC200009000000040004003F800400040000002C
:10CC3000001000600000000000000000040004007C
:10CC40000400040004000000000000400000000098
:10CC500000000000002001C0060038004000000075
:10CC60001F802040204020401F8000000000104016
:10CC70003FC000400000000018C021402240244076
:10CC80001840000010802040244024401B800000F9
:10CC900002000D0011003FC0014000003C80244014
:10CCA00024402440238000001F802440244034403E
:10CCB000038000003000200027C038002000000062
:10CCC0001B802440244024401B8000001C0022C004
:10CCD000224022401F8000000000000008400000A9
:10CCE00000000000000000000460000000000000E0
:10CCF000000004000A0011002080404009000900E3
:10CD000009000900090000000000404020801100D7
:10CD10000A0004001800200023402400180000002E
:10CD20001F802040274029401F400000004007C0CE
:10CD300039000F0001C0004020403FC02440244083
:10CD40001B8000001F8020402040204030800000D9
:10CD500020403FC0204020401F80000020403FC0B6
:10CD600024402E4030C0000020403FC024402E0010
:10CD7000300000000F00108020402240338002006D
:10CD800020403FC0040004003FC02040204020401D
:10CD90003FC02040204000000060202020203FC0F5
:10CDA0002000200020403FC024400B0030C0204025
:10CDB00020403FC020400040004000C03FC03C0039
:10CDC00003C03C003FC0000020403FC00C40230097
:10CDD0003FC020001F802040204020401F800000D6
:10CDE00020403FC024402400180000001F80214044
:10CDF000214020E01FA0000020403FC0244026002A
:10CE000019C0004018C02440244022403180000056
:10CE1000300020403FC020403000000020003F8014
:10CE2000004000403F80200020003E0001C007007D
:10CE300038002000380007C03C0007C03800000060
:10CE4000204039C0060039C0204000002000384092
:10CE500007C0384020000000304021C02640384044
:10CE600020C00000000000007FE0402040200000C3
:10CE7000000070000C000380004000000000402013
:10CE800040207FE000000000000020004000200063
:10CE90000000000000100010001000100010001032
:10CEA00000000000400000000000000000000280C0
:10CEB0000540054003C0004020003FC0044004403E
:10CEC000038000000000038004400440064000008E
:10CED00000000380044024403FC000400000038065
:10CEE0000540054003400000000004401FC02440EE
:10CEF00024402000000002E00550055006500420A8
:10CF000020403FC00440040003C000400000044033
:10CF100027C000400000000000100010041027E0AF
:10CF20000000000020403FC00140070004C0044052
:10CF3000204020403FC000400040000007C00400E7
:10CF400007C0040003C00000044007C00440040000
:10CF500003C0004000000380044004400380000040
:10CF6000041007F004500440038000000000038018
:10CF70000440045007F00010044007C002400400C1
:10CF800004000000000006400540054004C0000009
:10CF9000000004001F8004400040000004000780DF
:10CFA0000040044007C000400400070004C00180A6
:10CFB00006000400060001C0070001C006000000D2
:10CFC000044006C0010006C0044000000410071021
:10CFD00004E00180060004000000044005C0064093
:10CFE000044000000000000004007BE0402000003E
:10CFF000000000000000FFF00000000000004020E2
:10D000007BE00400000000004000800040002000A1
:10D0100020004000000000000000000000000000B0
:10D02000000000000000000000001FCC000C000009
:10D030000000000000000800300060000800300020
:10D0400060000000022003FC1E20022003FC1E20C2
:10D050000220000000000E1811043FFF10840C781D
:10D06000000000000F0010840F3800C007781884FB
:10D070000078000000780F8410C411240E9800E49A
:10D080000084000808006800700000000000000034
:10D090000000000000000000000007E01818200455
:10D0A00040020000000040022004181807E00000C1
:10D0B000000000000240024001800FF001800240A9
:10D0C000024000000080008000800FF80080008097
:10D0D000008000000001000D000E000000000000B4
:10D0E00000000000000000800080008000800080C0
:10D0F000008000800000000C000C00000000000018
:10D10000000000000000000600180060018006001A
:10D1100018002000000007F0080810041004080898
:10D1200007F000000000080408041FFC00040004CD
:10D130000000000000000E0C101410241044118494
:10D140000E0C000000000C181004110411041288C9
:10D150000C700000000000E00320042408241FFCE1
:10D160000024000000001F9810841104110410888E
:10D1700010700000000007F00888110411041888DE
:10D180000070000000001C00100010FC13001C00C8
:10D190001000000000000E38114410841084114467
:10D1A0000E38000000000700088C10441044088866
:10D1B00007F00000000000000000030C030C00005A
:10D1C0000000000000000000000101060000000057
:10D1D0000000000000000080014002200410080848
:10D1E000100400000220022002200220022002205F
:10D1F0000220000000001004080804100220014072
:10D200000080000000000E001200100C106C108056
:10D210000F00000003E00C1813E4142417C40828BE
:10D2200007D000000004003C03C41C40074000E499
:10D23000001C000410041FFC1104110411040E88CA
:10D240000070000003E00C18100410041004100813
:10D250001C10000010041FFC100410041004080827
:10D2600007F0000010041FFC1104110417C410047F
:10D270000818000010041FFC1104110017C0100052
:10D280000800000003E00C181004100410441C787F
:10D290000040000010041FFC1084008000801084F7
:10D2A0001FFC10040000100410041FFC10041004E4
:10D2B0000000000000030001100110011FFE10001B
:10D2C0001000000010041FFC110403801464181CDB
:10D2D0001004000010041FFC1004000400040004EB
:10D2E000000C000010041FFC1F0000FC1F001FFCAE
:10D2F0001004000010041FFC0C04030000E01018D0
:10D300001FFC100007F0080810041004100408089F
:10D3100007F0000010041FFC1084108010801080A3
:10D320000F00000007F0081810241024101C080A31
:10D3300007F2000010041FFC1104110011C011308D
:10D340000E0C000400000E1C110410841084104404
:10D350001C3800001800100010041FFC10041000FE
:10D360001800000010001FF810040004000410044E
:10D370001FF8100010001E0011E0001C0070138048
:10D380001C0010001FC0103C00E01F0000E0103C1B
:10D390001FC000001004180C163401C001C0163460
:10D3A000180C100410001C00130400FC13041C00D3
:10D3B000100000000804101C1064108413041C04E6
:10D3C000101800000000000000007FFE4002400234
:10D3D00040020000000030000C0003800060001CD0
:10D3E0000003000000004002400240027FFE0000F7
:10D3F000000000000000000020004000400040004D
:10D4000020000000000100010001000100010001F6
:10D41000000100010000400040002000000000006A
:10D420000000000000000098012401440144014470
:10D4300000FC000410001FFC0088010401040088A7
:10D440000070000000000070008801040104010465
:10D450000088000000000070008801040104110829
:10D460001FFC0004000000F8014401440144014491
:10D4700000C800000000010401040FFC11041104A5
:10D4800011001800000000D601290129012901C955
:10D490000106000010041FFC0084010001000104CB
:10D4A00000FC000400000104190419FC000400043D
:10D4B000000000000000000300010101190119FE35
:10D4C0000000000010041FFC0024004001B4010C07
:10D4D000010400000000100410041FFC00040004FC
:10D4E00000000000010401FC0104010001FC010432
:10D4F000010000FC010401FC0084010001000104A2
:10D5000000FC0004000000F801040104010401040F
:10D5100000F80000010101FF0085010401040088FA
:10D520000070000000000070008801040104010583
:10D5300001FF00010104010401FC00840104010059
:10D5400001800000000000CC0124012401240124FA
:10D550000198000000000100010007F80104010427
:10D5600000000000010001F80004000400040108AC
:10D5700001FC0004010001800170000C001001603A
:10D580000180010001F0010C003001C00030010CED
:10D5900001F0010000000104018C00740170018C95
:10D5A00001040000010101810171000E00180160F9
:10D5B0000180010000000184010C01340144018458
:10D5C000010C0000000000000000000001003EFC13
:10D5D000400240020000000000000000FFFF0000C9
:10D5E000000000000000400240023EFC010000007C
:10D5F00000000000008000FF000400040004008818
:10D6000000FC00040000000000000000000000001A
:10D61000000000000000000000000000000000000A
:10D6200000000000000000000000000000000000FA
:10D63000000000000000000F80380FFE380F803817
:10D6400000000000000000000000000000000000DA
:10D6500000000100000600000C000038000031004E
:10D66000000600000C000038000030000000000040
:10D670000000000061800067F807F9800061800009
:10D6800061800061800061800067F807F9800061B7
:10D690008000000000000000000001C0E003E0F096
:10D6A0000630080418081FFFFE040E080787F00361
:10D6B00081E000000000000001F000060C000404FE
:10D6C00008060C7001F9C0000E00003BE000EC18E9
:10D6D000070808040C180003E00000000001E00047
:10D6E00007F003F818041C0804170807E1D003C06A
:10D6F000E00023B0003C08002008000010000000FB
:10D700000000000100003100003200001C00000099
:10D710000000000000000000000000000000000009
:10D7200000000000000000000000000000000000F9
:10D73000000000007F0001FFC00780F00C001810FF
:10D740000004200002000000000000200002100081
:10D75000040C00180780F001FFC0007F00000000EB
:10D7600000000000000000000000000000000000B9
:10D770004200006600006600003C0000180003FF45
:10D78000C0001800003C0000660000660000420077
:10D790000000000008000008000008000008000069
:10D7A000080001FFC0000800000800000800000891
:10D7B00000000800000000000001000031000032FD
:10D7C00000001C000000000000000000000000003D
:10D7D0000000000000000000000000000800000839
:10D7E0000000080000080000080000080000080011
:10D7F0000008000008000008000000000000000011
:10D800000000000038000038000038000000000070
:10D810000000000000000000000000000000000008
:10D8200000000000000600001C00007000018000E5
:10D830000E0000380000C0000700001C000030008F
:10D8400000000000000000007F8001FFE003807006
:10D850000600180400080400080600180380700180
:10D86000FFE0007F800000000000000000000100D9
:10D870000801000801000803FFF807FFF80000088E
:10D880000000080000080000000000000000000187
:10D89000C03802C058040098040118040218040497
:10D8A00018061C1803F81801E0F80000000000003A
:10D8B00000000001C0E003C0F004000804080804F0
:10D8C000080806180803F41801E7F00001E000005A
:10D8D00000000000000000000300000D0000110027
:10D8E00000610000810803010807FFF80FFFF8003E
:10D8F00001080001080000000000000000E007FC33
:10D90000D006080806100806100806100806183881
:10D91000060FF00607C00000000000000000000035
:10D920003F8001FFE003843002081804100804104F
:10D9300008041008071810030FF00007C0000000CB
:10D9400000000000000003C0000700000600000601
:10D9500000F80607F806180006E0000700000600B9
:10D960000000000000000001E1E003F7F0063410C1
:10D97000041808041808040C08040C0806161803F8
:10D98000F3F001C1E000000000000000F80003FC1B
:10D9900030030638040208040208040208040410D4
:10D9A0000308F001FFC0007F00000000000000003D
:10D9B000000000000000000000000000703800704F
:10D9C0003800703800000000000000000000000077
:10D9D0000000000000000000000000000000000047
:10D9E000301A00301C0000000000000000000000A1
:10D9F000000000000000000000000008000014000B
:10DA0000002200004100008080010040020020044C
:10DA100000100800080000000000000021000021A4
:10DA20000000210000210000210000210000210051
:10DA30000021000021000021000000000000000083
:10DA400000000800080400100200200100400080CF
:10DA500080004100002200001400000800000000C7
:10DA600000000003C00004C00004000008003808E3
:10DA70000F380808380810000C300007E00003C019
:10DA800000000000000000003F8000FFE003807005
:10DA9000020F1006708804C088048308047F88027F
:10DAA000C09003012000FE400000080000180001A3
:10DAB000F8003E0801C20007020007E20000FE0075
:10DAC000001FC80001F80000380000080400080723
:10DAD000FFF807FFF8040808040808040808040809
:10DAE0000806180803F41801E7F00001E000000040
:10DAF000000000003F8001FFE00380700200180476
:10DB00000008040008040008040010060020078034
:10DB1000C000000004000807FFF807FFF804000831
:10DB200004000804000804001802001003807001BB
:10DB3000FFE0007F8000000004000807FFF807FFF7
:10DB4000F8040808040808040808040808043E0843
:10DB50000400080600180100600000000400080727
:10DB6000FFF807FFF8040808040800040800040888
:10DB700000043E00060000060000018000000000D6
:10DB8000000000003F8001FFE003807006001804E1
:10DB900000080402080402080203F00783F00002F0
:10DBA0000000020004000807FFF807FFF804080857
:10DBB000000800000800000800000800040808072A
:10DBC000FFF807FFF8040008000000000000040050
:10DBD0000804000804000807FFF807FFF80400081D
:10DBE000040008040008000000000000000000001D
:10DBF0000006000007000001040001040001040009
:10DC00000307FFFE07FFFC040000040000040000FF
:10DC100004000807FFF807FFF8040C0800180000CC
:10DC20003E0004C7800503C80600F804003804005D
:10DC30001800000804000807FFF807FFF8040008B0
:10DC400000000800000800000800000800000800AC
:10DC5000001800006000000004000807FFF80780BB
:10DC60000807FC00007FC00003F80007C000780030
:10DC700007800807FFF807FFF804000804000807FA
:10DC8000FFF807000803C00000E000003800001E95
:10DC9000000007000001C00400F007FFF8040000C6
:10DCA000000000007F8001FFE00380700600180480
:10DCB000000804000806001803003001FFE0007FA0
:10DCC0008000000004000807FFF807FFF8040408BC
:10DCD000040400040400040400040400060C00030F
:10DCE000F80001F000000000000000007F8001FF4C
:10DCF000E00380700600880400880400C806003C29
:10DD000003003E01FFE6007F8400000004000807D6
:10DD1000FFF807FFF8040808040800040C00040FCB
:10DD200000040BC00610F003F03801E00800000802
:10DD300000000001E0F803F0300630100418080479
:10DD40001808040C08040C080206180207F00781E2
:10DD5000E000000001800006000004000004000054
:10DD600004000807FFF807FFF80400080400000497
:10DD7000000006000001800004000007FFE007FF2C
:10DD8000F004001800000800000800000800000867
:10DD900000000804001007FFE00400000400000673
:10DDA000000007E00007FE00041FE00001F800008B
:10DDB000380001E0043E0007C00006000004000037
:10DDC00004000007E00007FFC0041FF80007C007B9
:10DDD000F80007FF80043FF80007C004F8000700C0
:10DDE0000004000000000004000806001807C078C6
:10DDF00005F1C8003E00001F800463E80780F806B4
:10DE0000001804000800000004000006000007805D
:10DE10000007E008047C08001FF80007F800180855
:10DE200004E00807000006000004000000000001F4
:10DE300000080600380400F80403E8040F08047C16
:10DE40000805F00807C0080700180400600000007B
:10DE50000000000000000000000000000000003F83
:10DE6000FFFE20000220000220000220000220000D
:10DE70000200000000000000000008000007000091
:10DE800000C0000038000006000001C000003000A3
:10DE9000000E000001000000000000000000200053
:10DEA000022000022000022000022000023FFFFEAC
:10DEB0000000000000000000000000000000000062
:10DEC00000000000000800001000003000002000EA
:10DED00000300000100000080000000000000000FA
:10DEE000000001000001000001000001000001002D
:10DEF000000100000100000100000100000100001D
:10DF000001000001000000000000000000200000EF
:10DF100020000010000010000000000000000000C1
:10DF200000000000000000000000000000F00019E8
:10DF3000F8001B18002208002608002408002410FE
:10DF4000003FF8001FF8000008000018000000045F
:10DF5000000007FFF80FFFF000181800100800205D
:10DF600008002008003018001FF0000FC00000005B
:10DF70000000000007C0001FF0001830002008005B
:10DF80002008002008003C08001C10000060000071
:10DF9000000000000000000007C0001FF00038185B
:10DFA00000200800200800200804101007FFF80FC8
:10DFB000FFF000001000000000000000000000075B
:10DFC000C0001FF0001230002218002208002208B2
:10DFD000003208001E10000E2000000000000000AB
:10DFE000200000200800200801FFF803FFF80620A9
:10DFF0000804200804200807200003000000000097
:10E0000000000000000E000E6E001FF30031B10092
:10E0100020B10020B1003191001F13002E1E0020FE
:10E020000E00300000000004000807FFF80FFFF8A2
:10E03000001008002000002000002008003FF80029
:10E040001FF8000008000000000000000000002091
:10E0500008002008002008063FF8063FF8000008E6
:10E0600000000800000800000000000000000000A0
:10E070000000000003000003002001002001002038
:10E0800003063FFE063FFC00000000000000000009
:10E0900000000004000807FFF80FFFF800018800E7
:10E0A0000300002FC00038F80020380020080000CE
:10E0B0000800000000000000000004000804000840
:10E0C00004000807FFF80FFFF80000080000080030
:10E0D0000008000000000000002008003FF8003F9A
:10E0E000F8001008002000003FF8003FF80010087A
:10E0F000002000003FF8003FF8000008000000008A
:10E100002008003FF8003FF8001008001000002031
:10E1100000002008003FF8001FF800000800000081
:10E120000000000007C0000FF000183000300800A9
:10E130002008002008003008001830000FF0000709
:10E14000C0000000000000002001003FFF003FFF72
:10E1500000101100200900200800200800303800BD
:10E160001FF0000FC00000000000000007C0001FEB
:10E17000F0003818002008002008002009001011C5
:10E18000001FFF003FFF000001000000002008000A
:10E190002008002008003FF8003FF80008080010A1
:10E1A00008002008002000003000003000000000BF
:10E1B000000000000000000C78001E18003308006A
:10E1C00023080021080021880021980030F0003841
:10E1D000600000000000000020000020000020007F
:10E1E00000FFF003FFF800200800200800200800CE
:10E1F0000030000000000000000000002000003F90
:10E20000F0007FF80000180000080000080020104F
:10E21000003FF8007FF00000100000000000000048
:10E220002000003000003C00003F800023F0000090
:10E2300078000070002380003C00003000002000C7
:10E24000002000003C00003FE00023F80000E00058
:10E250002700003E00003FE00021F80001E0003E02
:10E2600000002000000000002008002008003838CE
:10E27000003E680027800003C8002CF800383800F2
:10E2800020180020080000000000000020000030DE
:10E2900003003C01003F830023EC0000700023805A
:10E2A000003C0000200000200000000000000000F2
:10E2B00000000038080020380020F80023E8002F74
:10E2C00088003E0800380800201800007000000098
:10E2D000000000000000000000000000000000003E
:10E2E00008000014001FF7FC3000062000020000A8
:10E2F000000000000000000000000000000000001E
:10E30000000000000000FFFFFF0000000000000010
:10E3100000000000000000000000000000002000DD
:10E32000023000061FF7FC00140000080000000087
:10E3300000000000000000000000000000000000DD
:10E340002000003FFC007FFC0000180000080000D7
:10E3500008002010003FF8007FF0000010000000CF
:10E360002A2A2A2A2A2A2A2A2A2A2A2A2A2A2A2A0D
:10E370002A2A2A2A2A2A2A2A2A2A2A2A2A2A2A2AFD
:10E380002A2A2A2A2A2A2A2A2A2A2A2A2A2A2A2AED
:10E390002A2A2A2A2A2A2A2A2A2A2A2A2A2A2A2ADD
:10E3A0000D0A0000C4E3000800000020480300003C
:10E3B000C8090008BCE400084803002040430000EE
:10E3C000EEB0000801141EACF7FF1FE8042D107A10
:10E3D000FF1F0C29081620F4F01F503AF8044B9048
:10E3E0007510C1120114FFFFFF02A1FF09A0A201D5
:10E3F0003655C095A90545B864D94545902F5009B3
:10E40000B598D05802680A74657374303031313071
:10E41000012231172448014024081C402404041A16
:10E42000400C21190C29084301401A2C201A2C20D9
:10E430001A2C201A2C201A2C201A2C205A2C201A84
:10E4400028201A28201A28201A28201A28201A28BA
:10E45000205A28201A34201A3C201A34201A34203A
:10E460001A3C201A34205A4020115A01010111127D
:10E4700001138C041B209C041AAC041ABC041ACC93
:10E48000041ADC041AEC041AFC04410520042104DB
:10E4900021136150140845C33C08A008341C68A02F
:10E4A000280812040224682D01020304041506073B
:0CE4B0000809AC7A030A18391431000086
:040000050800018965
:00000001FF
