:020000040800F2
:1000000088460020B1010008A951000845150008E4
:1000100059400008E90C0008D3AE000800000000B9
:10002000000000000000000000000000216A00083D
:10003000E50D000800000000B15600080178000836
:10004000CB010008CB010008CB010008CB01000860
:10005000CB010008CB010008290E0008CB010008E5
:10006000CB010008CB010008CB010008CB01000840
:10007000CB010008CB010008CB010008CB01000830
:10008000CB010008CB010008CB010008CB01000820
:10009000CB010008CB010008CB010008CB01000810
:1000A000CB010008CB010008CB010008CB01000800
:1000B000E178000839790008CB010008CB0100087D
:1000C000CB010008CB010008CB010008CB010008E0
:1000D000CB010008CB010008CB010008CB010008D0
:1000E0001D100008CB010008CB010008CB0100085F
:1000F000CB010008CB010008CB010008CB010008B0
:10010000CB010008CB01000889790008CB01000869
:10011000CB010008CB010008757B0008CB0100086B
:10012000CB010008CB010008CB010008CB0100087F
:10013000CB010008CB010008CB010008CB0100086F
:10014000CB010008CB010008CB010008CB0100085F
:10015000CB010008CB010008CB0100088DAC0008E2
:10016000CB010008CB010008CB010008CB0100083F
:10017000CB010008CB010008CB010008CB0100082F
:10018000CB010008CB010008DFF810D000F00AFC1A
:10019000004800477DC00008AFF30080884600207B
:1001A00030BF72B6704762B6704780F308887047F8
:1001B0000648804706480047FEE7FEE7FEE7FEE701
:1001C000FEE7FEE7FEE7FEE7FEE7FEE779780008D8
:1001D000890100082DE9F05F0546002092469B4604
:1001E00088460646814640241BE02846414647464D
:1001F000224600F0A0FA53465A46C01A914110D345
:1002000011461846224600F087FA2D1A67EB0108BE
:100210004F4622460120002100F07EFA17EB00092C
:100220004E41201EA4F10104DFDC484631462A4637
:100230004346BDE8F09FD2B201E000F8012B491E11
:10024000FBD270470022F6E710B513460A46044673
:100250001946FFF7F0FF204610BD421C10F8011BA5
:100260000029FBD1801A704710B5002200E0521C13
:10027000835C8C5CA34201D1002BF8D1D8B2E1B2EF
:10028000401A10BD034611F8012B00F8012B002A7B
:10029000F9D11846704730B505460020034600E006
:1002A0005B1C934205D2EC5CC85C201A01D1002C87
:1002B000F6D130BD2DE9FE4F804681EA0300C00F24
:1002C0000C46009021F0004123F00045B8EB0200FD
:1002D000A94105D24046214690461C460B4602469F
:1002E00023F00040104347D0270DC7F30A00C3F3A3
:1002F0000A510290401A019040286BDAC3F31300B0
:1003000040F4801B0098924620B10023D2EB030AF0
:1003100063EB0B0B01985946C0F14002504600F0C8
:10032000FBF906460D4650465946019A00F013FA6D
:1003300010EB08006141002487EA115284EAE77358
:100340001A4340D0009A62B3019A012A4FEA075239
:1003500015DC001B61EB02014FF0004202EA07527C
:10036000CDE90042001C41F5801132462B4600F0D9
:100370004AFA03B0BDE8F08F40462146F9E7001B7A
:1003800061EB0201001C41F5801300185B4120184D
:10039000A2F5001747EB030140EAD570B6196D418D
:1003A00011E06D084FEA360645EAC0754FEA07527C
:1003B000001B61EB0201001C41F5801149084FEA66
:1003C00030000019514132462B4603B0BDE8F04FD2
:1003D00000F00ABA0098012240000023D0EB02028C
:1003E00063EBE073009821464FEAE074B8EB00003D
:1003F00061EB0401E9E783F000435BE781F0004132
:1004000058E72DE9FE4F81EA030404F0004421F08F
:10041000004100944FF0000B23F0004350EA010428
:100420005ED052EA03045BD0C3F30A54C1F30A5509
:100430002C44A4F2F3340194A0FB0254C1F3130141
:1004400041F48011C3F3130343F4801301FB02440E
:1004500000FB034E840A970A44EA815447EA835713
:10046000A4FB076802958D0A05FB07854FEA932CCC
:1004700004FB0C542705029D4FEA065847EA16373D
:10048000B5EB08056EEB070C870E920E47EA811755
:1004900042EA8312A7FB0201B6EB0B0164EB0004F6
:1004A0002B0D43EA0C335E1844EB1C50DA465146E0
:1004B000E7FB0201C5F313044FEA0B3343EA14537D
:1004C0004FEA0432019C43EA0603A4F10C040294AF
:1004D000009CCDE900B400F096F903B0BDE8F08FC0
:1004E00000200146F9E72DE9F04D81EA030404F00C
:1004F000004B21F0004514464FF0000A23F0004164
:1005000050EA050220D054EA01021DD0C5F30A5773
:100510000246C5F31303C1F31300C1F30A5640F4B6
:10052000801543F48013A7EB0608101BD64608F28B
:10053000FD3873EB050002D308F1010801E09218C1
:100540005B41B8F1000F03DA00200146BDE8F08DF1
:1005500000204FF48011064684460EE0171B73EB13
:10056000050705D3121B63EB050306434CEA010C98
:1005700049084FEA300092185B4150EA0107EDD17B
:1005800052EA030012D082EA040083EA050108431C
:1005900005D0101BAB4106D20122002306E0002249
:1005A0004FF0004302E06FF0010253101AEB060017
:1005B0004CEB085110EB0A0041EB0B01BDE8F04D8C
:1005C00000F012B930B4044696230800214604D046
:1005D000B62330BC002200F0D9B820460021F8E74D
:1005E0000EB5C10F80EAE0700844CA07002140F24E
:1005F00033438DE80E000A460B4600F004F903B0C1
:1006000000BD0EB540F2334102910021CDE9001149
:100610000A460B4600F0F7F803B000BD3EB5CA1716
:10062000CB0F002450405140C0186141DA0740F21E
:1006300033430094CDE901232246234600F0E3F83A
:1006400003B030BD0EB540F2334202920022CDE934
:100650000022134600F0D7F803B000BDC1F30A52E0
:1006600010B5C1F3130140F2FF3341F480119A42F7
:1006700001DA002010BD40F233439A42A2F2334225
:1006800003DC524200F057F810BD904010BD00F05E
:10069000004230F000400AD0C10D01F56071C0F396
:1006A000160042EA0151C20840071143704700207A
:1006B0000146704701F0004330B421F0004150EA98
:1006C000010206D00A0DA2F56072C1F31301002ADF
:1006D00002DC30BC00207047440F44EAC104C10072
:1006E000E01830BC00EBC25000F047B830B50B4604
:1006F000014600202022012409E021FA02F59D4252
:1007000005D303FA02F5491B04FA02F52844151E25
:10071000A2F10102F1DC30BD202A04DB203A00FA0C
:1007200002F1002070479140C2F1200320FA03F348
:10073000194390407047202A04DB203A21FA02F046
:100740000021704721FA02F3D040C2F1200291400B
:10075000084319467047202A06DBCB17203A41FA96
:1007600002F043EAE07306E041FA02F3D040C2F13E
:10077000200291400843194670470029A8BF7047DE
:10078000401C490008BF20F00100704710B4B0FAC7
:1007900080FC00FA0CF050EA010404BF10BC704762
:1007A00049B1CCF1200421FA04F411FA0CF118BF7C
:1007B000012121430843A3EB0C01CB1D4FEA00614B
:1007C0004FEA102042BF002010BC704700EBC3501E
:1007D00010440029A4BF10BC7047401C490008BF4A
:1007E00020F0010010BC704710B5141E73F1000416
:1007F00008DA401C41F1000192185B411A4301D113
:1008000020F0010010BD2DE9F04D92469B4611B13C
:10081000B1FA81F202E0B0FA80F220329046FFF79E
:100820007BFF04460F4640EA0A0041EA0B015346AB
:100830005A46084313D0114653EA010019D0C8F1B3
:1008400040025046FFF777FF05460E465046594690
:100850004246FFF761FF084305D0012004E020462F
:100860003946BDE8F08D0020054346EAE0762C438A
:1008700037430A986305E40AA0EB08000022FD0A4A
:1008800044EA47540A3002D500200146E9E7010551
:1008900010196941DDE9084500196941BDE8F04DCD
:1008A000A2E72DE9F04D00231A461B1A8A4103DB0B
:1008B00000200146BDE8F08DC1F30A52C1F31301D7
:1008C00041F480154FF0000BD10702D100186D41A3
:1008D000521E0027044640F2FF11384601EB620A1F
:1008E0003E468046024600204FF48011FFF723FF6A
:1008F000C2197141BB1846EB0100B4EB030C75EB58
:10090000000C04D3E41A65EB000517460E462419C3
:1009100008F101006D4180463428E3DDF91946EB0A
:100920000600091BA84103D24FF0FF32134601E035
:10093000002213461BEB070046EB0A51BDE8F04DC1
:10094000FFF752BFC1F30A52C1F3130140F2FF3364
:1009500041F480119A4202DA00200146704740F2C9
:1009600033439A42A2F2334202DC5242FFF7E3BE23
:10097000FFF7D2BE30B5041E71F1000404DB4FF066
:100980000044404264EB0101141E73F1000405DBD6
:100990001C464FF00043524263EB0403994208BFE8
:1009A000904230BD064C074D06E0E06840F0010380
:1009B00094E8070098471034AC42F6D3FFF7E8FB01
:1009C000A0E30008C0E3000870B58C1810F8015BC4
:1009D00015F0070301D110F8013B2A1106D110F8D8
:1009E000012B03E010F8016B01F8016B5B1EF9D1DC
:1009F0002B0705D40023521E0DD401F8013BFAE762
:100A000010F8013BCB1A921C03E013F8015B01F8CC
:100A1000015B521EF9D5A142D8D3002070BD70B53C
:100A200005460C46012D04D12046E11700F014F8CC
:100A300010E0022D04D12046E11700F04FF809E044
:100A4000032D07D12046E11700F006F82046E117F4
:100A500000F044F870BD000070B52DED088B054620
:100A60000E4628463146FFF7D9FD9FED150B53EC96
:100A7000102BFFF7C6FC9FED140B53EC102BFFF768
:100A800019FC9FED130B53EC102BFFF713FCFFF732
:100A9000E5FD84B210201049088304204883201209
:100AA00005F0B6FEE0B205F0B3FE10200A49488317
:100AB0000420088308200883BDEC088B70BD00006B
:100AC0000000000000002040000000000000E03FA7
:100AD00000000000C0FFDF400000024070B52DEDB7
:100AE000088B05460E4628463146FFF797FD9FEDD9
:100AF000150B53EC102BFFF784FC9FED140B53ECFC
:100B0000102BFFF7D7FB9FED130B53EC102BFFF7C8
:100B1000D1FBFFF7A3FD84B2102010490883082001
:100B20004883201205F074FEE0B205F071FE10203B
:100B30000A4948830420088308200883BDEC088BF9
:100B400070BD000000000000000020400000000018
:100B50000000E03F00000000C0FFDF400000024056
:100B600010B500F019FD10BD70B506460C461546CF
:100B70000AE00AF07FFA3046721C96B200F007F8DD
:100B800004F8010B681E85B2002DF2D170BD70B55E
:100B90000446002600F0B2FDA02000F07BFD00F02E
:100BA000F9FD201200F076FD00F0F4FD2546E11776
:100BB00004EB11610912A4EB0121C8B200F06AFD37
:100BC00000F0E8FD00F09AFDA12000F063FD00F0C8
:100BD000E1FD002000F02CFD064600F0B5FD30469A
:100BE00070BD70B505460C46164608E00AF042FA9C
:100BF0002178284600F009F8681C85B2641C301E74
:100C0000A6F101018EB2F1D170BD70B504460E4659
:100C100000F074FDA02000F03DFD00F0BBFD2012AF
:100C200000F038FD00F0B6FD2546E11704EB116138
:100C30000912A4EB0121C8B200F02CFD00F0AAFDBE
:100C4000304600F027FD00F0A5FD00F07DFD0A20F4
:100C500000F0CAF870BD00001CB50121202005F08D
:100C600035FC0121402005F031FC01208DF8040005
:100C700000208DF8060003208DF8050001208DF876
:100C80000700202000906946014800F081FB1CBD50
:100C9000001802401CB50AF03FFF0121042005F0B6
:100CA00015FC3F20009000208DF8040001208DF8F5
:100CB000070069460B4800F06BFB4FF47C60009026
:100CC00001208DF8040000208DF8060003208DF827
:100CD000050001208DF807006946024800F058FB26
:100CE0001CBD00000008024000BFFEE770B50246D0
:100CF0004FF6FF70002313E012F8015B68400024F8
:100D00000AE000F0010525B14AF2010585EA60001C
:100D100000E04010651CECB2082CF2DB5D1CEBB26D
:100D20008B42E9DB70BD000000B585B001210220D7
:100D300005F0CCFB0121880305F008FC4FF460406E
:100D4000039000208DF8100001208DF8130003A9F6
:100D5000234800F01DFB0D21012005F063FE0F214B
:100D6000012005F05FFE4FF40050009000208DF848
:100D7000040010208DF8050001208DF8060068465B
:100D800000F0A2F928208DF8080003208DF8090052
:100D90008DF80A0001208DF80B0002A804F006FA75
:100DA0004FF40040009000208DF8040010208DF8D2
:100DB000050001208DF80600684600F085F928201E
:100DC0008DF8080003208DF809008DF80A00012035
:100DD0008DF80B0002A804F0E9F905B000BD000091
:100DE000000402407047000001B504490098086003
:100DF00000BF024800680028FBD108BD0C0000209D
:100E000010B50021074806F0E4FE00200549243112
:100E1000086004492C3108604FF6FE70014910311A
:100E2000088010BD000C004070B5012000F040F9B2
:100E300000287DD06C48807803287DD16B480078ED
:100E400018B16A480078012876D1674840780128AF
:100E500006D16548D0F8880065494968086008E00F
:100E60006148407828B96048D0F830016049496845
:100E7000086002200BF075FE5E480068012838D13A
:100E800000205D49086001205C49C1F88002002112
:100E90005B48817001205B49087000205A49086056
:100EA00059482438008840F0010057492439088007
:100EB0004E48007840B94E4A526811684A4A507804
:100EC000012204F0CDF908E0494A52681268514203
:100ED000454A5078012204F0C3F94348407818B9D4
:100EE0004FF400404949088001204249843108609C
:100EF00076E040480068002872D13B48407820B92D
:100F00004FF400404149891C088037494878012244
:100F1000002104F0A5F90020364984310860012041
:100F20003B49C1F8800200203A490860354901E098
:100F300059E001E0087053E02B48807803284FD136
:100F40002A480078022803D028480078032847D18F
:100F500005200BF006FE27480068012840D1002438
:100F6000002521484078012809D11F48D0F8880081
:100F70001F49496808601C48D0F890500BE01A4897
:100F8000407840B91848D0F83001194949680860DC
:100F90001548D0F8385115B301201F490860FA20D0
:100FA000B5FBF0F0441E483C0020134908600120C6
:100FB0001249C1F8800200211148817001201149B5
:100FC00008700020104908600F482438008840F05D
:100FD00001000D4924390880204600F0BFF800BF09
:100FE000012000F05FF870BD48000020C001002023
:100FF000A0020020008240428002404200004242A3
:1010000084020020DC020020240400401814024066
:101010000000404280024242EC01002010B51B4813
:10102000006800F4005080B364200AF0C5FD184841
:1010300000681849D1F8381288420DD01648007857
:10104000401C154908701548007890B11348007885
:10105000401E124908700CE010480078401C0F49EF
:1010600008700D48007820B10B480078401E0A49EE
:1010700008700B48408910B901200949488103488C
:10108000006840F400500149086010BD143C014064
:101090003482404200804042E4020020E502002009
:1010A000C80600200149086070470000143C014058
:1010B00001460020034A12680A400AB1012000E0FC
:1010C00000207047143C0140002123498279002A06
:1010D0003AD00A46126803689A430B461A600A1D02
:1010E000126803689A430B1D1A60027911440A685A
:1010F00003681A430A60184A0832126803689A4360
:10110000154B08331A601A1D126803689A43124B74
:101110000C331A604279102A0ED11A1F1268036824
:101120001A430D4B08331A601A1D126803681A43DC
:10113000094B0C331A600DE00749427911440A68E3
:1011400003681A430A6005E0027911440A680368DB
:101150009A430A6070470000003C014070B50446A5
:1011600000252E48007840B92D4A526811682D4A52
:101170005078012204F074F823E028480078012810
:1011800009D1274A526812685142264A50780122F2
:1011900004F066F815E021480078022808D1204ABA
:1011A000526811681F4A5078012204F059F808E08B
:1011B0001B4A5268126851421A4A5078012204F0C0
:1011C0004FF81848407838B916488078032803D17A
:1011D0004FF400401449088010480078012801DCD1
:1011E000651C01E0601C45081048056000200F499F
:1011F000083908604FF6FE700C491C3908800B480E
:101200002C38008840F0010008492C390880012062
:10121000074908600749086070BD0000C001002050
:10122000A002002048000020181402402C0C0040AE
:1012300084824042D002002051B18200A2F1C0421B
:10124000126842F001038200A2F1C042136009E07B
:101250008200A2F1C0421268034B1A408300A3F13E
:10126000C0431A6070470000FEFF0F0030B5002138
:10127000002200230468A400A4F1C0442168424C69
:101280002140D0E901452C43C5682C4305692C4316
:1012900045692C4385692C43C5692C43056A2C4359
:1012A000456A2C43856A2C43C56A2C43056B2C4345
:1012B00021430468A400A4F1C04421608468082C80
:1012C0000BD10468A400A4F1C044246844F0400594
:1012D0000468A400A4F1C04425600468641CA40050
:1012E000A4F1C044226802F04042446B2468456B7C
:1012F0006D6844EA0514456BAD6844EA0524456B06
:10130000AD8944EA0544456B2D8A44EA0554456B92
:101310002D7D44EA0564456BAD692C432243046886
:10132000641CA400A4F1C0442260C46AB4F5804FD8
:1013300020D10468A400A4F1C044D4F80431134CB3
:101340002340846B2468856B6D6844EA0514856BC3
:10135000AD6844EA0524856BAD8944EA0544856B94
:10136000AD692C4323430468A400A4F1C044C4F82D
:10137000043107E06FF070450468A400A4F1C04494
:10138000C4F8045130BD00008000F7FF0000F0CF2A
:10139000F0B50A4600210023002400BF3DE00125EE
:1013A00005FA01F3156805EA03049C4234D1056887
:1013B0004F000326BE40B543056015794E00B54089
:1013C0000668354305601579012D02D01579022D87
:1013D00016D185684F000326BE40B5438560557918
:1013E0004E00B540866835438560456801268E40CD
:1013F000B5434560456896798E40B6B23543456041
:10140000C5684F000326BE40B543C560D5794E0080
:10141000B540C6683543C560491C1029BFD3F0BD2F
:10142000F0B5002300244D07ED0E02FA05F3CE10AF
:1014300000F1200555F826504E07F70E0F26BE4046
:10144000B543CF1000F1200646F82750CE1000F12A
:10145000200555F8265045EA0304CE1000F120057A
:1014600045F82640F0BD41837047018370474269CB
:101470004A4042617047000070B52DED088B05466B
:1014800000249FED1E0AB0EE408A0021284605F098
:1014900023F90446B4F5004F11DA2046FFF7B1F8FE
:1014A00041EC1A0B9FED160B53EC102BFEF7A9FF26
:1014B00041EC190BFFF7FEF808EE100A19E0E043C3
:1014C000401CFFF78DF841EC1B0B9FED0D0B53EC0F
:1014D000102BFEF796FF41EC1A0B9FED0B0B53EC14
:1014E000102BFEF78BFF41EC190BFFF7E3F808EE2A
:1014F000100AB0EE480ABDEC088B70BD0000000079
:10150000000000000000803F00000000000000001C
:1015100010B509F0AFFD16220949E620FFF724FBBC
:1015200009F0A8FD0648D0F81200401C0449C1F893
:1015300012001622E620FFF754FB09F09BFD10BDB8
:101540004803002000BFFEE710B500200F490860E7
:101550000F48006820F440000D4908600846006804
:1015600040F48000086000200A49C1F8AC02042061
:101570000AF022FB01200549086004200AF01CFB48
:1015800000200449C1F8A80210BD0000A882404212
:1015900000040240008040421CB50121022004F0FA
:1015A00095FF4FF44060009001208DF804008DF805
:1015B000060003208DF8050001208DF8070069461C
:1015C0000448FFF7E5FE0120034908600349C1F81C
:1015D000A8021CBD00040240AC8240420080404290
:1015E00010B500200F4908600F48006820F4400043
:1015F0000D4908600846006840F48000086001203A
:101600000A49C1F8AC0204200AF0D6FA01200549C3
:10161000086004200AF0D0FA00200449C1F8A802AA
:1016200010BD0000A88240420004024000804042F9
:1016300070B5054600241448006820F440001249A3
:101640000860002616E000201049086004200AF017
:10165000B3FA01200E49C1F8A8026006040E0B4837
:101660007C38006808B1601CC4B202200AF0A4FAF9
:10167000701CC6B2082EE6DB15B9FFF7B1FF01E01A
:10168000FFF762FF204670BD00040240A88240427E
:101690000080404270B504461548006820F44000C0
:1016A000134908600846006840F480000860002084
:1016B00010490860002517E0E0090E49091D08607F
:1016C0006006040E04200AF077FA01200A49C1F8E6
:1016D000A80204200AF070FA0020064908600420DD
:1016E0000AF06AFA681CC5B2082DE5DB70BD00007F
:1016F00000040240A88240420080404210B50F48DA
:10170000006820F440000D4908600846006840F475
:101710008000086001200A4908600A49C1F8A8024F
:1017200008200AF049FA00200549086008200AF05C
:1017300043FA00200349C1F8A80210BD000402408A
:10174000AC8240420080404210B50F48006820F44F
:1017500040000D4908600846006840F480000860B9
:1017600000200A4908600A49C1F8AC0208200AF0C2
:1017700023FA01200549086008200AF01DFA01201B
:101780000349C1F8AC0210BD00040240A8824042E7
:101790000080404210B500241248006820F4400048
:1017A0001049086001201049086002200AF004FA7C
:1017B00001200E49C1F8A80202200AF0FDF907E055
:1017C000601CC4B2FA2C03DDFFF7BEFF012010BD80
:1017D0000548803800680028F2D10349091F0860D5
:1017E00000BFF4E700040240AC8240420080404267
:1017F0001CB50121084604F069FE0121022004F015
:1018000065FE0121042004F061FE0121082004F09E
:101810005DFE0121102004F059FE0121202004F07A
:1018200055FE0121402004F051FE4FF400406F4965
:10183000088048F24000009001208DF8040000204C
:101840008DF8060003208DF8050001208DF80700B3
:1018500069466748FFF79CFD4020009001208DF805
:10186000040000208DF8060003208DF805000120FB
:101870008DF8070069465F48FFF78AFD0820009051
:1018800069465A481A38FFF783FD4FF40C40009020
:1018900069465948FFF77CFD0C215548FFF7E5FDE7
:1018A0004FF400415248FFF7DEFD41F60110009071
:1018B00001208DF8040000208DF8060003208DF82B
:1018C000050001208DF8070069464948FFF760FDD3
:1018D0004FF43070009001208DF8040000208DF846
:1018E000060003208DF8050001208DF807006946E9
:1018F0004248FFF74DFD4FF48050009001208DF8D5
:10190000040000208DF8060003208DF8050001205A
:101910008DF8070069463A48FFF73AFD43F24C005C
:10192000009001208DF8040000208DF806000320AF
:101930008DF8050001208DF8070069463148FFF752
:1019400027FD4F20009001208DF8040000208DF825
:10195000060003208DF8050001208DF80700694678
:101960002448FFF715FD48F20100009001208DF892
:10197000040000208DF8060003208DF805000120EA
:101980008DF80700694619481A38FFF701FD002055
:101990001D4908601D49C1F880021B49091D0860E6
:1019A00001201B490860091D0860091D0860091D08
:1019B0000860184908601849086017491031086024
:1019C000091F086010490C31086012492C39086061
:1019D000091D08600F491C3908600E49091F08607D
:1019E0000E490860C003014908801CBD1A1402405A
:1019F00000000240001002400018024000040240B3
:101A000000080240000C0240988240420000404220
:101A100080024242B4824142A0024042808242425D
:101A20002DE9FC4700270020009001908046814668
:101A3000002400254FF4A06003F0F4FB00F032FA1C
:101A4000FFF7D6FE4FF4E13009F046FA09F012FB39
:101A500087A009F019FB874809F016FB86A009F05A
:101A600013FB09F007FB04200AF0C8F80AF022F97A
:101A700001F084FB4FF4E13183A009F005FB052060
:101A8000FFF7B2F909F0F6FA08208A4908808AA01F
:101A900009F0FAFA8FA009F0F7FA9620FFF7A4F9F7
:101AA00009F0E8FA01F09AFA95A009F0EDFAFFF7CB
:101AB000D3F897A009F0E8FAFFF72AFD9848D0F884
:101AC000121098A009F0E0FA0AF084F909F0D2FAAD
:101AD000FFF7E0F898A009F0D7FA04F029FE0021FA
:101AE0000320FEF79CFF98A009F0CEFAFFF71CF93F
:101AF000A0A009F0C9FA09F0BDFA06F08BFB06F0C8
:101B000001FCA1A009F0C0FA002003F02BFB05F0B6
:101B10004FFE09F0AFFA0AF0D7F99FEDA20A06F0DE
:101B20000FFA06F0C1FA00F03DFB09F0A3FA9EA0FF
:101B300009F0AAFA4FF4FA70FFF756F909F09AFA89
:101B400000F056FC9C4881889CA009F09DFA4FF457
:101B5000FA70FFF749F909F08DFAFFF701F89EA036
:101B600009F092FA0AF096FF09F084FA3220FFF7A2
:101B70003BF902F073FA9DA009F086FA09F07AFAAF
:101B800008F07CF909F076FA40F2E734532529464B
:101B9000204606F0A7F999A009F076FA2A462146D0
:101BA0009BA009F071FA601C691C10FB01F090FB0E
:101BB000F1F631469CA009F067FA09F05BFA1421AE
:101BC00042F20F7006F060F942F2CF01204606F0B3
:101BD0002DF93220FFF708F909F04CFA0020994955
:101BE00008609948007818B197480078012802D118
:101BF00006F010FB01E006F049FB09F03BFA00207B
:101C00009249086001209249C1F880028F49091D5C
:101C1000086000208F490860091D0860091D0860E0
:101C2000091D08608C4908608C4908608B49103197
:101C30000860091F086085490C31086086492C3905
:101C40000860091D086084491C3908608249091F21
:101C500008607C493039086002230322114680A0C5
:101C600009F012FA85A009F00FFABDE8FC87000020
:101C70000D0A00005CE300084D4355205374617267
:101C800074210D0A0000000044656267755F5561AC
:101C9000727420696E6974204F4B212062617564F3
:101CA00020726174653D2564206269742F730D0A8A
:101CB0000D0A000018140240416E676C6F672070B7
:101CC0006F77657220686173206F70656E210D0AF1
:101CD000000000005761697420666F7220616E61B8
:101CE0006C6F6720706F77657220746F20737461FA
:101CF00062696C697A652E2E2E2E2E2E210D0A0019
:101D00004C45445F496E6974204F4B210D0A000019
:101D1000426565705F496E6974204F4B210D0A0062
:101D2000480300204D43555F504F525F54696D6525
:101D3000733A25640D0A000042746E5F496E69743F
:101D4000204F4B210D0A00004144353534325F49A4
:101D50006E6974204F4B2C536574204144353534E3
:101D600032204F757470757420746F207A65726FAD
:101D7000210D0A00436F6465635F496E6974204FEB
:101D80004B210D0A000000005472696767657245B7
:101D900078494E31325F496E6974204F4B210D0AEC
:101DA00000000000000000005265736574204C4381
:101DB00044210D0A00000000204200204C43442032
:101DC0004F4B21204C43444445565F49443D3078B5
:101DD00025780D0A00000000415432344358585F02
:101DE000496E6974204F4B210D0A0000476574202D
:101DF000506172204F4B0D0A00000000496E69745B
:101E00002054696D657236204F4B210D0A00000089
:101E100054696D657236204152523D25642C5053F1
:101E2000433D25640D0A000054696D657236204FEC
:101E3000766572666C6F775F74696D653D25647554
:101E4000730D0A00B0824242C001002098824042D5
:101E50000000404280024242B4824142A00240421D
:101E6000736F6674776172655F76657273696F6EA2
:101E70003A25642E25642E25640D0A00486172649B
:101E80007761726520696E6974204F4B2120537908
:101E9000732072756E6E696E672E2E2E2E2E2E0D8D
:101EA0000A0D0A0010B5104800684FF47A71B0FBB3
:101EB000F1F4601EB0F1807F00D30FE0601E4FF0A0
:101EC000E02148610F214FF0FF3003F0B5F9002009
:101ED0004FF0E02188610720086100BF0021481E03
:101EE00003F0AAF910BD00003003002001460629C6
:101EF00035DA0020A94A10600120A94AC2F89C02E4
:101F0000A64A08321060121D1060121D1060A44A0B
:101F1000C2F8AC02A1489838006808B900207047A0
:101F20009E489438006808B90120F8E79B4890382B
:101F3000006808B90220F2E798488C38006808B9B0
:101F40000320ECE795488838006808B90420E6E7E4
:101F5000924884380068002873D10520DFE70C29F7
:101F600036DA01208D4A106000208D4AC2F89C02AA
:101F700001208A4A08321060121D1060121D106084
:101F8000874AC2F8AC0285489838006808B906202C
:101F9000C5E782489438006808B90720BFE77F4842
:101FA0009038006808B90820B9E77C488C38006888
:101FB00008B90920B3E779488838006808B90A20C9
:101FC000ADE77648843800680028C5D10B20A6E725
:101FD000122937DA0120714A1060714AC2F89C0256
:101FE00000206E4A083210600120121D1060121D80
:101FF00010606B4AC2F8AC0268489838006808B9AB
:102000000C208CE765489438006808B90D2086E7F5
:1020100062489038006808B90E2080E75F488C3825
:10202000006808B90F207AE75C488838006808B96A
:10203000102074E759488438006800288CD111209A
:102040006DE7A1E0182936DA0120544A1060544A9D
:10205000C2F89C02514A083210600020121D106024
:102060000120121D10604E4AC2F8AC024B4898384D
:10207000006808B9122052E748489438006808B947
:1020800013204CE745489038006808B9142046E70B
:1020900042488C38006808B9152040E73F48883826
:1020A000006808B916203AE73C48843800680028E0
:1020B00071D1172033E71E2935DA0120374A106025
:1020C000374AC2F89C02354A08321060121D10606F
:1020D0000020121D10600120314AC2F8AC022F48C6
:1020E0009838006808B9182019E72C489438006817
:1020F00008B9192013E729489038006808B91A2050
:102100000DE726488C38006808B91B2007E72348EC
:102110008838006808B91C2001E720488438006826
:1021200090BB1D20FBE6242935DA01201B4A1060F4
:102130001B4AC2F89C02194A08321060121D106036
:10214000121D10600020164AC2F8AC0213489838DD
:10215000006808B91E20E2E610489438006808B903
:102160001F20DCE60D489038006808B92020D6E62C
:102170000A488C38006808B92120D0E6074888381A
:10218000006810B92220CAE605E0044884380068D7
:1021900008B92320C3E6FF20C1E6000098024142AF
:1021A000000041421CB50121402004F08FF90820B5
:1021B000009001208DF8040000208DF80600032017
:1021C0008DF8050001208DF8070069461248FFF7D9
:1021D000DFF808F04FFF08200F491A310880C820A7
:1021E000FEF702FE08200C491831088008F042FF73
:1021F0004FF41670FEF7F8FD08F03CFF0820064982
:102200001A310880C820FEF7EFFD08200249183176
:10221000088008F02FFF1CBD0018024070B504466E
:1022200000261948058808F025FF174840884543CF
:102230001548808846F60401884216D112488079F4
:10224000012812D10020104988712A2048812B20B2
:1022500088810021084600F085FD01200A49887127
:102260002B2048812A20888103E00021084600F0C5
:1022700079FD00F0A1FE002602E004480480761CEF
:10228000AE42FAD370BD0000204200200000026080
:1022900010B5044608F0EEFEDCB900201C49887138
:1022A000F02008804FF4A07048800846808841F6EE
:1022B0006311884228D12C20154908812B204881A0
:1022C0002A2088814FF4F07008804FF448704880CD
:1022D0001AE001200E4988714FF4A0700880F020A8
:1022E00048800846808841F6631188420CD12C2032
:1022F000074908812A2048812B2088814FF4F070FB
:1023000008804FF488704880002000F0B1FB10BDB9
:102310002042002070B504460D46164608F0AAFE7D
:102320001A48808841F66311884227D1174880797E
:1023300020B916480088401E001B84B21349488902
:1023400000F034FE201200F02BFEE0B200F028FE78
:10235000201200F025FEE0B200F022FE0B49888931
:1023600000F024FE281200F01BFEE8B200F018FE78
:10237000281200F015FEE8B200F012FE03480089B2
:1023800003490880881C068070BD000020420020A0
:10239000FEFF01602DE9F05F05460E4617469846A0
:1023A000DDF828A04FF0000B08F064FE781B401CFD
:1023B0001FFA80FB344615E02146284600F0D2FC87
:1023C00000F0FAFD4FF0000906E00848A0F800A070
:1023D00009F101001FFA80F9D945F6DB08F04AFE41
:1023E000601C84B24445E7DDBDE8F09F0000026058
:1023F0002DE9F043A1B000260027B046B1460121E7
:10240000182004F063F80121084604F06FF808F082
:1024100031FE4CF6B3701F9002208DF88000002032
:102420008DF8820003208DF8810001208DF8830053
:102430001FA9FE48FEF7ACFF4FF680701F900220E8
:102440008DF8800000208DF8820003208DF8810037
:1024500001208DF883001FA9F548FEF799FF0C2293
:102460000021F248FEF7DCFF0C220121EF48FEF7C5
:10247000D7FF0C220421ED48FEF7D2FF0C220521E4
:10248000EA48FEF7CDFF0C220821E848FEF7C8FF16
:102490000C220921E548FEF7C3FF0C220A21E3487C
:1024A000FEF7BEFF0C220E21E048FEF7B9FF0C221A
:1024B0000F21DE48FEF7B4FF0C220721DC48FEF7AF
:1024C000AFFF0C220821DA48FEF7AAFF0C220921EF
:1024D000D748FEF7A5FF0C220A21D548FEF7A0FF3A
:1024E0000C220B21D248FEF79BFF0C221146D0484C
:1024F000FEF796FF0C220D21CD48FEF791FF0C222E
:102500000E21CB48FEF78CFF0C220F21C848FEF7A6
:1025100087FF0C220721C548FEF782FF0C220B2102
:10252000C248FEF77DFF08F0A5FD102009900020AD
:102530000A903C200B9000200C9002200D9000206F
:102540000E900F9012200290002003901020049013
:102550000020059006900790089008F08BFD002061
:10256000109011901290102013900020149016904B
:102570001590179018904FF48050199000201A90E1
:102580004FF480401B9000201C9009A81D9002A8C9
:102590001E9010A8FEF76AFE01210020FEF74CFEF7
:1025A00008F068FD4FF4C870FEF71EFC08F062FDED
:1025B0004FF4C870FEF718FC08F05CFD002000F036
:1025C00019FA9C498880084681889BA008F05CFD28
:1025D0000020009001900024A12000F0E7FC0520DD
:1025E00009F0EAFA00F0FCF9C0B28DF8000000F042
:1025F000F7F9C0B28DF8010000F0F2F9C0B28DF821
:10260000020000F0EDF9C0B28DF8030000F0E8F927
:10261000C0B28DF804008DA008F036FD00BF06E0C2
:102620001DF804108DA008F02FFD601CC4B2052C0D
:10263000F6DB8CA008F028FDA12000F0B7FC00F02C
:10264000CFF97C49888000F0CBF97A498880084628
:1026500080884FF6FF7101EA00207649888000F0FB
:10266000BFF974498988084372498880084681887F
:1026700071A008F009FD0A20FEF7B6FB08F0FAFC8D
:1026800041F663106B4988800846808841F66311E3
:1026900088427DD108F0EEFCE22000F087FC1D208E
:1026A00000F07EFC022000F07BFC042000F078FCAF
:1026B000642009F081FAE02000F078FC012000F0AD
:1026C0006FFC0A20FEF790FB08F0D4FCE02000F03D
:1026D0006DFC032000F064FC0C20FEF785FB01205C
:1026E00000F064FC0A20FEF77FFB4FF4C870FEF791
:1026F0007BFB08F0BFFC4FF4C870FEF775FB08F0D9
:10270000B9FCE62000F052FC2F2000F049FCFF202D
:1027100000F046FCFF2000F043FCB02000F046FC37
:10272000102000F03DFC002000F03AFC08F0A2FC74
:10273000012000F035FC40F2DF1000F031FC0120F8
:1027400000F02EFC40F20F1000F02AFC002000F0F8
:1027500027FCB42000F02AFC022000F021FC40F20B
:10276000DF2000F01DFC002000F01AFC2E2000F0FD
:1027700017FC002000F014FC002000F011FC0020E9
:1027800000F00EFC002000F00BFC08F073FC00E0F1
:1027900079E0B62000F00AFC012000F001FC4FF4C3
:1027A0009E7000F0FDFB002000F0FAFB172000F007
:1027B000F7FB152000F0F4FB002000F0F1FB0020F7
:1027C00000F0EEFBF02000F0F1FB032000F0E8FB4E
:1027D000292000F0EBFBD02000F0E8FB002000F007
:1027E000DFFBBE2000F0E2FB052000F0D9FBFE205D
:1027F00000F0D6FB012000F0D3FB002000F0D0FB5E
:10280000002000F0CDFB002000F0CAFB08F032FCF5
:10281000B82000F0CBFB032000F0C2FB012000F049
:10282000BFFBBA2000F0C2FB01201DE0000C0240FB
:1028300000100240204200206C63646465762E69BB
:10284000643D307825780D0A000000006765745FEC
:102850006C63645F6D6F64653A000000203078251A
:10286000780000000D0A000000F09AFB002000F044
:10287000CDF808F0FFFBC820FEF7B6FA08F0FAFB27
:10288000002000F0C3F80120FFF702FD42F204101F
:10289000FFF7C4FC0024002000900190002500F008
:1028A000A9F8044621463CA008F0EEFB08F0E2FB44
:1028B000A12000F07BFB052009F07EF900F090F8E4
:1028C000C0B28DF8000000F08BF8C0B28DF80100A6
:1028D00000F086F8C0B28DF8020000F081F8C0B2B6
:1028E0008DF8030000F07CF8C0B28DF80400AFF260
:1028F000A40008F0C9FB00BF07E01DF80510AFF207
:10290000A40008F0C1FB681CC5B2052DF5DBAFF2D1
:10291000AC0008F0B9FBA12000F048FB00F060F823
:10292000044600F05DF804464FF6FF7000EA042408
:1029300000F056F80443214617A008F0A5FB45F225
:102940006170844225D018A008F09EFB08F092FB2D
:102950006420FEF749FA00BF00BF00BF00BF00BF00
:10296000BFF34F8F00BF00BF00BF1B48006800F4DB
:10297000E0601A490843001D1749086000BF00BF06
:1029800000BFBFF34F8F00BF00BF00BF00E000BF1C
:10299000FDE721B0BDE8F0836C63645F69643D309E
:1029A0007825780D0A0000004C434420696E697454
:1029B000206661696C2C5468652073797374656D49
:1029C0002077696C6C206265207265737461727423
:1029D0006564210D0A0000000CED00E00000FA051E
:1029E00008B5034800880090BDF8000008BD00004D
:1029F0000000026010B50446204600F0D7FA05201A
:102A000009F0DAF8FFF7ECFF10BD000070B52DED0E
:102A1000048B044608F02EFBBE2000F0C7FA052008
:102A200000F0BEFA2046FDF7ECFD41EC190B9FEDDE
:102A30000E0B53EC102BFDF7E4FC41EC180BFDF7EB
:102A40000DFE85B2284600F0ABFA012000F0A8FA8E
:102A5000FF2000F0A5FA002000F0A2FA002000F00C
:102A60009FFABDEC048B70BD6666666666660440C0
:102A70002DE9F04105460024002708F0FBFAB8488C
:102A8000807901280BD1B648808846F60401884237
:102A900005D0B348808841F66311884208D1B04818
:102AA0008079F0B9AE48808841F66311884218D128
:102AB000082D15D2DFE805F00406080A0C0E1012E6
:102AC00006250DE007250BE0042509E0052507E0B4
:102AD000012505E0002503E0032501E0022500BFF4
:102AE00000BF9F48808849F24131884217D09C48F6
:102AF000808846F60401884211D09948808845F2C2
:102B0000103188420BD09648808845F21051884297
:102B100005D09348808841F6631188427ED1082D04
:102B20001CD2DFE805F00406090C0F12151800BFCF
:102B300014E044F0800411E044F040040EE044F05E
:102B4000C0040BE044F0200408E044F0600405E019
:102B500044F0A00402E044F0E00400BF00BF80485D
:102B6000808845F21051884202D14FF4585700E056
:102B700036277B48808845F2103188420DD078484E
:102B8000808845F21051884207D07548808841F608
:102B90006311884201D044F008047148808846F6E9
:102BA0000401884201D144F002042146384600F075
:102BB0000DFA6B48808841F6631188421DD004F0FD
:102BC000200068B16648008865494988884214DA5F
:102BD00063480688408862490880084646800CE0C1
:102BE0005F4800885E494988884206DD5C4806885F
:102BF00040885B490880084646805948808845F2ED
:102C00001051884254D15649488900F0CFF900202C
:102C100000F0C6F952494989491C00E077E088B2C2
:102C200000F0C4F9002000F0BBF94D494989891C26
:102C300088B200F0BBF94A490988491EC1F30F2048
:102C400000F0AEF946494989C91C88B200F0AEF9D6
:102C500043490978491EC8B200F0A2F94049888961
:102C600000F0A4F9002000F09BF93D498989491C36
:102C700088B200F09BF9002000F092F93849898968
:102C8000891C88B200F092F935494988491EC1F380
:102C90000F2000F085F932498989C91C88B200F0FB
:102CA00085F92F498978491EC8B200F079F955E0B5
:102CB0002B49488900F07AF9002000F071F90020D2
:102CC00000F06EF926490988491EC1F30F2000F073
:102CD00067F923490978491EC8B200F061F9204913
:102CE000888900F063F9002000F05AF9002000F014
:102CF00057F91B494988491EC1F30F2000F050F9CC
:102D000017498978491EC8B200F04AF926E0082D13
:102D10001CD2DFE805F004070A0D0F12151844F065
:102D2000300413E044F0100410E044F020040DE0FF
:102D300000BF0BE044F0380408E044F0280405E04C
:102D400044F0180402E044F0080400BF00BF032769
:102D500044F480542146384600F038F9BDE8F0814B
:102D60002042002070B504460D462848808841F670
:102D70006311884248D108F07DF924488079A8B9C8
:102D800022480088401E001B84B22049488900F078
:102D90000DF9201200F004F9E0B200F001F9201260
:102DA00000F0FEF8E0B200F0FBF816E017494889A1
:102DB00000F0FCF8201200F0F3F8E0B200F0F0F8B8
:102DC00012490988491EC1F30F2000F0E9F80F49A4
:102DD0000978491EC8B200F0E3F80C49888900F070
:102DE000E5F8281200F0DCF8E8B200F0D9F807495D
:102DF0004988491EC1F30F2000F0D2F803498978B1
:102E0000491EC8B200F0CCF870BD0000204200207E
:102E10002DE9F84F80460E4617461C46B34620461D
:102E2000E31704EB5373DB1021464FEAE47C04EB19
:102E30005C7C4FEAEC0CA4EBCC0CBCF1000F02D094
:102E40004FF0010C01E04FF0000C6344224604EB0C
:102E5000D27C4FEA6C0C03FB0CF3DBB2009308F05E
:102E600009F9A7F12000C7B2002554E00C2C07D1C6
:102E700007EB47002A4901EB800010F8059013E0AA
:102E8000102C05D1274800EB071010F805900BE037
:102E9000182C07D107EBC700234901EB800010F87D
:102EA000059001E0BDE8F88F4FF0000A2DE009F031
:102EB000800028B1314640460C9AFFF72BFA06E015
:102EC0000A9820B9314640460B9AFFF723FA4FEA99
:102ED00049604FEA1069701C86B214484088B042BD
:102EE00000DCDFE7A6EB0B00A0420AD15E4608F14A
:102EF00001001FFA80F80D480088404500DCD1E74A
:102F000006E00AF1010000F0FF0ABAF1080FCEDB7B
:102F100000BF681CC5B200988542A7DB00BFC1E7AF
:102F20009CCB000810D0000800D6000820420020EA
:102F30002DE9FF5F04460D46904699460EAE96E891
:102F4000C00CE0B2039008F095F808EB04001FFAFB
:102F500080F809EB05001FFA80F917E0444502DB11
:102F6000039CA81985B24D4500DB15E000208DE8D3
:102F7000010C3A78334629462046FFF749FF304690
:102F800006EBD07104EB61018CB27F1C38787E288F
:102F900002DC38782028E1DA00BFBDE8FF9F00009E
:102FA0000149088070470000000002600149088064
:102FB00070470000FEFF0160024800890249088056
:102FC0007047000020420020FEFF0160024A10808E
:102FD000921C118070470000FEFF01601CB50121AA
:102FE000084603F073FA0121022003F06FFA012171
:102FF000082003F06BFA0121102003F067FA41F674
:103000000110009001208DF8040000208DF80600CA
:1030100003208DF8050001208DF807006946174848
:10302000FEF7B6F94FF43070009069461448FEF789
:10303000AFF943F24C00009069461248FEF7A8F938
:103040001F20009069461048FEF7A2F941F60111D1
:103050000A48FEF70AFA4FF430710948FEF705FAFC
:1030600043F24C010748FEF700FA1F210648FEF71D
:10307000FCF90020054908601CBD0000000002406A
:1030800000040240000C02400010024098824042BE
:103090000020064908600649C1F8B00203490C3116
:1030A00008600449C1F8A40270470000A002404231
:1030B0000000404200804042002006490860064966
:1030C000C1F88C020349103108600349C1F8B0020D
:1030D00070470000888241420080414224480078C5
:1030E000022809D10120234908604FF4FA702049D1
:1030F0004880012008700BE01D480078012807D1A6
:103100001B48408820B900201A49086018490870F7
:1031100017480079022806D14FF4FA701449C88084
:103120000120087109E012480079012805D11048F2
:10313000C08810B900200E4908710D48007A022895
:1031400009D101200C4908604FF4FA700849488100
:10315000012008720BE00648007A012807D10448D4
:10316000408920B90020044908600149087270476D
:10317000D80600208C024242B482414210B57B2026
:1031800003F082FA10B118A007F07EFF7A2003F056
:103190007BFA10B119A007F077FF7C2003F074FAD6
:1031A00010B11BA007F070FF7D2003F06DFA10B185
:1031B0001CA007F069FF7E2003F066FA10B11EA084
:1031C00007F062FF7F2003F05FFA10B11FA007F045
:1031D0005BFF792003F058FA10B121A007F054FFEB
:1031E00003F0D4F910BD00005243435F464C414701
:1031F0005F504F525253540D0A0000005243435F38
:10320000464C41475F50494E5253540D0A0000004E
:103210005243435F464C41475F5346545253540D0B
:103220000A0000005243435F464C41475F49574400
:10323000475253540D0A00005243435F464C4147E6
:103240005F575744475253540D0A00005243435F9F
:10325000464C41475F4C5057525253540D0A0000A0
:103260005243435F464C41475F424F525253540DC5
:103270000A0000002DE9F04100250024002708F095
:103280002BFC054607F0F6FE002D6ED0681E0321CC
:1032900090FBF1F0C4B2681E90FBF1F201FB12004A
:1032A000C7B2002F61D1242C5FDA0B2C71D1F94801
:1032B000807848B9F8488078012803D007F0DAFE12
:1032C00002F00AFDBDE8F081F2488078032812D1AF
:1032D000F1488078012807D007F0CCFEED49487806
:1032E0000022114601F0BCFF0020EC4908600121DA
:1032F000E9488170E6E7FF20E649C87002F00CF863
:1033000007F0B8FEFFF7D8FEE3488078012872D1B5
:10331000E348008918B149F64040E149088107F0C7
:10332000A9FE012007F062FB07F0A4FE0220D949A4
:1033300081F8730108464078012817D1D9484068C0
:103340000168D9A007F0A0FED64840680068E149AE
:10335000884206D90120E0490870E0A007F094FEF9
:103360001BE00020DC49087017E093E2CD4840687C
:103370000168E1A007F088FECA4840680068E94992
:10338000884207D90120D4490870E7A007F07CFEE5
:1033900003E040E00020D0490870CF48007820B911
:1033A00007F068FE02F0A6F974E200260020E54965
:1033B00008701CE007F05EFE08F022FD06460B2EAA
:1033C00006D10120E04981F8BA0102F093F910E03A
:1033D0000A2E04D10120DC4981F8BA0109E0D9485C
:1033E000007820B90120D749087007F06BFAE1E7AF
:1033F00001E000BFD8E7A84880780128D4D0A549CB
:1034000048780022114601F02BFF0020A3490860F4
:1034100002F062FCC8E70A2C2ED19E488078002872
:10342000C2D0FF209B49C87001F076FF07F022FE52
:10343000FFF742FE9848807858B902F04BF9954959
:1034400048780022114601F00BFF012093490860E3
:10345000AAE79148807802280DD1BC48006840F066
:103460000100BA49086007F005FE02F023F90020C8
:103470008A49086098E797E7092C17D185480078B2
:10348000012803D102208349087002E0012081490C
:10349000087007F0EFFDFF207E49C87001F03CFF87
:1034A000FFF70AFE01207E4908817DE7182C1FD115
:1034B000FF207849C87001F02FFF07F0DBFDFFF710
:1034C000FBFD74488078002894D1734880780128E7
:1034D00090D107F0CFFD012007F088FA02206D4956
:1034E00081F8730102F006F90220994908705BE740
:1034F000042C70D1684880780128FAD16648007899
:1035000000F0020028B16448007820F0020062490F
:10351000087061488078012801D002F0DDFB5D4829
:10352000407808B9012000E000205A494870022084
:1035300087490871FF205749C870FFF7A9FDFFF7B9
:10354000BBFD0020534981F870010021514880F8EB
:1035500072114078012854D17E48407820F0010053
:103560007C4948700846407840F00100487049485E
:1035700090F8A80047498871084680798870764895
:103580000078764908707448801C02684168414898
:103590008030C0E904214FF40040714908803D4863
:1035A000807830B101280CD0022815D0032826D10C
:1035B0001CE03848007A37494871012069490860A1
:1035C0001EE0344890F830003249487101206549C6
:1035D0001031086014E0EAE02E4890F858002D49B8
:1035E000487101205F490C31086009E0294890F8D2
:1035F00080002849487101205B49086000E000BF55
:10360000C1E05448407820F0010052494870002041
:103610004870204880791F4981F8A800084690F832
:10362000A80088704C4840784C4908704A480A30D5
:10363000026841684D48C0E904214FF40040484900
:1036400008801448807830B101280DD0022815D0A8
:1036500003281DD18CE00F4890F8B0000D49487147
:103660000120404908608DE00A4890F8D8000949D7
:10367000487101203B491031086083E0054890F80B
:10368000000104494871012036490C31086079E095
:1036900077E00000480000208402002084024242BB
:1036A000C8060020A002002042544E5F53494E47F6
:1036B0004C4554524947474552204D6F646520564A
:1036C0006F6C746167652C416D706C3D25640D0AEB
:1036D000000000000051250240000020457863658D
:1036E0006564696E67207361666520766F6C7461CE
:1036F00067650D0A0000000042544E5F53494E4773
:103700004C4554524947474552204D6F646520430C
:10371000757272656E742C416D706C3D25640D0A76
:103720000000000080969800457863656564696EC6
:103730006720736166652063757272656E740D0A29
:1037400000000000410000200C050020003C01406A
:10375000D8060020E801002048030020C001002016
:103760001A140240A0024042A4824042700100208C
:10377000FE4890F82801FD4948710120FC49086085
:1037800000E000BF00BFFB48407800F00100F949AD
:10379000097801F00101884202D0012003F00CFFFA
:1037A0000120F54981F8BA01F4490881FCE51F2C94
:1037B00071D1F348807801286DD1F2490860F24850
:1037C0000078401CF049087008460078042801DBA6
:1037D00000200870EC480178ECA007F055FCEA489E
:1037E000007818B1E8480078012802D104F012FDF1
:1037F00001E004F04BFDDD484078012804D1E248A7
:103800000078E649087003E0DF480078E349487033
:103810001622E249E620FDF7E4F9DB4800780228A9
:1038200003D0D9480078032829D10120CF49C87096
:1038300001F5A870D0E9043044F620629A1A70F1BC
:10384000000019D244F620610020D54AC2E90410D4
:103850001146D1E90401C54AD2F854210832C34BBC
:10386000DB7802EBC30203C2FF20C049C87001F03D
:1038700053FD012007F0BAF8FF20BC49C870C748C3
:103880004278017800E006E0C6A007F0FDFB0020CA
:10389000BC490860DBE3A4BBB9488078012803D0A9
:1038A000B248807803284AD102F016FAC948008845
:1038B0004FF6FE710840C74908800020C5492431F1
:1038C00008600120C44908600020C449C1F8800292
:1038D000FFF7F2FBA548807808B3FFF7D9FB01207A
:1038E000BD49203108600020A04988700846407812
:1038F000012807D10846807888710846007A487107
:1039000009E01CE099488078984981F8A8000846A9
:1039100090F8B00048710120974981F8BA01002061
:10392000AF4908600120AF49C1F88002FF208F49EC
:10393000C87001F0F1FC01209049088187E3022C56
:103940005AD18F488078012803D08848807803288E
:1039500052D102F0C1F901218948817000208649C5
:1039600081F8BA019B4800884FF6FE7108409949DA
:10397000088000209749243108600120964908609A
:1039800000209649C1F88002FFF796FB77488078BF
:10399000022821D0FFF77CFB01208F492C310860E1
:1039A00002207249887008464078012807D10846ED
:1039B00080788871084690F85800487108E06B4894
:1039C00080786A4981F8A800084690F8000148719B
:1039D0000120694981F8BA0100208149086001206D
:1039E0008049C1F88002FF206049C87001F094FC52
:1039F0000120624908812AE3012C59D1604880786E
:103A0000012803D059488078032851D102F064F985
:103A100001215B4881700020574981F8BA016D4847
:103A200000884FF6FE7108406A4908800020694905
:103A30002431086001206849086000206749C1F806
:103A40008002FFF739FB49488078012820D0FFF732
:103A50001FFB0120604930310860444988700846E6
:103A60004078012807D1084680788871084690F888
:103A70003000487108E03D4880783C4981F8A80052
:103A8000084690F8D800487101203B4981F8BA01F6
:103A900000205349086001205249C1F88002FF20EC
:103AA0003249C87001F038FC012034490881CEE267
:103AB000032C49D132488078012845D1FFF7FCFA20
:103AC0004FF400404849088028488078032820D0D7
:103AD000FFF7DEFA01202649086003202349887099
:103AE00008464078012807D1084680788871084642
:103AF00090F88000487108E01C4880781B4981F8E4
:103B0000A800084690F82801487101201A4981F858
:103B1000BA011D48007818B11B480078012802D16D
:103B200004F078FB01E004F0B1FB01202C490860AF
:103B30000A20FDF759F9FF200C49C87001F0ECFB91
:103B400001200E49088182E2222C7AD10C4880782B
:103B5000012876D108F040FC0448807820B1034861
:103B6000807801284AD041E048E000004800002069
:103B7000A4824042E80100200C050020C806002075
:103B800084020020B4824142C00100205761766562
:103B90005F747970653D25640D0A000048030020BC
:103BA00098010020734164646974696F6E616C44AC
:103BB0006174612E565F576176655F747970653AFE
:103BC00025642C435F576176655F747970653A258B
:103BD000640D0A000004004080024042000042429E
:103BE000B0824242000040421A140240F7488078F6
:103BF000022803D0F54880780328A4D1FFF75CFAA7
:103C0000F248C07801281DD00120F1490860EF4832
:103C100090F87301022803D10120EC4981F8730167
:103C20000120EA49C870002102F096FF0120E7490F
:103C300081F870010021E54880F8711180F8721157
:103C40005BE05DE0E148C07801283CD1E1480078C4
:103C500018B1E048007801281BD1DF48D0E90420E2
:103C600042F21073D21A70F1000004D21A460020FA
:103C7000D949C1E90420D848D0E90410D34AD2F880
:103C800054210832D14BDB7802EBC302C2E90010A9
:103C900019E0D148D0E9042044F62063D21A70F12B
:103CA000000004D21A460021CB48C0E90421CA49C9
:103CB000D1E90401C54AD2F854210832C34BDB785C
:103CC00002EBC30203C2C14890F8730101280AD174
:103CD0000020BE4981F87301012006F087FE022012
:103CE000BA4981F87301FF20B849C870002081F8F3
:103CF00070010021B54880F8721101F00DFBA6E1BA
:103D0000232C46D1B5488078012842D108F064FBC5
:103D1000FFF7D2F9AD48C078F0B10120AC49091FD6
:103D20000860AA4890F87301022803D10120A7492E
:103D300081F873010020A549C8700021012002F01C
:103D40000BFF0120A14981F8700100219F4880F8F4
:103D5000711180F8721119E09C4890F873010128E4
:103D60000AD10020994981F87301012006F03EFE36
:103D70000220964981F87301FF209449C870002001
:103D800081F870010021914880F8721101F0C4FAA5
:103D90005DE1212C6CD191488078012868D108F030
:103DA0001BFB8A488078012803D088488078022845
:103DB000A5D1FFF781F98548C07802281ED00120DF
:103DC00083490C310860814890F87301022803D1BF
:103DD00001207E4981F8730102207C49C8700021CE
:103DE000012002F0B9FE0120784981F8700100211C
:103DF000764880F8711180F8721136E07348C07807
:103E0000022818D17448D0E90430754A9A1A70F122
:103E1000000004D2724A00206F49C1E904206E49B3
:103E2000D1E90401694AD2F854210832674BDB78A2
:103E300002EBC30203C2654890F8730101280AD15E
:103E40000020624981F87301012006F0CFFD0220B5
:103E50005E4981F87301FF205C49C870002081F839
:103E600070010021594880F8721101F055FAEEE016
:103E7000202C68D159488078012864D108F0ACFA28
:103E80005248807802285DD1FFF716F94F48C07874
:103E900003281ED001204E49243108604B4890F879
:103EA0007301022803D10120484981F873010320DE
:103EB0004649C8700021012002F04EFE012043490E
:103EC00081F870010021414880F8711180F8721169
:103ED00036E03E48C078032818D13F48D0E90410A6
:103EE000404A891A70F1000004D2114600223A4873
:103EF000C0E904123849D1E90401344AD2F8542106
:103F00000832324BDB7802EBC30203C22F4890F831
:103F1000730101280AD100202C4981F87301012086
:103F200006F064FD0220294981F87301FF2027492A
:103F3000C870002081F870010021244880F87211B7
:103F400001F0EAF983E0132C03D1002002F096FE81
:103F50007DE01D2C03D1012002F090FE77E0172CAC
:103F600003D1022002F08AFE71E0112C03D103205C
:103F700002F084FE6BE01C2C03D1042002F07EFED4
:103F800065E0162C03D1052002F078FE5FE0102CCE
:103F900003D1062002F072FE59E01B2C03D107204A
:103FA00002F06CFE53E0152C03D1082002F066FEEF
:103FB0004DE00F2C03D1092002F060FE47E0072CF2
:103FC00012D10B2002F05AFE41E000004800002010
:103FD0008C824142C0010020980100208402002010
:103FE000400D0300A08601001E2C03D10C2002F01E
:103FF00045FE2CE0192C08D1164890F8720130BB10
:104000000121144880F8721121E00D2C1FD1FFF717
:1040100053F808F0E1F9FF200E49C87001F07CF96F
:1040200000200C4981F8700100210A4880F87211C3
:1040300090F8730101280AD10020064981F8730124
:10404000012006F0D3FC0220024981F8730100BF71
:10405000FFF738B94800002000BFFEE770B507F051
:1040600009F8DE22FD494FF40070FCF77DFD07F0F2
:1040700001F8FA4800787E2804D1F84890F8DD006D
:1040800045287DD0F6A006F0FFFF0020FE4908700D
:104090000120487003F090FA012007F079FDFB48F9
:1040A000007A40F00B00F9490872084690F8300099
:1040B00040F00B0081F83000084690F8580040F0BE
:1040C0000B0081F85800084690F8800040F00B0083
:1040D00081F88000084690F8B00040F01A0081F89E
:1040E000B000084690F8D80040F01A0081F8D800D7
:1040F000084690F8000140F01A0081F800010846D7
:1041000090F8280140F01A0081F82801FF208870FB
:104110000846007A48717E20D04908700120487016
:10412000D948407800F0010088700020C8700871FC
:10413000D648007A487100208871C871D449C74AAE
:104140009160D060D348002110615161CF4890F850
:10415000300011460876002048768876C876CC492B
:10416000D1611062CB48002150629162CA48D0628E
:104170001163C64890F85800114681F8340000E0F9
:1041800011E2002081F8350081F8360081F837000F
:1041900081F83800BE480021393210605160BD48B6
:1041A000083210605160BC48083210605160BB4951
:1041B0000020083211605060B44890F88000A74990
:1041C00081F85900002081F85A00B24800210A32D3
:1041D00010605160AD4890F8B000A04981F86300CC
:1041E000002081F8640081F86500A94800210B32A5
:1041F0001060516041100020083211605060A348E7
:1042000090F8D800954981F87600002081F8770071
:1042100081F8780081F879009D490C321160506076
:1042200049100832116050600832116050609748A0
:1042300090F80001894981F89200002081F89300EC
:1042400081F8940081F8950081F8960090490D322C
:10425000116050604810002108321060516008322F
:10426000106051608D48083210605160874890F8A6
:1042700028017A4981F8B700002081F8B800864902
:104280000A3211605060754981F8C10081F8C2009E
:1042900081F8C30081F8C40081F8C50081F8C60028
:1042A00081F8C70081F8C800002110321160516008
:1042B0000832106050606949C1F8D900452081F882
:1042C000DD0006F0D7FEDE2264494FF40070FCF7F3
:1042D00088FC06F0CFFE02207149087048706C49D6
:1042E00000206F4A921C11605060083211605060CB
:1042F00006F0C0FE16226A49E620FCF772FC06F0C2
:10430000B9FE5648407961490872544881795F483E
:1043100081725248C1795D48417250488168C268D3
:104320005A48C0E906124D4908694969574AC2E925
:1043300004014A48007E114681F830004748417E1A
:10434000104680F832104548817E104680F83110C2
:104350004248C17E104680F833104048C269016A65
:104360004A48C0E910213D48426A806A4749C1E98C
:104370000E203A48C26A016B4448C0E9122137480E
:1043800090F83400414981F85800344890F83510CD
:104390003E4880F85A10314890F836103B4880F873
:1043A00059102E4890F83710384880F85B102B4889
:1043B00090F83810354880F85C102848393001688A
:1043C00042683248C0E91A122449413108684968F4
:1043D0002E4AC2E9180121484930016842682B4839
:1043E000C0E91C121D485130016842682748C0E9E5
:1043F0001E121A4890F85900244981F88000174885
:1044000090F85A10214880F8811014495B310868EF
:1044100049681E4A8032C2E90201104890F86300E0
:104420001A4981F8B0000D4890F86410174880F8D8
:10443000B2100A4890F86510144880F8B110074887
:104440006630026841681148B030C0E90421034871
:104450006E30026841680D48B03023E05E030020F2
:104460004C6F616420706172206572726F722C7380
:10447000657420746F2064656661756C7420766164
:104480006C7565210D0A0000E8010020480000203D
:1044900080841E00C0E1E40040420F0080C3C901D7
:1044A00048030020C0E90221FE4890F87600FE494A
:1044B00081F8D800FB4890F87710FB4880F8DA10B4
:1044C000F84890F87810F84880F8D910F54890F836
:1044D0007910F54880F8DB10F2487A3002684168BC
:1044E000F148D830C0E90421EE48823001684068C4
:1044F000ED4AD832C2E90210EA488A3001684268BF
:10450000E948D830C0E90612E64890F89200E6493A
:1045100081F80001E34890F89310E34880F8021115
:10452000E04890F89410E04880F80111DD4890F8D8
:104530009510DD4880F80311DA4890F89610DA48B3
:1045400080F80411D748973001684268D748C0E91D
:104550000412D4489F3001684068D44AC2E902106E
:10456000D048A73002684168D048C0E90621CD484C
:10457000AF3001684268CD48C0E90812C94890F8D8
:10458000B700C94981F82801C64890F8B810C64854
:1045900080F82911C348B93001684068C34A2832FD
:1045A000C2E90210E0E2BF484078BF490870BD4848
:1045B00080784870BB48C0788871BA48007981F823
:1045C000A800B84840790872B6488179B648817227
:1045D000B448C179B4484172B2488168C268B248EF
:1045E000C0E90612AF4802694169AF48C0E9042139
:1045F000AC48007EAC4981F83000AA48417EAA4808
:1046000080F83210A748817EA74880F83110A5486D
:10461000C17EA54880F83310A248C169026AA24849
:10462000C0E910129F49486A896A9F4AC2E90E018F
:104630009C48C26A016B9C48C0E91221994890F8D5
:104640003400994981F85800964890F835109648FA
:1046500080F85A10934890F83610934880F8591013
:10466000904890F83710904880F85B108D4890F88B
:1046700038108D4880F85C108A48393001684268EB
:104680008948C0E91A128749413108684968864A51
:10469000C2E9180183484930016842688248C0E98C
:1046A0001C1280485130016842687F48C0E91E12E0
:1046B0007C4890F859007C4981F88000794890F84E
:1046C0005A10794880F8811076485B30026840685B
:1046D00075498031C1E90220724890F86300803941
:1046E00081F8B0006F4890F864106F4880F8B210FD
:1046F0006C4890F865106C4880F8B11069486630D5
:104700000168426869485038C0E9041265486E3053
:104710000268406865495039C1E90220614890F853
:104720007600B03981F8D8005E4890F877105E487E
:1047300080F8DA105B4890F878105B4880F8D91060
:10474000584890F87910584880F8DB1055487A306E
:104750000268416855482838C0E904215148823030
:104760000268406851492839C1E902204D488A3021
:10477000016842684D482838C0E90612494890F857
:104780009200494981F80001464890F89310464844
:1047900080F80211434890F89410434880F80111C2
:1047A000404890F89510404880F803113D4890F833
:1047B00096103D4880F804113A48973002684168E5
:1047C0003A48C0E9042137489F30016842683748B9
:1047D000C0E902123348A730016842683348C0E993
:1047E00006123048AF30016842683048C0E908120C
:1047F0002C4890F8B7002C4981F82801294890F8F6
:10480000B810294880F829112649B9310868496843
:10481000264A2832C2E9020106F02CFC2248D0E9DF
:104820001A43224622A006F02FFC1F48D0E9184365
:1048300022462DA006F028FC1B48D0E91C43224646
:1048400037A006F021FC1848D0E91E43224642A0BA
:1048500006F01AFC06F00EFC4E4A452312481830AA
:1048600000F004FA4C4A00230F48103000F0FEF923
:10487000484A45230C48403000F0F8F9464A0023E6
:104880000948383000F0F2F9444A09230648483014
:1048900000F0ECF93F4A45230348683000F0E6F9A0
:1048A0003D4A7DE05E0300204800002048010020D2
:1048B000557365724F7065726174696F6E2E565FC5
:1048C0004D6F6465547261696E2E506172616D5BEB
:1048D000554F5F504152414D5F50554C53455D3AE5
:1048E000256C6C640D0A0000557365724F7065721B
:1048F0006174696F6E2E565F4D6F646554726169A5
:104900006E2E506172616D5B554F5F504152414D4B
:104910005F414D504C5D3A256C6C640D0A000000FF
:10492000557365724F7065726174696F6E2E565F54
:104930004D6F6465547261696E2E506172616D5B7A
:10494000554F5F504152414D5F465245515D3A25AA
:104950006C6C640D0A000000557365724F706572CF
:104960006174696F6E2E565F4D6F64655472616934
:104970006E2E506172616D5B554F5F504152414DDB
:104980005F4455524154494F4E5D3A256C6C640D5D
:104990000A00000000B864D9804A5D0500902F50DD
:1049A0000023914800F062F9904A09238E481030A4
:1049B00000F05CF98E4A02238B48183000F056F95B
:1049C0008C4A00238848283000F050F98A4A452351
:1049D0008548603000F04AF9884A00238248583000
:1049E00000F044F9844A45237F48883000F03EF9BE
:1049F000824A00237C48803000F038F97B4A092342
:104A00007948903000F032F97B4A45237648B0303F
:104A100000F02CF9794A00237348A83000F026F9F9
:104A2000724A09237048B83000F020F9704A022316
:104A30006D48C03000F01AF9704A00236A48D0303F
:104A400000F014F96848C830D0E9024322466CA04F
:104A500006F01AFB00207A490870634860384078F5
:104A60004870012002F0A8FD06F004FBFF205E491B
:104A70006039887008464078B0B3012873D1084681
:104A8000807930B101280ED0022817D003282CD10C
:104A90001FE055486038007A534960394871012059
:104AA00007F076F822E05048603890F830004E4920
:104AB00060394871042007F06BF817E04A48603805
:104AC00090F85800484960394871072007F060F8AD
:104AD0000CE04548603890F88000434960394871DF
:104AE0000A2007F055F801E002E000BF00BF3AE0FD
:104AF0003D48603890F8A80030B101280FD0022856
:104B000018D003282CD120E03748603890F8B00046
:104B1000354960394871012007F03AF821E0324800
:104B2000603890F8D800304960394871042007F0A7
:104B30002FF816E02C48603890F800012A496039B7
:104B40004871072007F024F80BE02748603890F8F8
:104B500028012549603948710A2007F019F800E05A
:104B600000BF00BF00BF00BF06F084FA162235491F
:104B7000E620FBF7F9FF06F07DFA324800780328BB
:104B800002DD00202F4908702E484078032802DDFE
:104B900000202C4948702B48427801782AA006F062
:104BA00073FA06F067FA10486038407801280CD193
:104BB000244800782C4908702248801C026841680B
:104BC00009482030C0E904210BE01E4840782649FE
:104BD00008701C480A30016842680348C830C0E9C0
:104BE000041206F047FA70BDA800002000902F5074
:104BF0000098D058804A5D0500B864D90048E801A3
:104C0000526561643120557365724F7065726174CD
:104C1000696F6E2E435F4D6F6465457874426E63B5
:104C20002E506172616D5B554F5F504152414D5F37
:104C3000414D504C5D3A256C6C640D0A000000003B
:104C4000E801002048030020565F576176655F74D5
:104C50007970653A25642C435F576176655F747996
:104C600070653A25640D0A00C001002010B5D0E936
:104C70000041141B73EB010102D200240460446064
:104C800010BD000070B5C14800894EF66021884211
:104C90007EDB7E20BE490870BE4800784870BD4863
:104CA00040788870BB488079C870BA4890F8A800EE
:104CB0000871B848007A4871B648807A8871B5485A
:104CC000407AC871B348D0E90610B14A9160D0600B
:104CD000B049D1E9040110615161AE4890F830004B
:104CE00011460876AB4890F832004876A94890F80B
:104CF00031008876A74890F83300C876A548D0E9F7
:104D00001010D1611062A348D0E90E105162906278
:104D1000A048D0E91210D16210639E4890F8580064
:104D2000114681F834009B4890F85A0081F835000C
:104D3000984890F8590081F83600964890F85B0042
:104D400081F83700934890F85C0081F8380091486A
:104D5000D0E91A103932116050608E49D1E918013A
:104D60000832106051608B48D0E91C100832116085
:104D7000506088496031D1E9060108321060516005
:104D8000844890F88000824981F85900814800E009
:104D9000FAE090F8810081F85A007E498031D1E92B
:104DA00002010A32106051607A4890F8B0007849E8
:104DB00081F86300774890F8B20081F86400754884
:104DC00090F8B10081F865007248B030D0E9041065
:104DD0000B32116050606F48B030D0E902100832D9
:104DE000116050606B4890F8D800694981F87600EE
:104DF000684890F8DA0081F87700664890F8D900A2
:104E000081F87800634890F8DB0081F87900614907
:104E1000E031D1E902010C32106051605D48D830B8
:104E2000D0E902100832116050605A49E031D1E9EE
:104E30000401083210605160564890F8000154494E
:104E400081F89200534890F8020181F8930051488C
:104E500090F8010181F894004E4890F8030181F820
:104E600095004C4890F8040181F896004A49D1E930
:104E700002010D321060516047480838D0E9021035
:104E800008321160506044480838D0E906100832F2
:104E9000116050604049D1E906010832106051604C
:104EA0003C4890F828013A4981F8B700394890F811
:104EB000290181F8B80038492031D1E902010A32CC
:104EC000106051600020324981F8C10081F8C200B1
:104ED00081F8C30081F8C40081F8C50081F8C600DC
:104EE00081F8C70081F8C800C1F8D900452081F8D1
:104EF000DD0006F0BFF827496031D1E902432246C0
:104F000026A006F0C1F82349D1E91843224631A072
:104F100006F0BAF81F496031D1E9044322463BA0AC
:104F200006F0B2F81B496031D1E90643224645A09C
:104F300006F0AAF81849D1E90243224650A006F02B
:104F4000A3F815480838D0E9024322465AA006F0D3
:104F50009BF81149D1E90443224665A006F094F874
:104F60000D49D1E9064322466FA006F08DF806F000
:104F700081F8DE2206494FF40070FBF732FE06F09E
:104F800079F800200149088170BD0000C8060020A2
:104F90005E03002048000020500100205573657218
:104FA0004F7065726174696F6E2E565F4D6F6465E8
:104FB000547261696E2E506172616D5B554F5F5026
:104FC0004152414D5F50554C53455D3A256C6C64E0
:104FD0000D0A0000557365724F7065726174696FD8
:104FE0006E2E565F4D6F6465547261696E2E50610E
:104FF00072616D5B554F5F504152414D5F414D5065
:105000004C5D3A256C6C640D0A00000055736572A6
:105010004F7065726174696F6E2E565F4D6F646577
:10502000547261696E2E506172616D5B554F5F50B5
:105030004152414D5F465245515D3A256C6C640DBD
:105040000A000000557365724F7065726174696F74
:105050006E2E565F4D6F6465547261696E2E50619D
:1050600072616D5B554F5F504152414D5F445552E7
:105070004154494F4E5D3A256C6C640D0A000000A6
:10508000557365724F7065726174696F6E2E435F00
:105090004D6F6465547261696E2E506172616D5B13
:1050A000554F5F504152414D5F50554C53455D3A0D
:1050B000256C6C640D0A0000557365724F70657243
:1050C0006174696F6E2E435F4D6F646554726169E0
:1050D0006E2E506172616D5B554F5F504152414D74
:1050E0005F414D504C5D3A256C6C640D0A00000028
:1050F000557365724F7065726174696F6E2E435F90
:105100004D6F6465547261696E2E506172616D5BA2
:10511000554F5F504152414D5F465245515D3A25D2
:105120006C6C640D0A000000557365724F706572F7
:105130006174696F6E2E435F4D6F6465547261696F
:105140006E2E506172616D5B554F5F504152414D03
:105150005F4455524154494F4E5D3A256C6C640D85
:105160000A00000010B504460C4951F824104A000A
:105170000B4951F82400002107F024F9094951F89E
:1051800024200749083951F82400002107F01AF9B2
:10519000012103480830015510BD000084CB0008F0
:1051A000F802002094CB00087047000070B5002181
:1051B00000230F22C4781CB3174C246804F4E06465
:1051C000C4F5E064C4F30721C1F10404E3B20A4169
:1051D00044789C40E1B28478144021430C07210EAE
:1051E0000E4C05786155047804F01F050124AC408D
:1051F00005786D11AD0005F1E025C5F8004109E025
:10520000047804F01F050124AC40054D06787611A2
:1052100045F8264070BD00000CED00E000E400E021
:1052200080E100E002490143024A1160704700003A
:105230000000FA050CED00E010B5002807DA0A07B7
:10524000140E054A00F00F031B1FD45403E00A0795
:10525000130E024A135410BD18ED00E000E400E004
:105260002DE9F04104460D461646012E38D1012C99
:1052700016D126480078012808D146F2A81095FBDF
:10528000F0F739460120FBF7CAFB3DE046F2A810D3
:1052900095FBF0F0474239460120FBF7C0FB33E0B5
:1052A00094BB1A48007801280BD14FF47A7095FB13
:1052B000F0F7F81707EB5070C1100220FBF7AFFBB7
:1052C00022E04FF47A7095FBF0F7F81707EB507077
:1052D000C010C0F1000841460220FBF7A0FB13E01C
:1052E00096B9012C04D100210120FBF798FB04E0C2
:1052F0001CB900210220FBF792FB01200449086041
:1053000000200449C1F89402BDE8F0814800002063
:10531000800240420000434210B5504800794F4996
:10532000C97888424ED04D48007930B1012813D059
:10533000022821D003283FD12EE049A1494805F099
:10534000B3FE47A14748733005F0AEFE44A145487F
:10535000E63005F0A9FE30E041A14248163805F0DC
:10536000A3FE3FA13F484B3005F09EFE3CA13D48C7
:10537000DC3005F099FE20E039A13A48163005F0FE
:1053800093FE37A137489B3005F08EFE34A1354897
:10539000F03005F089FE10E031A132482C3005F0E4
:1053A00083FE2FA12F48C33005F07EFE2CA12D488F
:1053B000FA3005F079FE00E000BF00BF2748C07852
:1053C000264908712548C07830B1012813D0022839
:1053D00021D003283FD12EE021A1224805F064FE10
:1053E0001FA12048733005F05FFE1DA11D48E63067
:1053F00005F05AFE30E01AA11A48163805F054FE9E
:1054000017A118484B3005F04FFE15A11548DC30A8
:1054100005F04AFE20E012A11248163005F044FEC5
:105420000FA110489B3005F03FFE0DA10D48F03054
:1054300005F03AFE10E00AA10A482C3005F034FECF
:1054400007A10848C33005F02FFE05A10548FA3032
:1054500005F02AFE00E000BF00BF10BD480000209C
:1054600000000000C70500202DE9FF4F87B00D4662
:1054700014461F46DDE9176BDDE9158ADDF850900B
:10548000079809287ED2DFE800F07D052E475E8769
:105490009EC7EB0004EB090083B2E81982B22146F3
:1054A00028460096FCF776FF5046FAF7D6FE08EB42
:1054B000D871491000FB117005EB500080B2CDE9A6
:1054C0000408A9EB0800CDE9026BCDE9008A06903B
:1054D00000EBD07004EB600081B24B463A46049872
:1054E000FDF726FDD7E004EB090083B2E81982B28C
:1054F000214628460096FCF74DFF04F1140291B2B4
:1055000005F1140290B24B463A46CDE9026BCDE963
:10551000008AFDF70DFDBEE004EB090083B2E81937
:1055200082B2214628460096FCF734FF04F11400AD
:1055300081B24B463A462846CDE9026BCDE9008A56
:10554000FDF7F6FCA7E044F22820009004EB0900E8
:1055500083B2E81982B221462846FCF71BFF04EB10
:1055600009000A3883B2E819283882B204F10A0027
:1055700081B228460096FCF70DFF04F1140081B2B9
:105580004B4600E086E03A462846CDE9026BCDE97D
:10559000008AFDF7CDFC7EE004EB090083B2E81938
:1055A00082B2214628460096FCF7F4FE04F114006E
:1055B00081B24B463A462846CDE9026BCDE9008AD6
:1055C000FDF7B6FC67E004EB090083B2E81982B28C
:1055D000214628460096FCF7DDFE002030A110226F
:1055E000CDE901160092039004F1120291B26A1DF6
:1055F00090B24B463A46FDF79BFC04F10A0291B289
:1056000005F13C0290B24B463A46CDE9026BCDE93A
:10561000008AFDF78DFC3EE004EB090083B2E81937
:1056200082B2214628460096FCF7B4FE5046FAF7AF
:1056300014FE08EBD871491000FB117005EB500007
:1056400080B2CDE9050804F10A0081B24B463A4622
:10565000CDE9026BCDE9008A0598FDF769FC1AE0F7
:1056600004EB090083B2E81982B22146284600966D
:10567000FCF790FE0CA0102104F11202CDE9026BA0
:10568000CDE9001091B26A1D90B24B463A46FDF743
:105690004FFC00E000BF00BF0BB0BDE8F08F000082
:1056A00054595045207C0000545950453A000000A0
:1056B0007047000010B500200449086001218807E8
:1056C00002F087FA00210248817010BD800240423A
:1056D0008402002010B501200449086000218007E1
:1056E00002F077FA02210248817010BD8002404228
:1056F000840200202DE9F04F2DED068B87B0FE4887
:10570000807800287ED104460546FB484078012871
:105710000AD1F948D0E90645F849611A75F1000047
:1057200010D2F74804600DE0F348407850B9F248D1
:10573000B030D0E90445F149611A75F1000001D299
:10574000EF480460EF48007818B1EE48007801286F
:105750000BD142F21071611A75F1000005D20120DF
:1057600007B0BDEC068BBDE8F08FE6480078022854
:1057700003D0E4480078032807D144F62061611A79
:1057800075F1000001D20120EAE7DE48007818B187
:10579000DC48007801280ED1FA2200232046294651
:1057A000FAF718FD401ED849086008460068A0F1C5
:1057B0001C0008600DE0FA22002320462946FAF773
:1057C00009FD401ED049086008460068A0F1480065
:1057D00008604FF00100CD4908604FF00000CC494F
:1057E000C1F880024FF00A00FBF7FEFAC248407889
:1057F00030B94FF40040C74908800A20FBF7F4FA9B
:10580000002100E006E0C4488170BF480068FBF753
:10581000A5FC3FE2B8488078012877D100200446F3
:10582000054606460746B448407801280CD1B248E0
:10583000D0E91045D0E91267B049611A75F100004E
:1058400012D2AF4804600FE0AB48407860B9AA4874
:10585000D830D0E90445D0E90667A849611A75F146
:10586000000001D2A6480460A648007818B1A548F7
:105870000078012807D142F21071611A75F1000019
:1058800001D201206CE79F480078022803D09D4890
:105890000078032807D144F62061611A75F10000F1
:1058A00001D201205CE79549711A77F1000001D21D
:1058B000012055E79348007818B1924800780128F4
:1058C0000ED1FA22002320462946FAF783FC401E17
:1058D0008D49086008460068A0F11C0008600DE0D2
:1058E000FA22002320462946FAF774FC401E864916
:1058F000086008460068A0F1480008608248006817
:1059000022462B46CDE90067029000E060E083A0CC
:1059100005F0BAFB00BF00BF00BF4FF014094FF401
:105920007A72002330463946FAF754FC06460F4691
:1059300030463946FAF786FE41EC190B53EC192B29
:105940009FED800B51EC100BFAF7CDFD41EC180BDD
:105950009FED7E0B53EC102B51EC180BFAF7C3FDA7
:105960009FED7C0B53EC102BFAF745FDFAF776FE12
:10597000804653EC182B79A0CDF8008005F084FB0D
:1059800061480068404502D95F48C0F800800120A6
:105990005E49086000205E49C1F880020A20FBF7DA
:1059A00023FA5548407830B94FF4004059490880EF
:1059B0000A20FBF719FA1FFA89F1404602F00DFAA6
:1059C0000021554881700121880702F002F961E148
:1059D000494880780228FAD100210C460D460E462F
:1059E0000F460020804681464348407801280ED16A
:1059F0004148D0E91A45D0E91C67D0E91E893F49E2
:105A0000611A75F1000016D23D48046013E03A486F
:105A1000407880B95648D0E90445D0E90667364851
:105A2000D0F82491D0F820813449611A75F1000032
:105A300001D2334804603348007818B13148007807
:105A4000012807D142F21071611A75F1000001D2EC
:105A5000012085E62B480078022803D029480078E9
:105A6000032807D144F62061611A75F1000001D2C4
:105A7000012075E62149711A77F1000001D2012059
:105A80006EE63C49B8EB010179F1000001D201203A
:105A900066E61C48007818B11A48007801280ED133
:105AA000FA22002320462946FAF794FB401E1649A5
:105AB000086008460068A0F11C0008600DE0FA22AA
:105AC000002320462946FAF785FB401E0E49086050
:105AD00008460068A0F1480008600B48CDE9048939
:105AE000006822462B46CDE90067029022A005F00F
:105AF000CBFA00BF00BF5BE048000020400D030070
:105B000014030020C001002008030020B08242429C
:105B100000004042181402408402002070756C732B
:105B2000653D256C6C646E732C667265713D256CE9
:105B30006C646D687A2C74696D355F6172723D2595
:105B4000640D0A00000000A2941A6D4200000000DB
:105B500000406F40000000000000F03F543D256C05
:105B6000662C74696D325F6172723D25640D0A00A6
:105B700048010020A086010070756C73653D256C9E
:105B80006C646E732C667265713D256C6C646D6817
:105B90007A2C74696D355F6172723D25642C647571
:105BA000726174696F6E3D256C6C640D0A000000B3
:105BB00000BF142006904FF47A7200233046394615
:105BC000FAF708FB06460F4630463946FAF73AFD23
:105BD00041EC190B53EC192B1FED260B51EC100B5C
:105BE000FAF781FC41EC180B1FED280B53EC102B3E
:105BF00051EC180BFAF777FC1FED2A0B53EC102B26
:105C0000FAF7F9FBFAF72AFD824623480068504567
:105C100002D92148C0F800A04FF47A700021A8FBF7
:105C2000002B09FB00B001FB08011046FAF70AFD42
:105C300053EC182BFAF757FCFAF710FD17490860D8
:105C40000846006853EC182BCDE900A014A005F01D
:105C50001BFA01201B49086000201B49C1F8800283
:105C60000A20FBF7C1F81948407830B94FF40040DA
:105C7000174908800A20FBF7B7F8069881B250460A
:105C800002F0ABF80021134881700121880701F070
:105C9000A0FF00BF002063E50803002010030020E0
:105CA000543D256C662C74696D325F6172723D25BE
:105CB000642C747261696E5F61636F756E743D25EB
:105CC000640D0A00B08242420000404248000020B9
:105CD000181402408402002010B5FBF791F800214F
:105CE0004FF0804001F075FF00204FF08041486286
:105CF0000F48407810B9C8130E49088000200E499B
:105D000008600E49086001210D48817000210320C0
:105D1000FAF785FE00200B4908600B49C1F88402A0
:105D200001200A49086000200949086010BD0000F0
:105D3000480000201A140240100300200C03002029
:105D400084020020B08242420080404280024042F1
:105D5000D00200202DE9F0472DED028B04464FF0D4
:105D600000099FED4C0AB0EE408AE06818B1E16886
:105D7000002006F001FB48480078401C00EB800042
:105D80004100002006F00AFBE060E06820B9052031
:105D9000BDEC028BBDE8F0873F484078012829D14F
:105DA0003D48806B20603C493831D1E904714FF4A3
:105DB0007A7200233846FAF70DFA0546FAF702FC24
:105DC00008EE100A34493831D1E902211046FAF7B9
:105DD000F9FB00EE100A20EE080ADFED300A20EE93
:105DE000200ADFED2F0A80EE201ABCEEC10A10EE69
:105DF000109A29E02848D0F8E00020602649E031D8
:105E0000D1E904514FF47A7200232846FAF7E2F9F7
:105E10000746FAF7D7FB08EE100A1F49E031D1E92F
:105E200002211046FAF7CEFB00EE100A20EE080A17
:105E3000DFED1A0A20EE200ADFED190A80EE201AA3
:105E4000BCEEC10A10EE109A206808B901209FE745
:105E5000B5EEC08AF1EE10FA01D1022098E7B9F14F
:105E6000000F01D1032093E7E068DFED0E0A68EE32
:105E7000200AB0EE600A00EE909AF8EE600A00F098
:105E8000D1F84FF6FF70E16808600120A060606003
:105E900000207DE70000000048000020005043473C
:105EA000286B6E4E0000C8422DE9F0412DED028BAB
:105EB0000446002008EE100A9FED540AF0EE408AD6
:105EC000E06818B1E168002006F056FA5048007802
:105ED00000EB80004100002006F060FAE060E0681E
:105EE00020B90520BDEC028BBDE8F0814848407820
:105EF000012803D146480069206003E04448D0F8F7
:105F0000B8002060206808B90120EBE79FED410A46
:105F1000F0EE408A4CF2503008EE100AE068F8EEDD
:105F2000480AB0EE680A00F07DF839484078012848
:105F300020D137491031D1E902514FF47A72002350
:105F40002846FAF747F90746FAF73CFB00EE100A35
:105F50009FED311AC8EE810A9FED301AC0EE811A0A
:105F600020EE210ADFED2C0A80EE201A2C4880ED6D
:105F7000001A1FE02649B831D1E902514FF47A7274
:105F800000232846FAF726F90746FAF71BFB00EE2E
:105F9000100A9FED211AC8EE810A9FED201AC0EE6B
:105FA000811A20EE210ADFED1C0A80EE201A1C481F
:105FB00080ED001A1A4890ED000ABCEEC00A10EEFF
:105FC000100AE168086012480078022812D1E168DE
:105FD00001F10A00F8EE480AB0EE680A00F022F873
:105FE0000F4890ED000ABCEEC00A10EE100AE168FE
:105FF000C1F80A00E068006808B9042072E70448A4
:106000000078A0600120606000206BE700000000C5
:10601000480000208096984A00007A440000C84258
:10602000C00200202DE9F0412DED088BB0EE409A22
:10603000F0EE608A0446002600279FED950AB0EE38
:10604000408A0025A846DFED930A89EE200ADFED9D
:10605000920A80EE801AB0EE418A9FED900AB4EE6B
:10606000C08AF1EE10FA05D8BCEEC80A10EE105A3C
:10607000012686E018EE100AFAF709FB41EC1B0B2B
:10608000B0EE4B0AF0EE6B0A05F022F8B0EE40AA33
:10609000F0EE60AA51EC1A0BFAF7E0FA054600EEB2
:1060A000105AB8EE400AC8EE000ABCEEE00A10EE44
:1060B000100A86B29FED7A0AB4EEC08AF1EE10FAA9
:1060C0000ADD9FED780AC8EE000ABCEEE00A10EE89
:1060D000108A4EF660273DE09FED730AB4EEC08A49
:1060E000F1EE10FA0ADD9FED710AC8EE000ABCEE6F
:1060F000E00A10EE108A42F210772BE09FED6C0A56
:10610000B4EEC08AF1EE10FA0ADD9FED6A0AC8EE1D
:10611000000ABCEEE00A10EE108A4FF47A7719E01C
:106120009FED650AB4EEC08AF1EE10FA09DD9FED2D
:10613000590AC8EE000ABCEEE00A10EE108A642785
:1061400008E0B2EE040AC8EE000ABCEEE00A10EE67
:10615000108A0A2705FB06F000EE100AB8EE400A86
:1061600078EE400A08FB07F000EE100AB8EE400A8D
:1061700038EE400AF4EEC00AF1EE10FA01DD4546B1
:106180003E46681EA080701EE0809FED4C0AF4EE33
:10619000C08AF1EE10FA03DBA088401C20816DE07C
:1061A000F5EEC08AF1EE10FA02D10020208165E000
:1061B0009FED420AC0EE280AA088401C00EE100A9B
:1061C000B8EEC00AF4EEC00AF1EE10FA37DDA0888E
:1061D00000EE100AB8EE400AB0EE408ADFED370A52
:1061E00080EEA80AF7EE000A30EE600ABCEEC00AA4
:1061F00010EE100AA080E08800EE100AB8EE400A07
:1062000060EE080AA08800EE100AB8EE400A80EEA0
:10621000801AB0EE418AB7EE000AB4EEC08AF1EE01
:1062200010FA03D2B7EE000AB0EE408AB7EE000AC9
:1062300038EE400ABCEEC00A10EE100AE080A088DA
:10624000401C00EE100AB8EEC00A20EE280ADFED6E
:106250001B0A80EE201AB0EE418A18EE100AFAF7F7
:1062600016FA41EC1B0B9FED160B53EC102BFAF7B3
:1062700021F841EC1A0BFAF7F1F92081E288A188A4
:1062800011A004F001FF0020BDEC088BBDE8F081F7
:10629000000000000000C842A037A04C00FF7F476C
:1062A000643F1C4E00606A4706FF794C00401C4664
:1062B00038FFC74A00007A4460FF1F490050434737
:1062C000000000000000E03F617272313D25642C47
:1062D000707363313D25640D0A0000002DE9F0471D
:1062E0002DED028B04464FF000099FED710AB0EED0
:1062F000408AE06818B1E168002006F03DF86D487A
:106300000078401C00EB80004100002006F046F8B9
:10631000E060E06820B90520BDEC028BBDE8F087A5
:1063200064484078012803D16248006E206003E091
:106330006048D0F808012060206808B90120EBE728
:106340005C484078012827D15A48006E206059489F
:106350004FF47A720023D0E91C512846F9F73AFF2E
:106360000746FAF72FF908EE100A5248D0E91A2129
:106370001046FAF727F900EE100A20EE080ADFEDC2
:106380004E0A20EE200ADFED4D0A80EE201ABCEE08
:10639000C10A10EE109A27E04648D0F808012060A4
:1063A0004749D1E904514FF47A7200232846F9F79E
:1063B00011FF0746FAF706F908EE100A4049D1E93D
:1063C00002211046FAF7FEF800EE100A20EE080A45
:1063D000DFED390A20EE200ADFED380A80EE201AC0
:1063E000BCEEC10A10EE109A206808B9012093E7AC
:1063F000B5EEC08AF1EE10FA01D102208CE7B9F1B6
:10640000000F01D1032087E7E068DFED2E0A68EE78
:10641000200AB0EE600A00EE909AF8EE600AFFF7EC
:1064200001FE2448806FE168086022484078012816
:106430001AD120484FF47A720023D0E91E51284621
:10644000F9F7C8FE0746FAF7BDF800EE100A20EE8D
:10645000080ADFED1D0A80EE201ABCEEC10A10EE1C
:10646000100AE168086019E01549D1E906714FF496
:106470007A7200233846F9F7ADFE0546FAF7A2F81E
:1064800000EE100A20EE080ADFED0F0A80EE201A57
:10649000BCEEC10A10EE100AE1680860E06800680E
:1064A00008B9042038E70120A0606060002033E7CD
:1064B000000000004800002000504347286B6E4E4B
:1064C000500100200000C84200007A4429B1064A69
:1064D00012680243044B1A6004E0034A12688243C4
:1064E000014B1A60704700003038024029B1064A5B
:1064F00012680243044B1A6004E0034A12688243A4
:10650000014B1A60704700003838024029B1064A32
:1065100012680243044B1A6004E0034A1268824383
:10652000014B1A60704700004038024029B1064A0A
:1065300012680243044B1A6004E0034A1268824363
:10654000014B1A60704700002038024029B1064A0A
:1065500012680243044B1A6004E0034A1268824343
:10656000014B1A60704700004438024029B1064AC6
:1065700012680243044B1A6004E0034A1268824323
:10658000014B1A607047000024380240034800683D
:1065900040F0807001490860704700007438024084
:1065A000F0B5002100220024022500260223324FEC
:1065B0003F6807F00C0121B1042905D0082937D123
:1065C00005E02E4F076036E02D4F076033E02A4F7D
:1065D0003F1F3F68C7F38056274F3F1F3F6807F0B4
:1065E0003F036EB1264FB7FBF3F7DFF88CC0ACF179
:1065F000040CDCF800C0CCF3881C07FB0CF40CE0A6
:106600001E4FB7FBF3F7DFF870C0ACF1040CDCF8F9
:1066100000C0CCF3881C07FB0CF4174F3F1F3F68EA
:10662000C7F301477F1C7D00B4FBF5F7076002E06C
:10663000124F076000BF00BF0F4F3F6807F0F00127
:106640000909104F7A5C0768D74047600A4F3F68D6
:1066500007F4E051890A0B4F7A5C4768D74087609E
:10666000054F3F6807F46041490B064F7A5C476865
:10667000D740C760F0BD0000083802400024F40095
:1066800040787D012003002010B501460022002340
:1066900000204A11012A02D10A4C236808E0022A8C
:1066A00003D1084C7034236802E0064C743423682C
:1066B00001F01F02012494401C400CB1012000E0B5
:1066C000002010BD003802400021024A117011461E
:1066D00008707047023802402DE9F04104460D462B
:1066E00000260027B04605F081FC204605F052FC4C
:1066F00005F0A4FC284605F04DFC05F09FFC05F0D4
:1067000075FC44F0010005F045FC05F097FC05F030
:106710001FFC064605F0B8FB05F01AFC074605F01D
:1067200003FC05F07BFC47EA06284046BDE8F08103
:1067300000B587B001210803FFF708FF01210846D3
:10674000FFF7C4FE052211462F48FAF769FE05221D
:1067500007212D48FAF764FE04202B4908830820FE
:10676000088310200883A020009002208DF80400E8
:1067700000208DF8060002208DF8070003208DF818
:10678000050069462048FAF703FE1C20009001200E
:106790008DF8040000208DF8060001208DF8070018
:1067A00003208DF8050069461748FAF7F1FD00212E
:1067B000164800F051F8154800F05AF80020ADF8DE
:1067C00008004FF48270ADF80A000020ADF80C000C
:1067D000ADF80E00ADF810004FF40070ADF81200E7
:1067E0000820ADF814000020ADF816000720ADF821
:1067F000180002A9054800F093F80121034800F0B1
:106800002BF807B000BD000000000240003001403E
:106810004FF6FF7100BF0F4A128902F002021AB947
:106820000A1EA1F10101F6D10A4A9081128902F0F3
:106830000102084B1A814FF6FF7100BF054A128909
:1068400002F08002802A03D10A1EA1F10101F5D1D4
:10685000704700000030014021B1028842F0400240
:10686000028004E002884FF6BF731A40028070472E
:1068700010B504462448844208D101218014FFF752
:1068800075FE0021A014FFF771FE3CE01F48844212
:1068900008D101210014FFF749FE00212014FFF761
:1068A00045FE30E01A48844208D10121C013FFF7A9
:1068B0003DFE0021E013FFF739FE24E01548844235
:1068C00008D101214014FFF751FE00216014FFF7A9
:1068D0004DFE18E01048844209D101210805FFF758
:1068E00045FE00214FF48010FFF740FE0BE00B48FF
:1068F000844208D101214805FFF738FE00214FF4FA
:106900000010FFF733FE10BD00300140003800409A
:10691000003C004000340140005001400054014060
:1069200010B50022028802F441520B884C882343A0
:106930008C882343CC8823430C8923434C892343ED
:106940008C892343CC8923431A430280838B4FF2E3
:10695000FF74234083830B8A038210BD30B5F0B1EE
:106960002C4BD3F854315B1C2A4CE4781C44294B43
:10697000C3F85841D3F854310833264CE47803EB7C
:10698000C40330CB244BC3E90445224BDB78234CB2
:1069900004EBC303D3E900541F4BC3E9065419B3F6
:1069A0001C4B5C79012393401C403CB9194B5B792B
:1069B000012494402343174C637106E0154B5C7926
:1069C000012393409C43134B5C71124B5C79D3F8C9
:1069D00054311C700F4B93F871310BB9012400E056
:1069E00000240C4B83F871410A4B5B7901249440DD
:1069F0002340002B01DD012300E00023054C84F837
:106A000050312346DB78022B02D1012384F8503128
:106A100030BD00004800002098010020C80100207F
:106A20007047000030B500228B071C0F0F2303FABC
:106A300004F20B4B8C1053F824309343084C8D1008
:106A400044F8253023468C1053F824308C07240F4B
:106A500000FA04F42343024C8D1044F8253030BD75
:106A6000083801401CB500200190009036480068AD
:106A700040F48020344908600520FFF725FE00BF60
:106A80003148006800F4003000900198401C0190EB
:106A9000009818B90198B0F5A04FF1D12A480068C4
:106AA00000F4003010B10120009001E000200090BF
:106AB0000098012846D124484030006840F08050BA
:106AC0002149403108602148006840F440401F4996
:106AD00008601D48083000681B49083108600846F6
:106AE000006840F4004008600846006840F4A05088
:106AF00008601748091F0860081F006840F0807090
:106B0000091F086000BF1048006800F000700028EE
:106B1000F9D040F205700F4908600B480830006852
:106B200020F003000849083108600846006840F07A
:106B30000200086000BF04480830006800F00C0044
:106B40000828F8D11CBD0000003802400070004049
:106B500019544007003C024070B504460D4600261B
:106B60000CB905B970BD4048C678407801283BD1C2
:106B70003E4800213E4A03C23B48807830B101289C
:106B80000FD0022818D003282CD120E03648083036
:106B90003549C1F85401324629462046FFF7DEFE4A
:106BA00021E0314830303049C1F85401324629469D
:106BB0002046FFF7D3FE16E02B4858302A49C1F88B
:106BC0005401324629462046FFF7C8FE0BE026480E
:106BD00080302549C1F85401324629462046FFF746
:106BE000BDFE00E000BF3CE022480021204A03C275
:106BF00006B904261C48807830B101280FD002283D
:106C000018D003282BD11FE01748B0301649C1F81F
:106C10005401324629462046FFF7A0FE20E01248E4
:106C2000D8301149C1F85401324629462046FFF7B1
:106C300095FE15E010480C49C1F85401324629462A
:106C40002046FFF78BFE0BE00B4828300649C1F8C1
:106C50005401324629462046FFF780FE00E000BF7F
:106C600000BF00BF7EE7000048000020804A5D05AD
:106C7000C80100200048E801480100202DE9F04744
:106C800081464FF47A74F9488078FF2803D0F7489A
:106C9000C078FF2801D1BDE8F087F44890F8500192
:106CA000012800D1F24CB9F1110F7CD2DFE809F0D4
:106CB000090A0B0C0D0E0F1011127BCFFEFDFCFB11
:106CC000FA0000BF00BF00BF00BF00BF00BF00BF91
:106CD00000BF00BFE54890F87001012804D0E348E8
:106CE00090F87101012815D10220E04981F8700166
:106CF0000021DE4880F8721180F8711190F872114D
:106D0000D0F85801017009FB04F00021D94AC2E90A
:106D100004019BE0D54890F85001012879D1D3486F
:106D200090F87201042805D10321D048D0F8580109
:106D3000017005E0CD4890F87211D0F8580101704B
:106D4000CA4890F8720130B1012817D002282ED01D
:106D500003285CD142E0C7480A25D0E9043100206D
:106D6000A3FB052601FB056103FB001509FB04F1EC
:106D700051186841BF4AC2E9041049E0BB4890F885
:106D80007201401CC1B2B94880F8721109FB04F0CD
:106D90000A21B0FBF1F0B74AD2E90432C01842F13F
:106DA0000001B44A00E0DEE3C2E9040130E0AF488C
:106DB00090F87201401CC1B2AC4880F8721109FB16
:106DC00004F06421B0FBF1F0AA4AD2E90432C01801
:106DD00042F10001A74AC2E9040119E0A34890F872
:106DE0007201401CC1B2A14880F8721109FB04F085
:106DF0004FF47A71B0FBF1F09E4AD2E90432C01828
:106E000042F100019B4AC2E9040101E001E000BF38
:106E10001CE00421954880F872110321D0F8580134
:106E2000017094490A230025D1E90402A0FB03164E
:106E300002FB036200FB052309FB04F02A460D4612
:106E4000281843EB02018B4AC2E904018CE387480E
:106E500090F87001012810D10220844981F8700156
:106E6000084690F85001012807D104217F4880F896
:106E700072110321D0F8580101707C4890F850013C
:106E800001286FD1794890F8720138B1774890F8AD
:106E90007201401EC1B2754880F87211734890F8B3
:106EA000720104E085E2C4E141E1C2E0AFE030B14B
:106EB00001281FD002283DD003286DD153E004EBF8
:106EC00084004FEA400C6B49D1E90451624600232B
:106ED0002846F9F77FF96748D0E904108F1A60EB6C
:106EE00003010A2200233846F9F774F9614AC2E91E
:106EF000040152E05D4890F87201401EC1B25B4847
:106F000080F872110A20B4FBF0F000EB800045001D
:106F1000002358482A46D0E904713846F9F75AF94F
:106F20005448D0E90410891A60EB0300514AC2E9C1
:106F3000041032E06420B4FBF0F000EB8000470066
:106F400000234C483A46D0E904512846F9F742F963
:106F50004848D0E90410891A60EB0300454AC2E9A9
:106F600004101AE030E04FF47A70B4FBF0F000EB5C
:106F70008000470000233F483A46D0E904512846A4
:106F8000F9F728F93B48D0E90410891A60EB0300AF
:106F9000384AC2E9041000E000BF00BF334890F84F
:106FA0007211D0F8580101703048D0F858010078BB
:106FB00060B32E48D0F858010078401EC1B22B486B
:106FC000D0F85801017021E00421284880F872119E
:106FD0000321D0F85801017004EB84004FEA400C03
:106FE000244862460023D0E904512846F9F7F2F814
:106FF0002048D0E904108F1A60EB03010A22002315
:107000003846F9F7E7F81B4AC2E90401ACE201206F
:10701000164981F870010021144880F8721190F827
:107020007211D0F8580101700022124802614261C9
:107030009AE20E4890F87001012821D102200B49F4
:1070400081F87001084690F85001012818D10846CF
:10705000D0F85801007878B10846D0F85801007887
:10706000401CC1B2014880F8721109E048000020BC
:1070700040420F00980100200021FE4880F8721164
:10708000FC4890F8500101283FD1FA48D0F8580147
:10709000007830B101280ED0022819D0032832D14F
:1070A00023E0F548D0E90420111940F10000F24A2C
:1070B000C2E9041028E00A20B4FBF0F0EE4BD3E95B
:1070C0000423801843F10001EB4AC2E904011BE0EC
:1070D0006420B4FBF0F0E84AD2E90432C01842F16F
:1070E0000001E54AC2E904010EE04FF47A70B4FBF6
:1070F000F0F0E14BD3E90423801843F10001DE4AAC
:10710000C2E9040100E000BF10E00421D94880F882
:1071100072110321D0F858010170D748D0E904203A
:10712000121940F10000D449C1E904201CE2D14801
:1071300090F8700101281BD10220CE4981F870011E
:10714000084690F85001012812D10846D0F858019D
:10715000007848B10846D0F858010078401CC1B208
:10716000C44880F8721103E00021C24880F872110F
:10717000C04890F85001012847D1BE48D0F85801C6
:10718000007830B1012810D002281DD003283AD150
:1071900029E0B948D0E9042104EB8400101841F13A
:1071A0000001B54AC2E904012EE004EB84000A2183
:1071B000B0FBF1F0B04AD2E90432C01842F100014C
:1071C000AD4AC2E904011FE004EB84006421B0FB76
:1071D000F1F0A94AD2E90432C31842F10001A648ED
:1071E000C0E9043110E004EB84004FF47A71B0FB85
:1071F000F1F0A14AD2E90432C01842F100019E4ADE
:10720000C2E9040100E000BF12E00421994880F8BF
:1072100072110321D0F8580101709748D0E9043069
:1072200004EB8401591840F10000934AC2E90410AC
:107230009AE1904890F8700101281BD102208D49F5
:1072400081F87001084690F85001012812D10846D3
:10725000D0F85801007848B10846D0F858010078B5
:10726000401CC1B2834880F8721103E000218148BC
:1072700080F872117F4890F8500101287BD17D4839
:10728000D0F85801007830B101281AD0022834D043
:1072900003286ED14DE07848D0E90420121B70F12C
:1072A000000009D37448D0E90420111B60F10000EC
:1072B000714AC2E9041003E000226F480261426192
:1072C00058E00A20B4FBF0F06B49D1E90431181AF8
:1072D00071F100010CD30A20B4FBF0F06649D1E94A
:1072E0000421101A61F10001634AC2E9040103E0BC
:1072F000002261490A614A613CE06420B4FBF0F07D
:107300005D49D1E90431181A71F100010CD36420F0
:10731000B4FBF0F15848D0E90430591A60F100008C
:10732000554AC2E9041003E0002253490A614A6148
:1073300020E04FF47A70B4FBF0F14F48D0E904300C
:10734000591A70F100000FD34FF47A70B4FBF0F1CA
:107350004948D0E90430591A60F10000464AC2E9B0
:10736000041005E007E004E00022434802614261A6
:1073700000E000BF1CE04048D0E90420121B70F17F
:10738000000009D33C48D0E90420111B60F1000043
:10739000394AC2E9041003E0002237490A614A6110
:1073A0000421344880F872110321D0F8580101708B
:1073B000DAE0304890F8700101281BD102202D49F5
:1073C00081F87001084690F85001012812D1084652
:1073D000D0F85801007848B10846D0F85801007834
:1073E000401CC1B2234880F8721103E000212148FB
:1073F00080F872111F4890F8500101287ED11D4875
:10740000D0F85801007830B101281ED0022841D0B0
:10741000032874D15EE01848D0E9043004EB8401FD
:10742000591A70F100000BD31348D0E9043004EB73
:107430008401591A60F100000F4AC2E9041003E008
:1074400000220D490A614A616AE004EB84000A21C6
:10745000B0FBF1F10848D0E90430591A70F100008E
:1074600013D304EB84000A21B0FBF1F10248D0E908
:10747000043003E04800002098010020591A60F110
:1074800000004A4AC2E9041003E0002247490A61A9
:107490004A6145E004EB84006421B0FBF1F143480C
:1074A000D0E90430591A70F100000ED304EB8400C7
:1074B0006421B0FBF1F03D49D1E90431181A61F1C2
:1074C00000013A4AC2E9040103E0002137480161A2
:1074D000416125E004EB84004FF47A71B0FBF1F0D8
:1074E0003249D1E90431181A71F1000112D304EBC9
:1074F00084004FF47A71B0FBF1F101E011E00EE08D
:107500002A48D0E90420511A60F10000274AC2E954
:10751000041003E0002225480261426100E000BF40
:1075200020E02248D0E9043104EB8400181A71F1FC
:1075300000010BD31D48D0E9042004EB8401511A4B
:1075400060F10000194AC2E9041003E00022174963
:107550000A614A610421164880F872110321D0F8AB
:107560005801017000E000BF00BF1048D0E90610CC
:107570000E4AD2E90432C91A904104D20B48D0E92C
:107580000621C0E904210948D0E90410084AD2F8CC
:1075900054210832064BDB7802EBC302C2E900102B
:1075A00001200449088100BFFFF775BB9801002046
:1075B00048000020C806002010B504464C4840781A
:1075C0004B490978884203D14A480078A0427DD0CF
:1075D000012C2ED14648407800F0010068B146A049
:1075E00003F052FD00204E4908604E49C1F8B00238
:1075F00000210220F9F713FA61E04BA003F044FDEB
:1076000001204749086052488078032806D14FF48A
:107610000040504908801E20F9F7E6FB01204E4942
:1076200008600A20F9F7E0FB00210120F9F7F7F9DB
:1076300045E0022C43D12E48407800F00100B8B15B
:1076400046A003F021FD0020354908603549C1F806
:10765000B0023F488078032805D1A0033D49088047
:107660001E20F9F7C1FB00210220F9F7D8F926E026
:1076700044A003F009FD01202949086034488078BE
:10768000032806D14FF40040324908801E20F9F744
:10769000ABFB0120304908600A20F9F7A5FB2C4814
:1076A0008078032807D14FF400402A49891E0880BA
:1076B0000A20F9F799FB00210120F9F7B0F93B48BE
:1076C000007828B139480078012800E00FE002D1A5
:1076D00000F0A0FD01E000F0D9FD05484078044924
:1076E0000870044804704FF4FA70F9F77DFB10BD80
:1076F000E8010020EA0100205357204D6F64652007
:10770000746F20566F6C746167652C20506F7369BD
:107710007469766520766F6C74616765210D0A0067
:1077200080824242008040425357204D6F64652062
:10773000746F2043757272656E742C20506F73697C
:10774000746976652063757272656E74210D0A0026
:10775000480000201A140240B08240425357204D86
:107760006F646520746F20566F6C746167652C20A0
:107770004E6567617469766520766F6C74616765C4
:10778000210D0A005357204D6F646520746F20430C
:10779000757272656E742C204E65676174697665CA
:1077A0002063757272656E74210D0A00C00100209D
:1077B0001CB501212020FEF789FE01210220FEF7E1
:1077C00085FE4FF48050009001208DF804000020C9
:1077D0008DF8060003208DF8050001208DF80700C4
:1077E00069460548F9F7D4FD4FF48050009069468A
:1077F0000248F9F7CDFD1CBD001402400004024010
:107800001848006820B117480068401E15490860F4
:1078100015480068401C1449086014480068401C62
:107820001249086008460068282804D30020086030
:1078300001200F4908700C48006840F28A218842F4
:1078400003D140200B4948830AE007480068B0F59F
:10785000307F05D94020074908830020024908608D
:10786000704700000C0000200400002008000020E9
:10787000100000200010024010B51548006840F4C8
:107880007000134908601348006840F00100114976
:10789000086000200F49083108600E4800680E4952
:1078A00008400C4908600D48091D0860081F006861
:1078B00020F48020091F0860002006490C31086070
:1078C000FFF7D0F84FF0006001498039086010BD23
:1078D00088ED00E000380240FFFFF6FE1030002483
:1078E00010B50121880700F080F9D8B10E48006872
:1078F000F9F734FC0121880700F068F90B4880781B
:1079000002280FD10A480068401C0949086008464F
:10791000006808490968884204D9002004490860C1
:10792000FEF7DAF910BD000008030020480000202F
:107930000C0300201003002010B501210F4800F0B7
:1079400054F9C8B10E480068012803D100210D4840
:1079500081700DE001210B488170084800884FF6C6
:10796000FE71084005490880002004492431086060
:107970000121024800F02AF910BD00000004004077
:10798000008240428402002010B501216C4800F0C2
:107990002CF900287AD06B48007818B16948007833
:1079A00001281FD16849487801220021FDF758FCC1
:1079B000002066490860F9F723FA634880780028B8
:1079C0000FD16349086001206249C1F880025E4816
:1079D000407818B94FF400405F49088001215F48A2
:1079E0008170A7E058488078032850D15C4800682F
:1079F000401C5B49086008460068022816D15148BF
:107A00000078022809D1574A5268126851424E4AFA
:107A100050780122FDF724FC8CE0524A526811682C
:107A2000494A50780122FDF71BFC83E04C4800686E
:107A300003287FD34C48006849F64041884203D26E
:107A4000092005F081F802E01E2005F07DF83E498E
:107A5000487801220021FDF703FC3B48407818B923
:107A60004FF400403C4908800020404908703749E5
:107A70000860F9F7C5F90020394908600120354947
:107A8000C1F8800200203A49086053E056E03448CB
:107A90000068401C3249086008460068022816D178
:107AA00028480078022809D12E4A526812685142AB
:107AB000254A50780122FDF7D3FB3BE0294A526862
:107AC0001168214A50780122FDF7CAFB32E02448B0
:107AD000006803282ED32448006849F640418842B4
:107AE00003D2092005F030F802E01E2005F02CF842
:107AF0001549487801220021FDF7B2FB0020134907
:107B00000860F9F77DF90020154908600E48807873
:107B100080B900200E49086001200E49C1F880029A
:107B20000948407818B94FF400400B4908800121FA
:107B30000A4881700121024800F048F810BD000099
:107B4000000C0040C0010020480000208482404218
:107B5000B0824242000040421A14024084020020D7
:107B6000D0020020A002002014030020DC0200202C
:107B70008002424210B50D48008A00F00100A0B119
:107B800000F016FB0A488078401CC0B20849887093
:107B90000A2804DB00F008FB002005498870034830
:107BA000008A20F001000149088210BD0010004049
:107BB000C806002021B1028842F08002028004E061
:107BC00002884FF67F731A4002807047CA430282D0
:107BD000704721B1028842F00102028004E002886D
:107BE0004FF6FE731A400280704730B502460020FF
:107BF00000230024158A05EA0103958905EA01049A
:107C000013B10CB1012000E0002030BD1AB183890E
:107C10000B43838102E083898B438381704700009B
:107C200070B5002400220023058C4FF6FE76354007
:107C30000584028C8388048B4FF68F752C40B51E0B
:107C40002C400D882C43751E2A408D892A434D886F
:107C50002A43104DA84202D00F4DA84213D14FF62F
:107C6000F7752A40CD892A434FF6FB752A408D8847
:107C70002A434FF6FF652B404FF6FF552B400D8AE8
:107C80002B434D8A2B43838004838D684563028494
:107C900070BD000000000140000401400A460021C0
:107CA000018B4FF6F773194011430183704741630D
:107CB0007047000000220288184B98420ED0184BE3
:107CC00098420BD0B0F1804F08D0164B984205D0A7
:107CD000154B984202D0154B984204D14FF68F7342
:107CE0001A404B881A43124B984207D0114B9842C6
:107CF00004D04FF6FF431A400B891A4302804B68A9
:107D0000C3620B880385054B984202D0044B98420E
:107D100001D18B7A038601238382704700000140E2
:107D2000000401400004004000080040000C004036
:107D3000001000400014004010B51C484089002885
:107D400033DD1A484089B0F57A7F2EDA174840892A
:107D5000401C1649488108464089FA2825DD144808
:107D6000007878B112480078042803DB0E20FEF773
:107D700085FF02E00D20FEF781FF00200C4908700E
:107D80000A4948810B48007878B10A4800780428ED
:107D900003DB1020FEF772FF02E00F20FEF76EFFFC
:107DA0000020044908700149488110BDC806002020
:107DB000E4020020E50200200288002A05DD028896
:107DC0008A4202DA0288521C028070470188002928
:107DD00002DD0188491E018070477FB505460C46CB
:107DE00001210846FEF792FB1C208DF800000120BF
:107DF0008DF8010002208DF8020001208DF80300AB
:107E00006846FDF7D3F90295ADF804400020ADF8BF
:107E10000600ADF80C0001A94FF08040FFF74AFFC3
:107E2000012211469007FFF7F1FE7FBD7FB50546A1
:107E30000C4601210220FEF769FB1D208DF8000091
:107E400002208DF8010003208DF8020001208DF83A
:107E500003006846FDF7AAF90295ADF8044000203A
:107E6000ADF80600ADF80C0001A90648FFF722FFA7
:107E700001210448FFF7AAFE012211460148FFF73D
:107E8000C5FE7FBD000400407FB505460C460121BC
:107E90000820FEF73BFB32208DF8000001208DF812
:107EA000010002208DF8020001208DF803006846D1
:107EB000FDF77CF90295ADF804400020ADF806000E
:107EC000ADF80C0001A90648FFF7F4FE01210448B3
:107ED000FFF77CFE012211460148FFF797FE7FBDA8
:107EE000000C00407FB505460C4601211020FEF72E
:107EF0000DFB0295ADF804400020ADF80600ADF88A
:107F00000C0001A90D48FFF7D5FE012211460B48D0
:107F1000FFF77CFE01210948FFF75BFE36208DF854
:107F2000000002208DF8010003208DF802000120DE
:107F30008DF803006846FDF739F97FBD0010004059
:107F400010B52DED0C8B8AB0B0EE408A002008EE03
:107F5000900A9FED4D0AB0EE409A01211020FEF7E5
:107F6000B5FA01210804FEF7F1FA0322052147487A
:107F7000F9F756FA2020089002208DF824000020FE
:107F80008DF8260003208DF8250001208DF82700AC
:107F900008A93E48F9F7FCF920213C48F9F763FAB3
:107FA0009FED3B0AB0EE409AB5EEC09AF1EE10FAA2
:107FB00003D8B7EE000AB0EE409AB5EEC08AF1EEF3
:107FC00010FA03D29FED300AB0EE408A9FED310ADD
:107FD000B4EEC08AF1EE10FA03DD9FED2B0AB0EE8D
:107FE000408A2D4808EE900AF8EE680A80EE890A69
:107FF000F7EE000A30EE600ABCEEC00A8DED060A0C
:108000000120ADF814000020ADF81600ADF81C00FA
:1080100005A92248FFF74EFE6020ADF800000120C0
:10802000ADF80200F8EE680A80EE890AF7EE000A61
:1080300030EE600A10EE104A2046F8F728FB41ECBB
:108040001B0B18EE100AF8F722FB41EC1D0B9FEDFD
:10805000140B53EC102BF8F746FA41EC1C0B53ECC5
:108060001B2BF8F7CEF941EC1A0BF8F7F7FA029050
:108070000020ADF80C0069460848FFF7D1FD0AB0B2
:10808000BDEC0C8B10BD0000000000000010024091
:1080900000007A440000C84280DE800200400140B7
:1080A00000000000000059401CB520200090022074
:1080B0008DF8040000208DF8060001208DF80700DF
:1080C00003208DF8050069460A48F9F761F9032293
:1080D00005210848F9F7A4F908210748FFF7DEFD54
:1080E00001210548FFF766FD01210348FFF771FDF7
:1080F0001CBD0000001002400040014070B52DED95
:108100000C8BB0EE408A002008EE900A9FED200A0A
:10811000B0EE409A9FED1F0AB0EE409AB5EEC09ABD
:10812000F1EE10FA03D8B7EE000AB0EE409A1A4802
:1081300008EE900AF8EE680A80EE890AF7EE000A67
:1081400030EE600A10EE105A2846F8F7A0FA41EC1B
:108150001B0B18EE100AF8F79AFA41EC1D0B9FED75
:108160000F0B53EC102BF8F7BEF941EC1C0B53EC42
:108170001B2BF8F746F941EC1A0BF8F76FFA044697
:1081800021460848FFF793FDBDEC0C8B70BD000045
:108190000000000000007A4480DE80020000000041
:1081A000000059400040014010B503F0E5FC10BD4F
:1081B00010B5FFF7C1FD1448FFF708FE1248801CF8
:1081C000FFF704FE1148FFF701FE1048001DFFF7FE
:1081D000FDFD0E480830FFF7F9FD4EF66A210A480A
:1081E000001DFFF7E9FD0848001FC06808498842E4
:1081F00004D20548001FC068401C00E0002002496E
:10820000091FC86010BD0000CC060020DA0600205F
:10821000005C260500B585B001210220FEF756F965
:1082200001218803FEF792F90120039000208DF8C8
:10823000100002208DF8130003A91348F9F7A8F8DD
:1082400000210120FEF7EEFB0120009000208DF8B8
:10825000040010208DF8050001208DF80600684606
:10826000F8F732FF06208DF8080001208DF809008C
:1082700000208DF80A0001208DF80B0002A8FCF701
:1082800095FF05B000BD00000004024000B585B0B8
:1082900001210220FEF71AF901218803FEF756F9A1
:1082A0000120039000208DF8100001208DF81300AC
:1082B00003A91348F9F76CF800210120FEF7B2FB7F
:1082C0000120009000208DF8040008208DF80500A2
:1082D00001208DF806006846F8F7F6FE06208DF8B6
:1082E000080001208DF8090000208DF80A00012007
:1082F0008DF80B0002A8FCF759FF05B000BD000087
:10830000000402401CB501210220FEF7DFF8022024
:10831000009001208DF8040000208DF80600032055
:108320008DF8050001208DF8070069460348F9F72C
:108330002FF80020024908601CBD00000004024024
:10834000848240421FB5FB48807801281ED0F9483E
:10835000807820B9F8A1FA4802F0A6FE07E0F548B7
:108360008078022803D1F7A1F54802F09DFEF74876
:10837000807818B1F5488078032803D10020F449AB
:10838000086011E00120F24908600DE0E9488078BA
:10839000012809D1EFA1EA4802F086FE0020EC494D
:1083A0000860EE49C1F88402E8480078012804D149
:1083B0000020E7490831086003E00120E449083162
:1083C0000860E7480078002869D10390E5A1DC48FF
:1083D0001E3002F069FE002003900CE0039800F5C7
:1083E000C27080B20022FA210290F9F793FF03983D
:1083F000401C80B2039003981428EFDB0020039008
:108400000EE00398C0F1FA0080B20022014602900B
:108410004FF4CC70F9F77EFF0398401C80B20390B4
:1084200003981228EDDB002003900CE0039800F580
:10843000CC7080B20022E8210290F9F76BFF03981C
:10844000401C80B2039003982828EFDB00200390A3
:108450000EE00398C0F1FA0080B2002201460290BB
:108460004FF4E070F9F756FF0398401C80B2039078
:1084700003981228EDDB002003900CE0039800F530
:10848000E07080B20022FA210290F9F743FF0398CE
:10849000401C80B2039003981428EFDBBAE1B04887
:1084A0000078012869D100200390AFA1A4481E30B4
:1084B00002F0FAFD002003900CE0039800F5C27072
:1084C00080B20022FA210290F9F724FF0398401CA1
:1084D00080B2039003981428EFDB002003900DE096
:1084E0000398FA3080B20022014602904FF4CC701B
:1084F000F9F710FF0398401C80B2039003981228EC
:10850000EEDB002003900DE0039800F5CC7080B204
:1085100000224FF486710290F9F7FCFE0398401C8C
:1085200080B2039003982828EEDB002003900DE032
:108530000398FA3080B20022014602904FF4E070B6
:10854000F9F7E8FE0398401C80B2039003981228C4
:10855000EEDB002003900CE0039800F5E07080B2A1
:108560000022FA210290F9F7D5FE0398401C80B250
:10857000039003981428EFDB4CE179480078022837
:108580007ED10020039079A16D481E3002F08CFD51
:10859000002003900CE0039800F5C27080B2002226
:1085A000FA210290F9F7B6FE0398401C80B20390BE
:1085B00003981428EFDB002003900EE00398C0F12D
:1085C000FA0080B20022014602904FF4CC70F9F715
:1085D000A1FE0398401C80B2039003981228EDDBA3
:1085E000002003900CE0039800F5CC7080B20022CC
:1085F000E8210290F9F78EFE0398401C80B20390A8
:1086000003981428EFDB002003900DE00398E83076
:1086100080B20022014602904FF4D670F9F77AFE3C
:108620000398401C80B2039003982428EEDB0020BE
:1086300003900DE0039800F5D67080B200224FF44D
:1086400086710290F9F766FE0398401C80B2039091
:1086500003981428EEDB002003900DE00398FA3015
:1086600080B20022014602904FF4E070F9F752FE0A
:108670000398401C80B2039003981228EEDB00E0C0
:1086800013E0002003900CE0039800F5E07080B246
:108690000022FA210290F9F73DFE0398401C80B2B7
:1086A000039003981428EFDBB4E00020039030A17E
:1086B00023481E3002F0F8FC002003900CE00398E1
:1086C00000F5C27080B20022FA210290F9F722FE72
:1086D0000398401C80B2039003981428EFDB00201D
:1086E00003900DE00398FA3080B200220146029018
:1086F0004FF4CC70F9F70EFE0398401C80B2039043
:1087000003981228EEDB002003900DE0039800F59B
:10871000CC7080B200224FF486710290F9F7FAFD16
:108720000398401C80B2039003981428EEDB0020CD
:10873000039030E08402002052756E6E696E67000F
:108740002A05002050617573650000004800002074
:108750008002424253746F700000000000004242E9
:10876000C001002020000000202000002020200068
:1087700020202020000000000398C0F5867080B201
:108780000022014602904FF4D670F9F7C3FD03981A
:10879000401C80B2039003982428EDDB0020039056
:1087A0000CE0039800F5D67080B20022E821029018
:1087B000F9F7B0FD0398401C80B203900398142889
:1087C000EFDB002003900EE00398C0F1FA0080B2C6
:1087D0000022014602904FF4E070F9F79BFD0398E8
:1087E000401C80B2039003981228EDDB0020039018
:1087F0000CE0039800F5E07080B20022FA210290AC
:10880000F9F788FD0398401C80B203900398142860
:10881000EFDB00BFFC48407801287DD1FBA1FD487B
:1088200002F042FCF848807830B1012875D0022867
:1088300074D0032873D1FDE3F7A1F6485A3002F053
:1088400033FCF7A1F3486A3002F02EFCF6A1F148A0
:108850007A3002F029FCF6A1EE488A3002F024FCBE
:10886000F5A1EC489A3002F01FFCF6A1E948B030BF
:1088700002F01AFCAFF22011E648C63002F014FCF8
:10888000AFF22C11E348DC3002F00EFCDE484079F8
:1088900000F0020058B3DC48C078012813D1DA4850
:1088A00090F8700178B10120D74910310090D1E9DA
:1088B000020102460B46CDE90201D649F231012000
:1088C00002F070FB0EE00020CF4910310090D1E99A
:1088D000020102460B46CDE90201CE49F2310120E8
:1088E00002F060FBDAA1DB4802F0DEFB2FE0C648B5
:1088F000C078012818D1C44890F87001A0B10120B7
:10890000C14910310090D1E9020102460B46CDE980
:108910000201D049A03903E0FEE389E001E2FCE373
:10892000002002F03FFB0EE00020B749103100901C
:10893000D1E9020102460B46CDE90201C549A03941
:10894000002002F02FFBC4A1C24802F0ADFBAE48EC
:10895000407900F0010048B3AB48C07890B9AA480C
:1089600090F8700170B10120A7490090D1E904018D
:1089700002460B46CDE90201B6497839012002F0E2
:1089800011FB0DE00020A0490090D1E9040102464E
:108990000B46CDE90201AF497839012002F002FB14
:1089A000AEA1AC480A3002F07FFB28E09648C078C0
:1089B00090B9954890F8700170B1012092490090EB
:1089C000D1E9040102460B46CDE90201A1497839FB
:1089D000002002F0E7FA0DE000208B490090D1E979
:1089E000040102460B46CDE902019A49783900207C
:1089F00002F0D8FA9AA197480A3002F055FBAFF27C
:108A0000A8219448503802F04FFBAFF2B4219148AE
:108A1000143002F049FBAFF2C0218E48283802F032
:108A200043FBAFF2CC218B481E3002F03DFB46E306
:108A300079A178485A3002F037FB79A175486A303D
:108A400002F032FB78A173487A3002F02DFB78A156
:108A500070488A3002F028FB77A16E489A3002F005
:108A600023FB78A16B48B03002F01EFB7DA1694862
:108A7000C63002F019FBAFF220317648B63802F06A
:108A800013FB6148407900F0020058B35E48C0789B
:108A9000012813D15C4890F8700178B101205A493F
:108AA00038310090D1E9020102460B46CDE90201BE
:108AB0006849A039012002F075FA0EE00020524901
:108AC00038310090D1E9020102460B46CDE902019E
:108AD0006049A039012002F065FA5DA15D4802F00D
:108AE000E3FA2AE04848C078012813D1464890F8B4
:108AF000700178B10120444938310090D1E9020178
:108B000002460B46CDE902015249A039002002F08D
:108B100049FA0EE000203C4938310090D1E90201C9
:108B200002460B46CDE902014A49A039002002F075
:108B300039FA49A1474802F0B7FA3348407900F0C2
:108B4000010048B33048C07890B92F4890F87001C0
:108B500070B101202C490090D1E90E0102460B466C
:108B6000CDE902013B497839012002F01BFA0DE002
:108B7000002025490090D1E90E0102460B46CDE9BF
:108B8000020134497839012002F00CFA33A131484E
:108B90000A3002F089FA28E01B48C07890B91A48D8
:108BA00090F8700170B1012017490090D1E90E01D1
:108BB00002460B46CDE9020126497839002002F031
:108BC000F1F90DE0002010490090D1E90E010246B4
:108BD0000B46CDE902011F497839002002F0E2F985
:108BE0001FA11C480A3002F05FFA0748407900F0E4
:108BF0000400E8B30448C078022848D1024890F83D
:108C00007001B0B3012035E048000020566F6C744D
:108C1000616765000C05002053696E676C65000094
:108C20004672656552756E00547261696E0000008F
:108C3000457874426E63000050756C7365576964C3
:108C400074680000416D706C6974756465000000A3
:108C50006D7300009E0600207E7300005600000029
:108C60006D5600004672657175656E63790000008F
:108C700020E00CE0FE490090D1E9040102460B46D9
:108C8000CDE90201FB49012002F08CF90CE0002043
:108C9000F7490090D1E9040102460B46CDE90201F3
:108CA000F449012002F07EF9F3A1F248643002F0A9
:108CB000FBF929E0EE483838C078022812D1EC4898
:108CC000383890F8700168B10120E9490090D1E985
:108CD000040102460B46CDE90201E649012002F0FB
:108CE00061F90CE00020E2490090D1E9040102465C
:108CF0000B46CDE90201DF49012002F053F9DFA163
:108D0000DC48643002F0D0F9AFF2B451D9482830D1
:108D100002F0CAF9AFF2C051D6486E3002F0C4F981
:108D200015E3AFF20C11D348E83802F0BDF9AFF209
:108D30001011D048D83802F0B7F9AFF21411CD486D
:108D4000C83802F0B1F9AFF21811CA48B83802F0C9
:108D5000ABF9AFF21C11C748A83802F0A5F9AFF281
:108D60001C11C448923802F09FF9AFF20811C148B3
:108D70007C3802F099F9C2A1BE48663802F094F935
:108D8000BB483838407900F0020078B3B84838382A
:108D9000C078012814D1B648383890F8700178B1FD
:108DA0000120B34928310090D1E9020102460B4667
:108DB000CDE90201AF495039012002F0F3F80EE08D
:108DC0000020AB4928310090D1E9020102460B4650
:108DD000CDE90201A7495039012002F0E3F8AFF2D2
:108DE0009011A448503002F05FF92FE0FFE7A0484F
:108DF0003838C078012814D19D48383890F870016F
:108E000078B101209A4928310090D1E90201024647
:108E10000B46CDE9020197495039002002F0C2F813
:108E20000EE00020924928310090D1E9020102466B
:108E30000B46CDE902018F495039002002F0B2F80B
:108E4000AFF2EC118B48503002F02EF988483838D8
:108E5000407900F0010070B385483838C078A0B977
:108E60008348383890F8700178B10120804938394A
:108E70000090D1E9180102460B46CDE902017D4977
:108E80002839012002F08EF80EE0002078493839A8
:108E90000090D1E9180102460B46CDE9020175495F
:108EA0002839012002F07EF8AFF2502171485A3083
:108EB00002F0FAF82EE0FFE76D483838C078A0B924
:108EC0006B48383890F8700178B10120684938391A
:108ED0000090D1E9180102460B46CDE9020165492F
:108EE0002839002002F05EF80EE000206049383991
:108EF0000090D1E9180102460B46CDE902015D4917
:108F00002839002002F04EF8AFF2AC2159485A300F
:108F100002F0CAF856483838407900F0040060B3CF
:108F200053483838C078022813D15148383890F85F
:108F3000700170B101204E4928310090D1E904013F
:108F400002460B46CDE902014A49012002F02AF807
:108F50000DE00020464928310090D1E90401024685
:108F60000B46CDE902014349012002F01BF842A162
:108F70004048643002F098F82BE03D483838C0781B
:108F8000022813D13A48383890F8700170B10120A6
:108F9000374928310090D1E9040102460B46CDE95A
:108FA00002013449012001F0FDFF0DE000203049AD
:108FB00028310090D1E9040102460B46CDE90201B7
:108FC0002C49012001F0EEFF2CA12A48643002F068
:108FD0006BF827483838407900F0080058B3244827
:108FE0003838C078032814D12148383890F87001F7
:108FF00078B101201E4928310090D1E906010246CE
:109000000B46CDE902011B492831012001F0CAFFBE
:109010000EE00020164928310090D1E906010246F1
:109020000B46CDE9020113492831012001F0BAFFB6
:1090300016A101E044E004E00E486E3002F034F87E
:109040003DE00B483838C078032825D10848383827
:1090500090F8700100B30120009005483838C16FC6
:10906000806F02460B46CDE90201024928310FE02C
:10907000800000204E0600204B487A00487A00000D
:109080004475726174696F6E000000007300000027
:10909000002001F087FF0CE00020F7490090D1E9A3
:1090A000060102460B46CDE90201F449002001F019
:1090B00079FFAFF26441F148463001F0F5FF46E137
:1090C000AFF2AC41EE4801F0EFFFAFF2AC41EC483B
:1090D000103001F0E9FFAFF2B041E948203001F073
:1090E000E3FFAFF2B441E648303001F0DDFFAFF20C
:1090F000AC41E348563001F0D7FFAFF27401E048CD
:109100006C3001F0D1FFAFF28001DD48823001F018
:10911000CBFFDC48007801E01AE117E118B1D9482B
:109120000078012812D1AFF2A001D548403001F0FB
:10913000BBFFAFF2AC01D148783801F0B5FFAFF218
:10914000B801CE48283001F0AFFF84E0AFF21851EB
:10915000CB48403001F0A8FFC7486038407900F0A4
:10916000020078B3C4486038C078012814D1C248DE
:10917000603890F8700178B10120BF492831009023
:10918000D1E9020102460B46CDE90201BB4978391B
:10919000012001F007FF0EE00020B74928310090C0
:1091A000D1E9020102460B46CDE90201B349783903
:1091B000012001F0F7FEAFF26851B048283001F00D
:1091C00073FF2FE0FFE7AC486038C078012814D166
:1091D000A948603890F8700178B10120A64928317B
:1091E0000090D1E9020102460B46CDE90201A349F4
:1091F0007839002001F0D6FE0EE000209E4928318B
:109200000090D1E9020102460B46CDE902019B49DB
:109210007839002001F0C6FEAFF2C45197482830DB
:1092200001F042FF98480168436893482030D0E934
:109230000442614083EA020001430CD08E48203092
:10924000D0E90410904A1160506016228E49891EA0
:10925000E620F7F7C6FC88486038407900F0010046
:1092600070B385486038C078A0B98348603890F8FA
:10927000700178B10120804920310090D1E90201CC
:1092800002460B46CDE902017C495039012001F02C
:1092900089FE0EE00020009077482030C168806889
:1092A00002460B46CDE9020174495039012001F014
:1092B00079FEAFF258617148323001F0F5FE2DE0D1
:1092C0006D486038C078A0B96B48603890F870017C
:1092D00078B10120684920310090D1E902010246AD
:1092E0000B46CDE9020165495039002001F05AFED4
:1092F0000EE00020604920310090D1E902010246D1
:109300000B46CDE902015D495039002001F04AFECB
:10931000AFF2B4615948323001F0C6FEAFF2982185
:109320005648283801F0C0FEAFF2A42153483C3023
:1093300001F0BAFEAFF2B021504801F0B5FEAFF235
:10934000B8214E48463001F0AFFE00E000BFFCE31C
:109350004EA14B485A3801F0A7FE47486038807844
:1093600030B101286AD0022869D0032868D1EDE322
:10937000AFF25C71424801F097FEAFF25C71404879
:10938000103001F091FEAFF260713D48203001F0E5
:109390008BFEAFF264713A48303001F085FEAFF2D7
:1093A00068713748403001F07FFEAFF26871344891
:1093B000563001F079FEAFF2303131486C3001F0B7
:1093C00073FEAFF23C312E48823001F06DFE2A4828
:1093D0006038407900F0020078B327486038C078E0
:1093E000012814D12448603890F8700178B1012028
:1093F000214958310090D1E9020102460B46CDE9DE
:1094000002011E497839012001F0CCFD0EE0002058
:10941000194958310090D1E9020102460B46CDE9C5
:10942000020116497839012001F0BCFDAFF2E0716C
:109430001248283001F038FE3FE002E0B7E023E2B6
:10944000FEE30D486038C078012823D10A4860380F
:1094500090F87001F0B10120074958310090D1E92E
:10946000020102460B46CDE9020104497839002089
:1094700001F098FD1BE00000A80000207606002007
:1094800066050020C00100204A0300204375727267
:10949000656E74000020F8490090D1E9020102468F
:1094A0000B46CDE90201F549002001F07BFDAFF646
:1094B0005801F248A03001F0F7FDEF48B838407984
:1094C00000F0100068B3EC48B838C078A0B9EA489A
:1094D000B83890F8700178B10120E7490839009058
:1094E000D1E9020102460B46CDE90201E3492831E8
:1094F000012001F057FD0EE00020DF4908390090FF
:10950000D1E9020102460B46CDE90201DB492831CF
:10951000012001F047FDDAA1D848AA3001F0C4FDCE
:109520002CE0D548B838C078A0B9D348B83890F8FE
:10953000700178B10120D04908390090D1E90201C9
:1095400002460B46CDE90201CC492831002001F04A
:1095500029FD0EE00020C84908390090D1E9020138
:1095600002460B46CDE90201C4492831002001F032
:1095700019FDC4A1C148AA3001F096FDAFF2F8412F
:10958000BE48503001F090FDAFF20451BB48B430FA
:1095900001F08AFDAFF21051B848783001F084FD37
:1095A000AFF21C51B548BE3001F07EFD16E3AFF6B8
:1095B0009811B248983801F077FDAFF69C11AF488A
:1095C000883801F071FDAFF6A011AC48783801F091
:1095D0006BFDAFF6A411A948683801F065FDAFF640
:1095E000A811A648583801F05FFDAFF6A811A348AE
:1095F000423801F059FDAFF69411A0482C3801F023
:1096000053FDAFF27C519D48163801F04DFD9A484C
:10961000B838407900F0020068B39748B838C0788D
:10962000012813D19448B83890F8700170B1012026
:109630000090914820304169006902460B46CDE90F
:1096400002018E49012001F0ADFC0DE000200090E8
:10965000894820304169006902460B46CDE9020184
:109660008649012001F09EFCAFF61C218348A03002
:1096700001F01AFD2CE08048B838C078012813D1D9
:109680007D48B83890F8700170B101207A492831CE
:109690000090D1E9020102460B46CDE9020177496B
:1096A000002001F07FFC0DE000207349283100907C
:1096B000D1E9020102460B46CDE902016F490020C3
:1096C00001F070FCAFF670216C48A03001F0ECFCAA
:1096D0006948B838407900F0100068B36648B83877
:1096E000C078A0B96448B83890F8700178B101200A
:1096F000614920310090D1E9020102460B46CDE9D3
:1097000002015E492831012001F04CFC0EE00020EE
:10971000594920310090D1E9020102460B46CDE9BA
:10972000020156492831012001F03CFC54A1534864
:10973000AA3001F0B9FC2CE04F48B838C078A0B985
:109740004D48B83890F8700178B1012000904A482F
:109750002030C168806802460B46CDE902014749C6
:109760002831002001F01EFC0EE00020009042484D
:109770002030C168806802460B46CDE902013F49AE
:109780002831002001F00EFC3EA13C48AA3001F037
:109790008BFC3948B838407900F0040078B336487B
:1097A000B838C078022814D13348B83890F870011E
:1097B00078B10120304928310090D1E904010246F6
:1097C0000B46CDE902012D495031012001F0EAFBA1
:1097D0000EE00020284928310090D1E9040102461A
:1097E0000B46CDE9020125495031012001F0DAFB99
:1097F000AFF27C712148B43001F056FC2FE0FFE756
:109800001D48B838C078022814D11B48B83890F8E1
:10981000700178B10120009017482030C16980693B
:1098200002460B46CDE9020114495031012001F0F6
:10983000B9FB0EE0002000900F482030C16980691C
:1098400002460B46CDE902010C495031012001F0DE
:10985000A9FBAFF2D8710948B43001F025FCAFF292
:10986000D8710648783001F01FFCAFF2E47103486C
:10987000BE3001F019FCF2E200010020FE050020DC
:109880006D4100007E410000AFF67441FE4801F0DA
:109890000BFCAFF67441FC48103001F005FCAFF64C
:1098A0007841F948203001F0FFFBAFF67C41F648E3
:1098B000303001F0F9FBAFF68041F348403001F061
:1098C000F3FBAFF68041F048563001F0EDFBAFF608
:1098D0006C41ED486C3001F0E7FBAFF65C01EA4803
:1098E000823001F0E1FBE948407900F0020058B312
:1098F000E648C078012812D1E44890F8700170B1B0
:109900000120E3490090D1E9020102460B46CDE96E
:109910000201DD499831012001F044FB0EE00020F6
:109920000090DB4808384169006902460B46CDE9E2
:109930000201D5499831012001F034FBAFF6F04126
:10994000D44801F0B1FB29E0D048C078012812D1F9
:10995000CE4890F8700170B10120CD490090D1E956
:10996000020102460B46CDE90201C74998310020A9
:1099700001F018FB0DE00020C5490090D1E902017B
:1099800002460B46CDE90201BF499831002001F0A3
:1099900009FBAFF63C51BF4801F086FBBB4840795C
:1099A00000F0100060B3B948C07898B9B74890F893
:1099B000700178B101200090B5480838C16880680E
:1099C00002460B46CDE90201B2497839012001F087
:1099D000E9FA0EE00020AE4908390090D1E9020111
:1099E00002460B46CDE90201AA497839012001F06F
:1099F000D9FAAFF27411A7480A3001F055FB2BE0F9
:109A0000A248C07898B9A14890F8700178B10120B7
:109A10009F4908390090D1E9020102460B46CDE981
:109A200002019C497839002001F0BCFA0EE00020C8
:109A3000974908390090D1E9020102460B46CDE969
:109A4000020194497839002001F0ACFAAFF2CC1150
:109A500090480A3001F028FB8C48407900F004005F
:109A600068B38A48C078022813D1884890F87001FA
:109A700078B10120009086480838C16980690246A3
:109A80000B46CDE9020183495039012001F08AFAE1
:109A90000EE0002000907E480838C16980690246C7
:109AA0000B46CDE902017B495039012001F07AFAD9
:109AB000AFF63C217748143001F0F6FA2BE07348FA
:109AC000C078022813D1714890F8700178B1012054
:109AD00000906F480838C169806902460B46CDE99D
:109AE00002016C495039012001F05CFA0DE00020C0
:109AF00067490090D1E9040102460B46CDE9020115
:109B000064495039012001F04DFAAFF690216148C7
:109B1000143001F0C9FA5D48407900F0080078B3CC
:109B20005A48C078032815D1584890F8700188B178
:109B3000012057490090D1E9060102460B46CDE9C4
:109B4000020154492839012001E089E147E001F090
:109B500029FA0EE0002000904D480838416A006A5A
:109B600002460B46CDE902014A492839012001F09D
:109B700019FAAFF6E82147481E3001F095FA2DE0BA
:109B8000FFE74248C078032813D1404890F870019D
:109B900078B1012000903E480838416A006A0246C8
:109BA0000B46CDE902013B492839002001F0FAF9C2
:109BB0000EE00020009036480838416A006A0246EC
:109BC0000B46CDE9020133492839002001F0EAF9BA
:109BD000AFF684712F481E3001F066FA3FE1AFF610
:109BE000C871294801F060FAAFF6CC7126481030F0
:109BF00001F05AFAAFF6D0712348203001F054FA40
:109C0000AFF6D4712048303001F04EFAAFF6CC7187
:109C10001D48563001F048FAAFF694311A486C30BE
:109C200001F042FAAFF6A0311748823001F03CFA59
:109C30001948007818B118480078012813D100E0BD
:109C40000CE1AFF6BC311048403001F02DFAAFF610
:109C5000C8310D48983001F027FAAFF6D4310D48DD
:109C600001F022FA83E00D490748403001F01CFA68
:109C70000648407900F00200B0B30448C0780128DB
:109C80001FD102480CE000006605002048000020BB
:109C9000500100209E060020C0010020388C0008E2
:109CA00090F8700168B101206E490090D1E902017D
:109CB00002460B46CDE902016B49012001F072F921
:109CC0000CE0002067490090D1E9020102460B46F2
:109CD000CDE902016449012001F064F963A1624801
:109CE000A03001F0E1F929E0FFE76148C0780128E0
:109CF00012D15F4890F8700170B10120009059486E
:109D000008384169006902460B46CDE9020156490F
:109D1000002001F047F90CE0002052490090D1E901
:109D2000020102460B46CDE902014F49002001F035
:109D300039F950A14C48A03001F0B6F94E480168FD
:109D4000426848480838D0E90434594082EA04009F
:109D500001430CD043480838D0E90410464A11604A
:109D60005060162244490A39E620F6F73AFF404887
:109D7000407900F0100060B33D48C07898B93C4885
:109D800090F8700178B10120364908390090D1E986
:109D9000020102460B46CDE9020133492831012078
:109DA00001F000F90EE0002000902E480838C1684C
:109DB000806802460B46CDE902012B49283101207B
:109DC00001F0F0F8AFF248512748AA3001F06CF9E1
:109DD0002BE02748C07898B9254890F8700178B1F1
:109DE000012000901F480838C168806802460B4671
:109DF000CDE902011C492831002001F0D3F80EE022
:109E00000020009017480838C168806802460B4659
:109E1000CDE9020114492831002001F0C3F8AFF266
:109E20009C511148AA3001F03FF9AFF6A4510E48F9
:109E3000503001F039F9AFF6B0510B48B43001F0B1
:109E400033F9AFF6BC510848783001F02DF9AFF680
:109E5000C8510548BE3001F027F900E000BF00BF3F
:109E60001FBD000078010020FE0500206D7300007A
:109E7000480000207E7300005203002008B501F066
:109E8000F9F842F20410F8F7C9F901F0F3F84FF4C9
:109E9000AD40D6239E22002100909420F8F77AFA54
:109EA00008BD000000B585B0FE4890F8BA01012851
:109EB00003D10220FB4981F8BA01FA490F31F94870
:109EC000F6F7D2F920B9F74890F8BA0102281BD169
:109ED00046F2C330F4490880002048800846408894
:109EE0000988F04A1823CDE90132CDE903102A2070
:109EF0009E23E522002100900620FBF7B5FAE949F0
:109F000001F10F00F6F7BEF9E6492D31A1F10F007E
:109F1000F6F7AAF920B9E34890F8BA01022827D148
:109F2000E2488078012804D14FF44840DE49088097
:109F300003E04FF4AD40DC4908800020DA49488056
:109F4000084640880988D74A1E321823CDE90132D5
:109F5000CDE903102A209E23E522A42100900720AA
:109F6000FBF782FACF491E3101F10F00F6F78AF9AB
:109F7000CC494B31A1F10F00F6F776F920B9C94869
:109F800090F8BA0102281ED14FF2E760C649088056
:109F900000204880084640880988C24A3C3218237D
:109FA000CDE90132CDE903102A209E23E5224FF4AA
:109FB000A47100900820FBF757FABA493C3101F12F
:109FC0000F00F6F75FF9B7496231A1F10800F6F723
:109FD0004BF920B9B34890F8BA01022853D1B448DC
:109FE000807828BB4FF4AD40AF49088000204880FE
:109FF000084641880088AB4A5A321823CDE901321D
:10A00000CDE903013420882300221146009001206D
:10A01000FBF72AFA4FF4AD40A349088008460088B0
:10A0200034239322002100908920F8F7B3F924E02B
:10A030004AF655509C4908800020488008464088D0
:10A040000988984A5A321823CDE90132CDE9031024
:10A05000342088230022114600900120FBF704FAE7
:10A0600042F2041090490880084600883423932265
:10A07000002100908920F8F78DF98A495A3101F1C1
:10A080000800F6F7FFF887497231A1F10800F6F7EA
:10A09000EBF820B9834890F8BA01022854D18448DB
:10A0A0008078012825D14FF4AD407F4908800020F9
:10A0B00048800846418800887A4A6A321823CDE9E8
:10A0C0000132CDE90301342088233622002100909B
:10A0D0000120FBF7C9F94FF4AD40734908800846E9
:10A0E00000886A239322362100908920F8F752F9DC
:10A0F00024E04AF655506C49088000204880084604
:10A1000040880988674A6A321823CDE90132CDE9CF
:10A110000310342088233622002100900120FBF711
:10A12000A3F942F2041060490880084600886A23B7
:10A130009322362100908920F8F72CF959496A3189
:10A1400001F10800F6F79EF856498231A1F10800A6
:10A15000F6F78AF820B9534890F8BA01022854D18A
:10A1600053488078022825D14FF4AD404E490880ED
:10A17000002048800846408809884A4A7A321823D5
:10A18000CDE90132CDE90310342088236C2200216F
:10A1900000900120FBF768F94FF4AD404249088078
:10A1A00008460088A02393226C2100908920F8F7AC
:10A1B000F1F824E04AF655503B49088000204880D9
:10A1C000084640880988374A7A321823CDE9013297
:10A1D000CDE90310342088236C2200210090012057
:10A1E000FBF742F942F204102F4908800846008824
:10A1F000A02393226C2100908920F8F7CBF82949FD
:10A200007A3101F10800F6F73DF826499231A1F1C3
:10A210000800F6F729F820B9224890F8BA01022878
:10A220005CD123488078032825D14FF4AD401E49E6
:10A23000088000204880084641880088194A8A32F0
:10A240001823CDE90132CDE9030134208823A2226D
:10A25000002100900120FBF707F94FF4AD401249AF
:10A26000088008460088D6239322A22100908920E6
:10A27000F8F790F82DE04AF655500B490880002079
:10A280004880084640880988064A8A321823CDE962
:10A290000132CDE9031034208823A222002100904E
:10A2A000012007E00C050020C402002084020020E9
:10A2B00048000020FBF7D8F842F20410FB49088060
:10A2C00008460088D6239322A22100908920F8F71F
:10A2D00061F8F74901F10800F5F7D4FFF4491B31A3
:10A2E000A1F10B00F5F7C0FF28B9F1488A3890F8C2
:10A2F000BA0102282AD1EF48C078012806D04AF6D0
:10A300005550EA4908800020488006E044F22820A1
:10A31000E64908804AF251604880E4484088E349B1
:10A320000988E34A10321023CDE90132CDE9031048
:10A3300034206F2336229E2100900220FBF794F8F0
:10A34000DB49103101F10B00F5F79CFFD8493131A1
:10A35000A1F10B00F5F788FF28B9D5488A3890F8A5
:10A36000BA01022828D1D348C07830B14AF65550F6
:10A37000CE4908800020488006E044F22820CB49DE
:10A3800008804AF251604880C84841880088C84A1D
:10A3900026321023CDE90132CDE9030134206F23A9
:10A3A00000229E2100900220FBF75EF8C049263172
:10A3B00001F10B00F5F766FFBD494731A1F10B0034
:10A3C000F5F752FF28B9BA488A3890F8BA0102283E
:10A3D0002AD1B848C078022806D04AF65550B34969
:10A3E00008800020488006E044F22820AF49088019
:10A3F0004AF251604880AD484088AC490988AC4A6F
:10A400003C321023CDE90132CDE9031034206F2313
:10A410006C229E2100900220FBF726F8A4493C31D3
:10A4200001F10B00F5F72EFFA1495D31A1F10B0001
:10A43000F5F71AFF28B99E488A3890F8BA01022821
:10A4400029D19C48C078032806D04AF65550974930
:10A4500008800020488006E044F2282093490880C4
:10A460004AF251604880914841880088904A5232AF
:10A470001023CDE90132CDE9030134206F23A2225C
:10A480009E2100900220FAF7EFFF8949523101F135
:10A490000B00F5F7F7FE86497C31A1F11400F5F7C2
:10A4A000E3FE28B982488A3890F8BA0102283DD1E3
:10A4B0008048C078012819D04AF655507B49088059
:10A4C00000204880084640880988794A683210236D
:10A4D000CDE90132CDE903103420812336224FF437
:10A4E000877100900320FAF7BFFF19E042F20410D1
:10A4F0006E4908804AF251604880084641880088C9
:10A500006B4A68321023CDE90132CDE903013420D2
:10A51000812336224FF4877100900420FAF7A4FFBC
:10A520006349683101F11400F5F7ACFE6049A431CC
:10A53000A1F11400F5F798FE28B95D488A3890F823
:10A54000BA0102283CD15B48C078C8B14AF65550E0
:10A550005649088000204880084640880988544AA7
:10A5600090321023CDE90132CDE90310342081234C
:10A5700000224FF4877100900320FAF775FF19E06D
:10A5800042F20410494908804AF251604880084666
:10A5900041880088464A90321023CDE90132CDE946
:10A5A00003013420812300224FF48771009004209E
:10A5B000FAF75AFF3E49903101F11400F5F762FEB7
:10A5C0003B49CC31A1F11400F5F74EFE28B93848CB
:10A5D0008A3890F8BA0102283DD13648C07802285E
:10A5E00019D04AF655503149088000204880084665
:10A5F000418800882E4AB8321023CDE90132CDE9D6
:10A600000301342081236C224FF4877100900320D2
:10A61000FAF72AFF19E042F20410244908804AF2AE
:10A6200051604880084640880988214AB832102382
:10A63000CDE90132CDE90310342081236C224FF49F
:10A64000877100900420FAF70FFF1949B83101F122
:10A650001400F5F717FE1649F431A1F11400F5F7CF
:10A6600003FE28B912488A3890F8BA01022841D16D
:10A670001048C07803281FD04AF655500B4908806F
:10A6800000204880084640880988094AE0321023A3
:10A69000CDE90132CDE9031034208123A2224FF409
:10A6A000877100900320FAF7DFFE1EE0C40200204D
:10A6B000960500204800002042F204107D490880E1
:10A6C0004AF2516048800846418800887A4A10233F
:10A6D000CDE90132CDE9030134208123A2224FF4D8
:10A6E000877100900420FAF7BFFE734901F114004E
:10A6F000F5F7C8FD70492D31481FF5F7B5FD20B9B4
:10A700006E4890F8BA01022829D16D48C078012816
:10A7100006D04AF65550674908800020488006E078
:10A7200044F22820634908804AF251604880614819
:10A7300041880088604A28321023CDE90132CDE9F2
:10A74000030134204E2336224FF4C87100900520B7
:10A75000FAF78AFE58492831481DF5F793FD564906
:10A760003731481FF5F780FD20B9544890F8BA01F9
:10A77000022829D15248C07830B14AF655504D4987
:10A7800008800020488006E044F2282049490880DB
:10A790004AF2516048804748408846490988464AFD
:10A7A00032321023CDE90132CDE9031034204E239B
:10A7B00000224FF4C87100900520FAF755FE3E497B
:10A7C0003231481DF5F75EFD3B494131481FF5F731
:10A7D0004BFD20B9394890F8BA01022829D13848F0
:10A7E000C078022806D04AF6555032490880002029
:10A7F000488006E044F228202E4908804AF2516041
:10A8000048802C48418800882B4A3C321023CDE9EF
:10A810000132CDE9030134204E236C224FF4C8717C
:10A8200000900520FAF720FE23493C31481DF5F73A
:10A8300029FD21494B31481FF5F716FD20B91F4866
:10A8400090F8BA01022829D11D48C078032806D003
:10A850004AF65550174908800020488006E044F227
:10A860002820144908804AF25160488011484188E4
:10A870000088114A46321023CDE90132CDE90301A7
:10A8800034204E23A2224FF4C87100900520FAF71D
:10A89000EBFD09494631481DF5F7F4FC074890F8EF
:10A8A000BA01022803D10020044981F8BA0105B099
:10A8B00000BD0000C4020020760600200C05002028
:10A8C000480000201FB5044600F0D4FBFDF73AFD18
:10A8D00000F0D0FBFFF7E6FA00F0CCFB3048007840
:10A8E00028B96420F8F792F801202D490870012C4E
:10A8F00054D100F0BFFB42F20410C1234FF4D772D1
:10A9000034210090C820F7F745FD4FF4AD4042F2E6
:10A91000041124A21823CDE90032CDE90210B0239E
:10A920004FF4B47242214FF48770F8F701FB00F046
:10A93000A1FB4FF4AD4042F204111CA21023CDE95B
:10A940000032CDE90210BE234FF4D7726E21DC2015
:10A95000F8F7EEFA4FF4AD4042F2041119A21023B9
:10A96000CDE90032CDE90210BE234FF4D7728A211F
:10A97000DC20F8F7DDFA00F07DFB4FF4AD4042F249
:10A98000041115A21023CDE90032CDE90210BE2337
:10A990004FF4D772A621DC20F8F7CAFA1FBD0000D9
:10A9A000C80200205761726E696E67004578636562
:10A9B00065642074686520736166652076616C75D6
:10A9C00065000000436F6E74696E75653A5072657C
:10A9D00073732052554E000043616E63656C3A50AC
:10A9E00072657373205041555345000010B50446FD
:10A9F00000F040FBF5F7D5FB8648807830B10128A0
:10AA000042D002287ED004287DD1BBE0012C18D191
:10AA100081494868FBF748FA30B98048007840F02F
:10AA200002007E4908702EE07C48007820F0020089
:10AA30007A49087008468078012824D0FBF74CF941
:10AA400021E0022C1FD173484078012805D17148BC
:10AA5000006971494968086005E06E48D0F8B8009F
:10AA60006D49496808606C484068006858B96B488F
:10AA7000007820F0020069490870084680780128B3
:10AA800001D0FBF729F990E0012C18D16249486800
:10AA9000FBF760F930B96148007840F002005F4987
:10AAA00008702EE05D48007820F002005B490870D5
:10AAB00008468078012824D0FBF70EF921E0022C0B
:10AAC0001FD154484078012805D15248806B524923
:10AAD0004968086005E04F48D0F8E0004E494968F1
:10AAE00008604D484068006858B94C48007820F02C
:10AAF00002004A49087008468078012801D0FBF717
:10AB0000EBF852E000E04FE0012C18D142494868D0
:10AB1000FBF7E4FB30B94148007840F002003F49C0
:10AB200008702EE03D48007820F002003B49087094
:10AB300008468078012824D0FBF7CEF821E0022CCB
:10AB40001FD134484078012805D13248006E32497F
:10AB50004968086005E02F48D0F808012E49496887
:10AB600008602D484068006858B92C48007820F0EB
:10AB700002002A49087008468078012801D0FBF7B6
:10AB8000ABF812E02648407806280AD2DFE800F049
:10AB900003040506070805E004E003E002E001E025
:10ABA00000E000BF00BF00E000BF00BF012C2DD1BE
:10ABB00019484068C0681B49498901EB810100EBD5
:10ABC0004100808818494968086013484068C06897
:10ABD0001449498901EB810100EB4100C088134908
:10ABE000496808800C484068C0680E49498901EBF3
:10ABF000810100EB410000890D494968086000208F
:10AC00000849488100210748C1600161F5F7CBFA86
:10AC100010BD000048000020A00200208402002097
:10AC2000A02A00203C04002024020020440200202E
:10AC30006402002010B5064CD4E90010884202D10D
:10AC40004FF6FF7010BD4FF47A7000F003F8F9E78B
:10AC50003042002010B502460B49134606E0581E4C
:10AC600080B2031E02D14FF6FF7010BDD1E9004043
:10AC7000A042F4D00C794868401C04F03F044860BE
:10AC800001F10800005DF0E73042002070B51B4C78
:10AC900040F225511A4800F05DF8F0B140F225511C
:10ACA000174800F03CF8164800F00EF9C5B2D4E998
:10ACB0000001401A402808D2207800F03F0104F13A
:10ACC000080045542068401C206020782179401AF3
:10ACD00000F03F000B4908800FE040F22441084893
:10ACE00000F038F848B106480088C6B20448001D94
:10ACF0000088C6B201200449087070BD30420020AF
:10AD0000001401401A0300201803002001F400720F
:10AD1000B2F5007F00D100BFCA430280704710B572
:10AD20000022002340F66A14A14200D100BF0A129B
:10AD300001249440A3B2DC43048010BD21B1828978
:10AD400042F40052828104E082894DF6FF731A407A
:10AD50008281704770B50246002400230025002040
:10AD600040F66A16B14200D100BFC1F3421501F0AE
:10AD70001F03012606FA03F3012D02D19689334001
:10AD800006E0022D02D1168A334001E0968A334054
:10AD90000C12012606FA04F41688344013B10CB1E3
:10ADA000012000E0002070BDF0B50346002400261D
:10ADB0000025002040F66A17B94200D100BF1846AE
:10ADC000C1F3421401F01F06012707FA06F5012C12
:10ADD00001D10C3004E0022C01D1103000E014301D
:10ADE0001AB107682F43076002E00768AF430760A6
:10ADF000F0BD00002DE9FF4705460E460024A146A0
:10AE000000BFA046B08900B100BF2C8A24F4405492
:10AE1000F08804432C82AC8941F20C608443B088F2
:10AE200031890843718908430443AC81AC8A24F416
:10AE30004074B0890443AC826846FBF7B1FB2048FC
:10AE4000854202D01F48854202D1DDF80C9001E016
:10AE5000DDF80890A88900F4004040B109EBC90072
:10AE600000EB091031684900B0FBF1F707E009EB8E
:10AE7000C90000EB091031688900B0FBF1F76420CC
:10AE8000B7FBF0F004012009642101FB1078A889C8
:10AE900000F4004040B1322000EBC800B0FBF1F0FC
:10AEA00000F00700044308E0322000EB08106421A2
:10AEB000B0FBF1F000F00F0004432C81BDE8FF87E8
:10AEC000001001400014014001468888C0F30800CA
:10AED000704700BFFEE7000010B588B004460121AE
:10AEE0004020FBF7F3FA01212020FBF72FFB08227B
:10AEF00009212A48F6F794FA08220E212748F6F786
:10AF00008FFA4FF48440069002208DF81C00032035
:10AF10008DF81D0000208DF81E0001208DF81F0007
:10AF200006A91E48F6F734FA02940020ADF80C008A
:10AF3000ADF80E00ADF81000ADF814000C20ADF81F
:10AF4000120002A91648FFF755FF40211448FFF7E9
:10AF5000DDFE10211248FFF7D9FE012240F22551F3
:10AF60000F48FFF721FF012240F224410C48FFF770
:10AF70001BFF47208DF8040002208DF805000320F8
:10AF80008DF8060001208DF8070001A8FAF70EF9E8
:10AF900001210348FFF7D2FE08B010BD001802409F
:10AFA000001401402DE9FC4106460F4614461D469B
:10AFB000DDF82080C6B3B8F1000F2AD02A48C06857
:10AFC0004FF47A71B0FBF1F201FB1200C82804D2F1
:10AFD00026A1384600F068F843E00A21244890F89A
:10AFE000720122462B46CDE900013946304601F078
:10AFF0007DFA1F4890F87001012832D10A200421FF
:10B0000022462B46CDE900103946304601F06EFA53
:10B0100027E00A20042122462B46CDE900103946BC
:10B02000304601F063FA1CE0FFE7B8F1000F0ED0E4
:10B030000D48C0684FF47A71B0FBF1F201FB1200C9
:10B04000C82804D209A1384600F02EF809E00A20E9
:10B05000002122462B46CDE900103946304601F04A
:10B0600045FABDE8FC810000C80600200000000091
:10B070004800002010B54FF480510248F6F7F7F968
:10B0800010BD0000000802400FB4054B10B503A925
:10B09000044A029800F030F910BC5DF814FB00007F
:10B0A000E1BB00081C0300200FB4084B10B504A935
:10B0B00002AA039800F020F9044602A9002000F03B
:10B0C0009EFC204610BC5DF814FB0000FFB9000890
:10B0D00000B52DED048BB0EE409AF0EE609A83B08F
:10B0E00051EC190BF5F7DDFB41EC180B18EE100ACB
:10B0F00018EE901A8DED008B002818BF0120084330
:10B1000020F00040C0F17F6000F1E040C00F14D09B
:10B1100019EE101A19EE900A8DED009B002918BF48
:10B120000121084320F00040C0F17F6000F1E040C1
:10B13000C00F04BF012000F017F8B0EE480A03B0BA
:10B14000F0EE680ABDEC048B00BD02E008C8121FD7
:10B1500008C1002AFAD170477047002001E001C100
:10B16000121F002AFBD17047014908607047000098
:10B17000440300202DE9FF5F82B00021DDE90430A7
:10B18000020DDDF840B0034318D044F61050A2F28F
:10B19000FF3242431514119801281FD0A5EB0B0074
:10B1A000401C5FEA000A4FF000064E4FDFF838916E
:10B1B000B046504615D5CAF1000413E01198012499
:10B1C0004AA3012801D16FEA0B010298119AC0E944
:10B1D0000031C0E9024206B0BDE8F09FCBF10000AB
:10B1E000DFE704460021404A491842EB0450CDE90C
:10B1F000001012E0E00707D032463B464046494681
:10B20000F5F7FFF88046894632463B461046194618
:10B21000F5F7F7F806460F466410002CEAD1DDE991
:10B220000401DDE90023BAF1000F06DAF5F7E9F8C9
:10B2300042464B46F5F7E5F805E0F5F754F9424686
:10B240004B46F5F750F904460E460022284BF5F719
:10B2500091FB03D84FF0FF30014607E00022254B59
:10B2600020463146F5F726F8F5F76CFB102409E087
:10B27000002C0ADB0A220023F4F7ACFF039B3032D8
:10B280001A55641E50EA0102F2D1641C039AC4F1FB
:10B2900011031444119A012A03D0012208430DD14D
:10B2A0000AE0084304D000204FF0110B119072E720
:10B2B000A3EB0B056D1E0DE05B4504DD4FF00002B6
:10B2C00005F1010504E003DA4FF00002A5F10105E4
:10B2D000002AECD002981199C0E90231C0E900457A
:10B2E00079E70000000014400000F03F300000004B
:10B2F0000000F0430000E03F2DE9FF4F95B09A4673
:10B30000884606460025EEE1252877D10024274609
:10B31000F94A0121039400E0044316F8013F203B61
:10B3200001FA03F01042F7D130782A2811D06FF0DB
:10B330002F033078A0F13002092A16D8039A44F07E
:10B34000020402EB820203EB42021044761C0390DB
:10B35000EFE758F8042B0392002A03DA504244F432
:10B360000054039044F00204761C30782E2816D145
:10B3700016F8010F44F004042A280DD06FF02F02B4
:10B380003078A0F13003092B09D807EB870302EBD3
:10B390004303C718761CF3E758F8047B761C307813
:10B3A0006C280FD006DC4C2817D068280DD06A28EE
:10B3B00014D104E0742810D07A280FD10DE044F4A1
:10B3C00000140AE044F4801401E044F4401472785C
:10B3D000824202D104F58014761C761C30786628EF
:10B3E0000BD013DC582877D009DC002875D045280D
:10B3F000F6D04628F4D047281AD193E118E0632804
:10B4000035D0642879D0652812D18BE1702873D0AB
:10B4100008DC6728F1D069286FD06E280DD06F281E
:10B4200006D1ACE073282CD0752874D0782853D07E
:10B430005246179990476D1C54E1C4F302500228FC
:10B4400009D003280DD0D8F8001004280DD00D60C5
:10B4500008F1040846E1D8F80010EA17C1E90052E3
:10B46000F6E7D8F800100D80F2E70D70F0E718F855
:10B47000041B8DF8001000208DF80100EB46012020
:10B4800003E058F804BB4FF0FF3061074FF00001B4
:10B4900002D40DE009F101018946B9420FDA814574
:10B4A000F8DB1BF809100029F4D108E009F10101CB
:10B4B00089468142FADB1BF809100029F6D103986E
:10B4C0005346A0EB090721463846179A00F080FA48
:10B4D000284400EB090507E044E008E10DE01BF813
:10B4E000010B524617999047B9F10109F7D253461B
:10B4F00021463846179AF2E039E00A21C4F3025295
:10B500004FF0000B0091022A06D058F8040BC11727
:10B51000032A09D00AE023E008F1070020F007021F
:10B52000F2E80201904605E000B2C117042A01D1F9
:10B5300040B2C117002906DA0A460021404261EBF9
:10B5400002012D2202E0220504D52B228DF80420D1
:10B55000012203E0E20701D02022F7E7914657E0FD
:10B560000A2100E010214FF0000B00910BE01021A8
:10B570004FF0000B44F004040827009103E008207A
:10B580004FF0000B0090C4F30252022A05D058F885
:10B59000040B0021032A08D008E008F1070020F07E
:10B5A0000702F2E80201904603E080B2042A00D1CB
:10B5B000C0B24FF0000922072AD53278702A07D08E
:10B5C000DDF800C08CF0100C5CEA0B0C05D00EE02E
:10B5D00040228DF80420012208E050EA010306D041
:10B5E00030238DF804308DF8052002229146009B0F
:10B5F00083F0080353EA0B030AD150EA010201D198
:10B60000620705D530228DF804204FF001097F1E16
:10B610003278582A04D039A20C920CAA02920BE07C
:10B620003BA2F9E75B46009AF4F7D4FD0C9B9B5CC8
:10B63000029A521E0292137050EA0102F2D102984D
:10B6400004A9081A00F1200B600702D524F4803405
:10B6500000E001275F4502DDA7EB0B0000E00020C2
:10B6600000EB0B01009003984944401A0390E0035B
:10B6700006D453462146179A039800F0A9F90544C9
:10B68000002706E001A85246C05D179990476D1C3F
:10B690007F1C4F45F6DBE0030CD553462146179A35
:10B6A000039800F095F9054404E0302052461799BC
:10B6B00090476D1C0099481E00900029F5DC08E0B9
:10B6C0000298029952460078491C029117999047B6
:10B6D0006D1CBBF10001ABF1010BF1DC5BE100F093
:10B6E00065F90544761C307800287FF40DAE19B05A
:10B6F0002846BDE8F08F00000928010030313233C0
:10B70000343536373839616263646566000000009D
:10B710003031323334353637383941424344454687
:10B7200000000000600700D4062708F1070020F0A1
:10B730000700F0E80223804603F0004C5FEA0C00AB
:10B7400001D097A009E0200501D596A005E0E0070B
:10B7500001D095A001E0AFF24C001390307823F0B7
:10B76000004365280CD006DC452809D046281DD0AA
:10B7700047287FD13BE0662818D067287AD136E089
:10B780000021112F01DB112000E0781CCDE9000120
:10B7900004A90CA8FFF7EEFCDDE90D010C9A4FF0AF
:10B7A000000B07F10109109200914EE04FF00040AC
:10B7B0000097CDE9011004A90CA8FFF7DBFCDDE937
:10B7C0000D020C9B0F994FF0000B914610930092C5
:10B7D00011B9791C00EB0109B7EB090003D4C0F1E2
:10B7E000FF3B07F10109A9EB0700019042E0012F9F
:10B7F00000DA01270021112F01DD112000E0384679
:10B80000CDE9000104A90CA8FFF7B4FCDDE90D01A6
:10B810000C9A00914FF0000BB946109221070FD4FB
:10B82000009A4A4503DA914601E0A9F10109B9F10C
:10B83000010F05DD109AA9F10101515C3029F4D006
:10B84000B84202DA10F1040F03DA0121CDE9011048
:10B8500010E0002803DC8344A9EB000102E0411C56
:10B86000494500DD8946A0EB0B00401C01904FF0DC
:10B8700000400290200705D40198484502DB4FF0B4
:10B88000FF30019000208DF84B0002980DF14B071E
:10B89000B0F1004F25D002200C902B200D90029883
:10B8A00000280CDA404202902D200D9007E00A217A
:10B8B0000298F4F71BFF3031029007F8011D0C9934
:10B8C000481E0C900029F2DC02980028EFD1791E66
:10B8D0000D980870307800F0200040F0450007F81F
:10B8E000020D11A8C01BC01D02901398007800B172
:10B8F000012000EB0901019801EBE071029801447D
:10B900000398401A401E0390E00306D45346214694
:10B91000179A039800F05CF805441398007818B162
:10B920005246179990476D1CE00323D55346214694
:10B93000179A039800F04CF805441BE0BBF1000F88
:10B9400007DB0098584504DD1098179910F80B0094
:10B9500001E0179930205246904701980BF1010BF6
:10B96000401E05F10105019004D12E205246179981
:10B9700090476D1CB9F10001A9F10109DEDC05E079
:10B9800017F8010B5246179990476D1C0299481EF3
:10B9900002900029F4DC53462146179A03989EE64C
:10B9A0002D0000002B000000200000002DE9F041D8
:10B9B000044600251E461746880404D405E039468F
:10B9C0002020B0476D1C641EF9D52846BDE8F081E3
:10B9D0002DE9F041044600251E469046C80301D5D6
:10B9E000302700E02027880404D505E0414638468A
:10B9F000B0476D1C641EF9D52846BDE8F0810A6881
:10BA0000531C0B601070704770B5054605EB850040
:10BA1000304901EB40042846F6F768FAA8423ED1C7
:10BA20002078052802DA0520207052E020780A28C4
:10BA300003DA2078401C20704BE0A07938B901204F
:10BA4000A07105EB4501491CC8B200F0A1F8A0881F
:10BA500000283EDD6088A18888420DDA6088401C9D
:10BA600080B26080A188884233D105EB4501C91CB2
:10BA7000C8B200F08DF82CE0E079002829DD207AAA
:10BA8000401CC0B22072E179884222DB0020207283
:10BA900005EB4501491CC8B200F07AF819E020789E
:10BAA000052802DD0520207010E0207818B12078EC
:10BAB000401E20700AE0A079012807D10020A07163
:10BAC00005EB4501891CC8B200F062F800206080D7
:10BAD000207270BDE40600200E4890F832000D4A36
:10BAE00092F83320904201D100207047094890F825
:10BAF0003200084A115C104690F83200401CC0B277
:10BB000082F83200322802DB002082F83200084638
:10BB1000EBE700004C08002000200021144A82F8C6
:10BB2000321082F8331082F8341000BF1DE0642117
:10BB300000EB80020F4B03EB42029180052100EBEA
:10BB4000800203F81210002100EB800203EB420296
:10BB5000917100EB800203EB4202D17100EB800295
:10BB600003EB42021172411CC8B22428DFDB70478C
:10BB70004C080020E406002010B5002404E0204614
:10BB8000FFF742FF601CC4B2242CF8DB10BD00009C
:10BB9000084991F83310074A5054114691F8331070
:10BBA000491CC9B282F83310322902DB002182F825
:10BBB000331070474C0800204FF0E02252694FF4D8
:10BBC0007A73B2FBF3F250434FF0E022916900BF69
:10BBD0004FF0E02292698A1A8242F9D3704700003E
:10BBE00000BF054A128802F04002002AF9D0C2B212
:10BBF000014B1B1D1A8070470014014010B586B020
:10BC0000044600200390049005900090019002905B
:10BC100012480068C0F30B00039011A00399FFF7CE
:10BC200033FA144850F8240000680390114850F883
:10BC30002400406804900F4850F824008068059064
:10BC40000DA00099FFF720FA10A00199FFF71CFA48
:10BC500013A00299FFF718FA06B010BD002004E007
:10BC60004D43552069645B305D3A307825780D0A84
:10BC700000000000140000204D4355206964315B32
:10BC8000305D3A307825780D0A0000004D4355208C
:10BC90006964315B315D3A307825780D0A00000027
:10BCA0004D4355206964315B325D3A307825780D1B
:10BCB0000A00000000B52DED048B85B001A8FAF74D
:10BCC0006FFC0298F4F79DFC41EC190B9FED230BE0
:10BCD00053EC102BF4F707FC41EC180B53EC182B2A
:10BCE00020A0FFF7D1F90398F4F78BFC41EC190B76
:10BCF0009FED1A0B53EC102BF4F7F5FB41EC180BEE
:10BD000053EC182B1EA0FFF7BFF90498F4F779FC49
:10BD100041EC190B9FED110B53EC102BF4F7E3FBE7
:10BD200041EC180B53EC182B1CA0FFF7ADF9019850
:10BD3000F4F767FC41EC190B9FED080B53EC102B4B
:10BD4000F4F7D1FB41EC180B53EC182B1AA0FFF7BA
:10BD50009BF905B0BDEC048B00BD000000000000A5
:10BD600080842E4148434C4B5F4672657175656E09
:10BD700063793A252E33664D487A0D0A000000009B
:10BD800050434C4B315F4672657175656E63793A0D
:10BD9000252E33664D487A0D0A00000050434C4B67
:10BDA000325F4672657175656E63793A252E33662A
:10BDB0004D487A0D0A000000535953434C4B5F46DF
:10BDC00072657175656E63793A252E33664D487AD2
:10BDD0000D0A000010B5122204494FF40070F4F768
:10BDE000C3FE024902A0FFF74FF910BDF001002089
:10BDF0004465766963655F534E3A25730D0A00000A
:10BE000070B5002400250026FFF766FE04468CB1BD
:10BE1000601E032190FBF1F0C5B2601E90FBF1F2B1
:10BE200001FB1200C6B21EB9242D01DA284670BDEE
:10BE30000020FCE70020FAE710B52DED048B9FED04
:10BE40000C0AB0EE408A9020F5F716FBB0EE408A5F
:10BE500018EE100AF4F71BFC41EC190B53EC192BEC
:10BE600004A0FFF711F9B0EE480ABDEC048B10BD39
:10BE7000000000006765745F74656D703A25302EB0
:10BE800032660D0A0000000010B5802009490880C4
:10BE900000F012F840200749891E088000F00CF8D5
:10BEA00040200449088000F007F880200149891EDD
:10BEB000088010BD1A140240002001E0411C88B225
:10BEC0002628FBDB704700001CB501212020FAF773
:10BED000FDFA01212020FAF7F9FA40200090012014
:10BEE0008DF804008DF8060003208DF80500012070
:10BEF0008DF8070069460B48F5F74AFA8020009054
:10BF000001208DF804008DF8060003208DF805004F
:10BF100001208DF8070069460248F5F739FA00F06C
:10BF20007DF81CBD0014024010B580200749088030
:10BF3000FFF7C2FF402005490880FFF7BDFF402002
:10BF40000249891C0880FFF7B7FF10BD1814024092
:10BF500070B50025002400BF16E040200C49088081
:10BF6000FFF7AAFF6006040E09480838006800F0D1
:10BF7000800008B1601CC4B240200549891C0880BB
:10BF8000FFF79AFF681CC5B2082DE6DB204670BD9E
:10BF90001814024070B5044640201349088000255B
:10BFA0001BE004F0800020B180200F49891E08802A
:10BFB00002E080200C4908806006040EFFF77CFF39
:10BFC00040200949891E0880FFF776FF4020064976
:10BFD0000880FFF771FF681CC5B2082DE1DB8020E7
:10BFE0000149891E088070BD1A14024010B58020D6
:10BFF0000949088040200880FFF75EFF802006493D
:10C00000891C0880FFF758FF40200349891C0880DD
:10C01000FFF752FF10BD00001814024010B5802039
:10C02000054908804020891E0880FFF745FF8020D1
:10C030000149891E088010BD1A14024070B5002401
:10C04000002580200C490880FFF736FF40200A4970
:10C050000880FFF731FF08480838006800F08000CA
:10C0600008B1012400E0002440200349891C088015
:10C07000FFF722FF204670BD1814024092B000BFA7
:10C08000F5F7CEFCFEF7F6FF9FED500AFCF736F809
:10C090004FF4C870F4F7A8FEFEF7ECFF94E04C48AC
:10C0A000006808B9FFF7C8FEFEF7E4FFF7F7E2F80B
:10C0B000FEF7E0FFF8F7E6FDFEF7DCFF4548007805
:10C0C00048B1002043490870FEF7D4FF0020FEF776
:10C0D000F9FBFEF7CFFFFEF7CDFFF6F7FFFFFEF708
:10C0E000C9FF3D48007800286CD03C4800881C28D7
:10C0F00068D100240025402102A8F4F7A3F838A055
:10C1000000680190FF22402102A8F4F794F800BFD4
:10C1100005E0FEF78FFD02A90855601C84B22F4888
:10C1200000888442F5DB2D480088801EC1B202A839
:10C13000F4F7DCFD054629480088801E02A9095C49
:10C1400026480088401E02AA105C41EA0020A8424E
:10C1500011D022480088401E02A9085C9DF80410F6
:10C1600088421FD11D480088801E02A9085C9DF8E6
:10C170000510884216D1082202A91A48F4F78BF854
:10C1800080B904AB02AA1548018817A0FEF77CFF0E
:10C19000FEF770FF122204A94FF40070F4F721FD9E
:10C1A000FEF768FF00200C4908700C490880FEF774
:10C1B00061FF12221A494FF40070F4F7D5FCFEF724
:10C1C00059FF00BFFEF756FF69E700000000C842B4
:10C1D0000400002010000020180300201A03002093
:10C1E000414100007CCB0008557361727436466C87
:10C1F00061673D312C5573617274365F72785F6C84
:10C20000656E3A25642C756172745F6275663A25B5
:10C210002D3238732C534E3A252D3138730D0A00C8
:10C22000F00100202DE9F04104460E461548005D5E
:10C2300038B9144818380168204688470120BDE8FD
:10C24000F081114850F82400B04219D90F4850F835
:10C250002400B6FBF0F10B48083850F8240030F801
:10C260001120002508E000230648083850F8240073
:10C270004F1920F817306D1C9542F4DB0020DEE7E3
:10C280000220DCE70003002094CB00088CCB0008E0
:10C290002DE9F04704460F460025A9462348005DD6
:10C2A00020B9224818380168204688471FB94FF046
:10C2B000FF30BDE8F0871E4850F82400B7FBF0F6C9
:10C2C0001B4850F82400B7FBF0F100FB117000B1DF
:10C2D000761C184850F82400451E22E01348083800
:10C2E00050F8240030F8150010B909F1010901E0F7
:10C2F0004FF00009B14513D14FF0000809E00B4899
:10C30000083850F8240005EB080220F8126008F104
:10C310000108B045F3D3064850F824006843C8E745
:10C320006D1E002DDADA4FF0FF30C2E70003002067
:10C330008CCB000884CB000810B5014600230022F6
:10C3400007E00B4850F8210030F8120000B15B1CE8
:10C35000521C084850F821009042F2D864205843FB
:10C36000044C54F82140B0FBF4F0C0B210BD000002
:10C37000F802002084CB000870B505460C4604B9CD
:10C3800070BD054850F82500261A31462846FFF7AB
:10C3900049FF00BFF4E70000F002002070B504463A
:10C3A0000E4631462046FFF773FF0546681C08B964
:10C3B000002070BD024850F824002844F9E700002E
:10C3C000F002002030B5034601E003F8011B141E03
:10C3D000A2F10102F9D130BD10B53F48C078012863
:10C3E0003CD13E48007818B13C48007801281BD168
:10C3F0003B48D0E9043042F210729A1A70F1000002
:10C4000005D242F2107200213548C0E904213449B6
:10C41000D1E90401304AD2F8542108322E4BDB789E
:10C4200002EBC30203C219E02D48D0E9042044F610
:10C430002063D21A70F1000004D21A460021284865
:10C44000C0E904212649D1E90401234AD2F8542144
:10C450000832214BDB7802EBC30203C21E48C078CE
:10C46000022819D11E491F4AD1E90440A21A70F1CD
:10C47000000004D21B4A00211948C0E904211848D1
:10C48000D0E904211448D0F854010830124BDB786D
:10C4900000EBC300C0E900210F48C078032819D180
:10C4A0000F48D0E90420104BD21A70F1000004D2DA
:10C4B0001A4600200A49C1E904200948D0E90410BD
:10C4C000054AD2F854210832034BDB7802EBC30251
:10C4D000C2E9001010BD000048000020C00100208B
:10C4E00098010020400D0300A08601002DE9FF5FA8
:10C4F00082B08A4616461F46DDF844B04FF0000869
:10C50000C14600BF029800287DD0FE4A0023304675
:10C510003946F3F75FFE04460D461098052873D29E
:10C52000DFE800F00356B2FCFB000BE00A22002318
:10C5300020462946F3F74EFE04460D4608F1010059
:10C5400000F0FF08002184EA010069400843EDD1B2
:10C55000B8F1000F01D14FF001084FF0000906E0DB
:10C5600020200AF8090009F1010000F0FF095846EF
:10C57000A0EB08004845F3DCE24A00233046394688
:10C58000F3F728FE04460D46002009EB08010AF8DF
:10C59000010019E0A8F1010000F0FF080A220023C1
:10C5A00020462946F3F716FE3020101809EB080143
:10C5B0000AF801004FF00A024FF000032046294616
:10C5C000F3F708FE04460D46B8F1000FE2D1FCE196
:10C5D0000BE00A22002320462946F3F7FBFD044620
:10C5E0000D4608F1010000F0FF08002184EA010077
:10C5F00069400843EDD1B8F1000F01D14FF00108B7
:10C600004FF0000908E0E1E1DEE120200AF809002E
:10C6100009F1010000F0FF09ABF10100A0EB0800F7
:10C620004845F2DCB74A002330463946F3F7D2FDDD
:10C6300004460D462E2009EB08010AF801000021EE
:10C6400009EB0800401C0AF8001019E0A8F10100ED
:10C6500000F0FF080A22002320462946F3F7BAFD1E
:10C660003020101809EB08010AF801004FF00A0207
:10C670004FF0000320462946F3F7ACFD04460D4673
:10C68000B8F1000FE2D1A0E10BE00A22002320461E
:10C690002946F3F79FFD04460D4608F1010000F01E
:10C6A000FF08002184EA010069400843EDD1B8F198
:10C6B000000F01D14FF001084FF0000906E02020E3
:10C6C0000AF8090009F1010000F0FF09ABF10200CE
:10C6D000A0EB08004845F2DC8A4A00233046394680
:10C6E000F3F778FD04460D462E2009EB08010AF801
:10C6F0000100854A002330463946F3F76BFD0A22D4
:10C700000023CDE90001F3F765FD30201018C1B218
:10C7100009EB080000F1010001E0B1E028E00AF8AF
:10C7200000104FF0000109EB080000F102000AF8C8
:10C73000001019E0A8F1010000F0FF080A22002310
:10C7400020462946F3F746FD3020101809EB080172
:10C750000AF801004FF00A024FF000032046294674
:10C76000F3F738FD04460D46B8F1000FE2D12CE195
:10C770000BE00A22002320462946F3F72BFD04464E
:10C780000D4608F1010000F0FF08002184EA0100D5
:10C7900069400843EDD1B8F1000F01D14FF0010815
:10C7A0004FF0000906E020200AF8090009F1010015
:10C7B00000F0FF09ABF10300A0EB08004845F2DCF4
:10C7C000504A002330463946F3F704FD04460D462F
:10C7D0002E2009EB08010AF801004B4A00233046DD
:10C7E0003946F3F7F7FC0A220023CDE90001F3F7FD
:10C7F000F1FC30201018C1B209EB080000F1010073
:10C800000AF8001042F210724FF000033046394629
:10C81000F3F7E0FC0A220023CDE90001F3F7DAFC8C
:10C8200030201018C1B209EB080000F102000AF82C
:10C8300000104FF0000109EB080000F103000AF8B6
:10C84000001019E0A8F1010000F0FF080A220023FF
:10C8500020462946F3F7BEFC3020101809EB0801EA
:10C860000AF801004FF00A024FF000032046294663
:10C87000F3F7B0FC04460D46B8F1000FE2D1A4E096
:10C880000BE00A22002320462946F3F7A3FC0446C6
:10C890000D4608F1010000F0FF08002184EA0100C4
:10C8A00069400843EDD1B8F1000F01D14FF0010804
:10C8B0004FF0000906E020200AF8090009F1010004
:10C8C00000F0FF09ABF10400A0EB08004845F2DCE2
:10C8D0000C4A002330463946F3F77CFC04460D46EB
:10C8E0002E2009EB08010AF80100074A0023304610
:10C8F0003946F3F76FFC0A220023CDE90001F3F774
:10C9000069FC03E040420F00A086010030201018AF
:10C91000C1B209EB080000F101000AF8001042F270
:10C9200010724FF0000330463946F3F753FC0A22E9
:10C930000023CDE90001F3F74DFC30201018C1B2FF
:10C9400009EB080000F102000AF800104FF47A72B7
:10C950004FF0000330463946F3F73CFC0A2200232F
:10C96000CDE90001F3F736FC30201018C1B209EB15
:10C97000080000F103000AF800104FF0000109EB75
:10C98000080000F104000AF8001019E0A8F1010005
:10C9900000F0FF080A22002320462946F3F71AFC7C
:10C9A0003020101809EB08010AF801004FF00A02C4
:10C9B0004FF0000320462946F3F70CFC04460D46D1
:10C9C000B8F1000FE2D100E000BF60E04FF47A72EE
:10C9D000002330463946F3F7FDFB04460D46109818
:10C9E000A0BB0BE00A22002320462946F3F7F2FB06
:10C9F00004460D4608F1010000F0FF08002184EA1A
:10CA0000010069400843EDD1B8F1000F01D14FF0AA
:10CA100001084FF0000906E020200AF8090009F19A
:10CA2000010000F0FF09ABEB08004845F4DC4FF4CF
:10CA30007A72002330463946F3F7CCFB04460D46A4
:10CA4000002009EB08010AF801001AE01DE0A8F136
:10CA5000010000F0FF080A22002320462946F3F7D0
:10CA6000B9FB3020101809EB08010AF801004FF05B
:10CA70000A024FF0000320462946F3F7ABFB0446B9
:10CA80000D46B8F1000FE2D100E000BF00BF06B0D4
:10CA9000BDE8F09FF0B5B9B00027E02101A8F3F799
:10CAA000D1FB0024DE24FEF7E5FA224601A94FF46B
:10CAB0000070F4F759F8FEF7DDFA09A0FEF7E4FA82
:10CAC0009DF8BC100AA0FEF7DFFADDF8BD50DDF8D6
:10CAD000C1302A4611A0FEF7D7FA39B0F0BD0000E8
:10CAE000746573745F656570726F6D0D0A00000088
:10CAF000734D656D446174615F74742E435F4D6F57
:10CB00006465457874426E635F506172616D4E4139
:10CB1000445F414D504C3A25640D0A00734D656DDC
:10CB2000446174615F74742E435F4D6F6465457832
:10CB300074426E635F506172616D5F414D504C3A5B
:10CB4000256C6C640D0A0000002105E00A2100BF7D
:10CB50000A1EA1F10101FBD1021EA0F10100F5D1D5
:10CB60007047002105E00A2100BF0A1EA1F1010162
:10CB7000FBD1021EA0F10100F5D170477367737AF3
:10CB800068646773000100002000000020000000BE
:10CB90002000000000200000000400000000000051
:10CBA0000000000000000000000000003F40000006
:10CBB0000000000000003000400030004000000095
:10CBC00009000BC03D000BC03D00090018C0244007
:10CBD0007FE0224031800000180024C01B000D803F
:10CBE0003240018003801C4027401C8007400040E9
:10CBF00010006000000000000000000000000000C5
:10CC000000001F80204040200000402020401F8066
:10CC100000000000090006001F8006000900000057
:10CC2000040004003F8004000400000000100060C5
:10CC300000000000000000000400040004000400E4
:10CC400004000000000000400000000000000000A0
:10CC5000002001C006003800400000001F80204076
:10CC6000204020401F800000000010403FC00040D6
:10CC70000000000018C0214022402440184000005D
:10CC800010802040244024401B80000002000D0042
:10CC900011003FC0014000003C802440244024405B
:10CCA000238000001F802440244034400380000083
:10CCB0003000200027C03800200000001B802440E6
:10CCC000244024401B8000001C0022C0224022403F
:10CCD0001F8000000000000008400000000000006D
:10CCE00000000000046000000000000000000400DC
:10CCF0000A001100208040400900090009000900D5
:10CD00000900000000004040208011000A000400DB
:10CD10001800200023402400180000001F8020403D
:10CD2000274029401F400000004007C039000F0085
:10CD300001C0004020403FC0244024401B80000030
:10CD40001F802040204020403080000020403FC015
:10CD5000204020401F80000020403FC024402E4043
:10CD600030C0000020403FC024402E0030000000B2
:10CD70000F001080204022403380020020403FC03E
:10CD8000040004003FC02040204020403FC020401D
:10CD9000204000000060202020203FC02000200014
:10CDA00020403FC024400B0030C0204020403FC006
:10CDB00020400040004000C03FC03C0003C03C0099
:10CDC0003FC0000020403FC00C4023003FC0200077
:10CDD0001F802040204020401F80000020403FC096
:10CDE00024402400180000001F802140214020E042
:10CDF0001FA0000020403FC02440260019C0004072
:10CE000018C02440244022403180000030002040DF
:10CE10003FC020403000000020003F800040004024
:10CE20003F80200020003E0001C0070038002000A5
:10CE3000380007C03C0007C038000000204039C05F
:10CE4000060039C0204000002000384007C03840AC
:10CE500020000000304021C02640384020C00000A3
:10CE6000000000007FE04020402000000000700033
:10CE70000C000380004000000000402040207FE0C4
:10CE80000000000000002000400020000000000022
:10CE90000010001000100010001000100000000032
:10CEA0004000000000000000000002800540054036
:10CEB00003C0004020003FC0044004400380000045
:10CEC000000003800440044006400000000003808E
:10CED000044024403FC0004000000380054005405E
:10CEE00003400000000004401FC0244024402000F4
:10CEF000000002E0055005500650042020403FC0CD
:10CF00000440040003C000400000044027C000406B
:10CF10000000000000100010041027E000000000D6
:10CF200020403FC00140070004C004402040204092
:10CF30003FC000400040000007C0040007C00400DC
:10CF400003C00000044007C00440040003C00040C8
:10CF5000000003800440044003800000041007F038
:10CF6000045004400380000000000380044004508B
:10CF700007F00010044007C0024004000400000055
:10CF8000000006400540054004C000000000040009
:10CF90001F8004400040000004000780004004405F
:10CFA00007C000400400070004C001800600040020
:10CFB000060001C0070001C006000000044006C0D2
:10CFC000010006C0044000000410071004E00180C6
:10CFD000060004000000044005C0064004400000B4
:10CFE0000000000004007BE0402000000000000082
:10CFF0000000FFF000000000000040207BE0040083
:10D0000000000000400080004000200020004000A0
:10D010000000000000000000000000000000000010
:10D020000000000000001FCC000C00000000000009
:10D0300000000800300060000800300060000000C0
:10D04000022003FC1E20022003FC1E200220000000
:10D0500000000E1811043FFF10840C78000000003F
:10D060000F0010840F3800C0077818840078000083
:10D0700000780F8410C411240E9800E40084000886
:10D0800008006800700000000000000000000000C0
:10D0900000000000000007E0181820044002000013
:10D0A000000040022004181807E000000000000003
:10D0B0000240024001800FF0018002400240000067
:10D0C0000080008000800FF8008000800080000059
:10D0D0000001000D000E0000000000000000000034
:10D0E00000000080008000800080008000800080C0
:10D0F0000000000C000C0000000000000000000018
:10D1000000000006001800600180060018002000E2
:10D11000000007F0080810041004080807F00000D9
:10D120000000080408041FFC0004000400000000C4
:10D1300000000E0C10141024104411840E0C00007A
:10D1400000000C1810041104110412880C70000067
:10D15000000000E00320042408241FFC0024000039
:10D1600000001F9810841104110410881070000032
:10D17000000007F0088811041104188800700000EE
:10D1800000001C00100010FC13001C001000000028
:10D1900000000E3811441084108411440E38000031
:10D1A00000000700088C10441044088807F00000B5
:10D1B000000000000000030C030C00000000000051
:10D1C0000000000000010106000000000000000057
:10D1D0000000008001400220041008081004000034
:10D1E0000220022002200220022002200220000051
:10D1F0000000100408080410022001400080000014
:10D2000000000E001200100C106C10800F000000C7
:10D2100003E00C1813E4142417C4082807D00000F6
:10D220000004003C03C41C40074000E4001C000450
:10D2300010041FFC1104110411040E88007000007A
:10D2400003E00C1810041004100410081C10000057
:10D2500010041FFC100410041004080807F000005C
:10D2600010041FFC1104110417C410040818000056
:10D2700010041FFC1104110017C01000080000006A
:10D2800003E00C181004100410441C780040000047
:10D2900010041FFC10840080008010841FFC100408
:10D2A0000000100410041FFC100410040000000013
:10D2B00000030001100110011FFE1000100000000B
:10D2C00010041FFC110403801464181C10040000D7
:10D2D00010041FFC1004000400040004000C0000F3
:10D2E00010041FFC1F0000FC1F001FFC10040000A6
:10D2F00010041FFC0C04030000E010181FFC1000B9
:10D3000007F00808100410041004080807F00000D3
:10D3100010041FFC10841080108010800F0000008B
:10D3200007F0081810241024101C080A07F2000047
:10D3300010041FFC1104110011C011300E0C000468
:10D3400000000E1C11041084108410441C380000CE
:10D350001800100010041FFC10041000180000003A
:10D3600010001FF810040004000410041FF810003F
:10D3700010001E0011E0001C007013801C00100043
:10D380001FC0103C00E01F0000E0103C1FC0000068
:10D390001004180C163401C001C01634180C100407
:10D3A00010001C00130400FC13041C0010000000FB
:10D3B0000804101C1064108413041C0410180000CE
:10D3C0000000000000007FFE40024002400200001A
:10D3D000000030000C0003800060001C000300000F
:10D3E00000004002400240027FFE000000000000FA
:10D3F000000000002000400040004000200000002D
:10D400000001000100010001000100010001000114
:10D41000000040004000200000000000000000006C
:10D4200000000098012401440144014400FC000470
:10D4300010001FFC00880104010400880070000037
:10D44000000000700088010401040104008800004D
:10D450000000007000880104010411081FFC000492
:10D46000000000F8014401440144014400C80000E8
:10D470000000010401040FFC110411041100180044
:10D48000000000D601290129012901C90106000077
:10D4900010041FFC008401000100010400FC0004D2
:10D4A00000000104190419FC00040004000000003D
:10D4B0000000000300010101190119FE0000000035
:10D4C00010041FFC0024004001B4010C0104000002
:10D4D0000000100410041FFC000400040000000001
:10D4E000010401FC0104010001FC0104010000FC35
:10D4F000010401FC008401000100010400FC00049F
:10D50000000000F8010401040104010400F8000017
:10D51000010101FF00850104010400880070000082
:10D5200000000070008801040104010501FF0001F2
:10D530000104010401FC00840104010001800000D9
:10D54000000000CC012401240124012401980000E2
:10D5500000000100010007F80104010400000000C0
:10D56000010001F8000400040004010801FC0004AB
:10D57000010001800170000C0010016001800100B9
:10D5800001F0010C003001C00030010C01F001007D
:10D5900000000104018C00740170018C0104000082
:10D5A000010101810171000E00180160018001007C
:10D5B00000000184010C013401440184010C0000CD
:10D5C000000000000000000001003EFC400240029C
:10D5D0000000000000000000FFFF0000000000004D
:10D5E0000000400240023EFC01000000000000007C
:10D5F000008000FF000400040004008800FC000418
:10D60000000000000000000000000000000000001A
:10D61000000000000000000000000000000000000A
:10D6200000000000000000000000000000000000FA
:10D630000000000F80380FFE380F80380000000017
:10D6400000000000000000000000000000000100D9
:10D65000000600000C000038000031000006000049
:10D660000C00003800003000000000000000000046
:10D6700061800067F807F9800061800061800061C7
:10D68000800061800067F807F98000618000000079
:10D6900000000000000001C0E003E0F006300804D4
:10D6A00018081FFFFE040E080787F00381E0000042
:10D6B0000000000001F000060C00040408060C70D5
:10D6C00001F9C0000E00003BE000EC180708080458
:10D6D0000C180003E00000000001E00007F003F870
:10D6E00018041C0804170807E1D003C0E00023B0A9
:10D6F000003C0800200800001000000000000001AD
:10D7000000003100003200001C000000000000009A
:10D710000000000000000000000000000000000009
:10D7200000000000000000000000000000000000F9
:10D730007F0001FFC00780F00C00181000042000DB
:10D74000020000000000002000021000040C00187D
:10D750000780F001FFC0007F000000000000000013
:10D760000000000000000000000000004200006611
:10D7700000006600003C0000180003FFC000180015
:10D78000003C00006600006600004200000000004F
:10D79000080000080000080000080000080001FF61
:10D7A000C000080000080000080000080000080091
:10D7B00000000000000100003100003200001C00E9
:10D7C0000000000000000000000000000000000059
:10D7D0000000000000000000080000080000080031
:10D7E0000008000008000008000008000008000011
:10D7F0000800000800000000000000000000000019
:10D800003800003800003800000000000000000070
:10D810000000000000000000000000000000000008
:10D82000000600001C000070000180000E0000389F
:10D830000000C0000700001C0000300000000000D5
:10D84000000000007F8001FFE003807006001804E4
:10D85000000804000806001803807001FFE0007F44
:10D860008000000000000000000001000801000826
:10D8700001000803FFF807FFF80000080000080097
:10D88000000800000000000000000001C03802C0D5
:10D8900058040098040118040218040418061C18FF
:10D8A00003F81801E0F8000000000000000000018B
:10D8B000C0E003C0F00400080408080408080618C3
:10D8C0000803F41801E7F00001E000000000000088
:10D8D000000000000300000D0000110000610000C6
:10D8E000810803010807FFF80FFFF8000108000195
:10D8F000080000000000000000E007FCD006080857
:10D90000061008061008061008061838060FF0065C
:10D9100007C0000000000000000000003F8001FF81
:10D92000E0038430020818041008041008041008EA
:10D93000071810030FF00007C000000000000000EF
:10D94000000003C0000700000600000600F80607FC
:10D95000F806180006E000070000060000000000BE
:10D9600000000001E1E003F7F00634100418080499
:10D970001808040C08040C0806161803F3F001C17B
:10D98000E000000000000000F80003FC300306384F
:10D990000402080402080402080404100308F00149
:10D9A000FFC0007F00000000000000000000000039
:10D9B000000000000000000070380070380070386F
:10D9C0000000000000000000000000000000000057
:10D9D000000000000000000000000000301A0030CD
:10D9E0001C0000000000000000000000000000001B
:10D9F00000000000000000080000140000220000E9
:10DA00004100008080010040020020040010080056
:10DA1000080000000000000021000021000021009B
:10DA20000021000021000021000021000021000051
:10DA3000210000210000000000000000000008009C
:10DA40000804001002002001004000808000410016
:10DA50000022000014000008000000000000000385
:10DA6000C00004C000040000080038080F3808088F
:10DA7000380810000C300007E00003C00000000070
:10DA8000000000003F8000FFE0038070020F1006DE
:10DA9000708804C088048308047F8802C090030152
:10DAA0002000FE400000080000180001F8003E08B9
:10DAB00001C20007020007E20000FE00001FC800CC
:10DAC00001F800003800000804000807FFF807FF0D
:10DAD000F8040808040808040808040808061808D8
:10DAE00003F41801E7F00001E0000000000000006E
:10DAF0003F8001FFE003807002001804000804006A
:10DB0000080400080400100600200780C000000080
:10DB100004000807FFF807FFF804000804000804E1
:10DB2000000804001802001003807001FFE0007F6D
:10DB30008000000004000807FFF807FFF804080849
:10DB4000040808040808040808043E08040008063D
:10DB5000001801006000000004000807FFF807FF3C
:10DB6000F8040808040800040800040800043E0043
:10DB70000600000600000180000000000000000018
:10DB80003F8001FFE00380700600180400080402D3
:10DB9000080402080203F00783F0000200000200FC
:10DBA00004000807FFF807FFF80408080008000051
:10DBB000080000080000080004080807FFF807FF35
:10DBC000F804000800000000000004000804000839
:10DBD00004000807FFF807FFF80400080400080421
:10DBE0000008000000000000000000000006000027
:10DBF0000700000104000104000104000307FFFE08
:10DC000007FFFC04000004000004000004000807F3
:10DC1000FFF807FFF8040C08001800003E0004C7D6
:10DC2000800503C80600F804003804001800000846
:10DC300004000807FFF807FFF804000800000800C8
:10DC4000000800000800000800000800001800009C
:10DC50006000000004000807FFF807800807FC00C8
:10DC6000007FC00003F80007C000780007800807A5
:10DC7000FFF807FFF804000804000807FFF8070092
:10DC80000803C00000E000003800001E000007008C
:10DC90000001C00400F007FFF804000000000000CD
:10DCA0007F8001FFE0038070060018040008040074
:10DCB0000806001803003001FFE0007F800000002C
:10DCC00004000807FFF807FFF80404080404000430
:10DCD0000400040400040400060C0003F80001F032
:10DCE00000000000000000007F8001FFE003807062
:10DCF0000600880400880400C806003C03003E01BA
:10DD0000FFE6007F8400000004000807FFF807FF1B
:10DD1000F8040808040800040C00040F00040BC0F9
:10DD20000610F003F03801E00800000800000001D0
:10DD3000E0F803F030063010041808041808040C4A
:10DD400008040C080206180207F00781E000000032
:10DD50000180000600000400000400000400080721
:10DD6000FFF807FFF80400080400000400000600A4
:10DD70000001800004000007FFE007FFF004001826
:10DD80000000080000080000080000080000080467
:10DD9000001007FFE004000004000006000007E098
:10DDA0000007FE00041FE00001F80000380001E059
:10DDB000043E0007C0000600000400000400000745
:10DDC000E00007FFC0041FF80007C007F80007FFC6
:10DDD00080043FF80007C004F800070000040000BA
:10DDE00000000004000806001807C07805F1C8000C
:10DDF0003E00001F800463E80780F8060018040056
:10DE00000800000004000006000007800007E0088A
:10DE1000047C08001FF80007F800180804E0080751
:10DE200000000600000400000000000100080600D9
:10DE3000380400F80403E8040F08047C0805F0081F
:10DE400007C0080700180400600000000000000080
:10DE500000000000000000000000003FFFFE200066
:10DE60000220000220000220000220000200000028
:10DE700000000000000008000007000000C00000D3
:10DE800038000006000001C000003000000E000055
:10DE9000010000000000000000002000022000023D
:10DEA0002000022000022000023FFFFE00000000D0
:10DEB0000000000000000000000000000000000062
:10DEC00000080000100000300000200000300000BA
:10DED0001000000800000000000000000000010029
:10DEE000000100000100000100000100000100002D
:10DEF000010000010000010000010000010000011C
:10DF000000000000000000000020000020000010C1
:10DF100000001000000000000000000000000000F1
:10DF2000000000000000000000F00019F8001B18BD
:10DF3000002208002608002408002410003FF800F2
:10DF40001FF800000800001800000004000007FF90
:10DF5000F80FFFF000181800100800200800200833
:10DF6000003018001FF0000FC0000000000000008B
:10DF700007C0001FF0001830002008002008002013
:10DF800008003C08001C10000060000000000000B9
:10DF90000000000007C0001FF00038180020080033
:10DFA000200800200804101007FFF80FFFF0000001
:10DFB000100000000000000000000007C0001FF07B
:10DFC0000012300022180022080022080032080047
:10DFD0001E10000E200000000000000020000020A5
:10DFE0000800200801FFF803FFF8062008042008B5
:10DFF00004200807200003000000000000000000CB
:10E00000000E000E6E001FF30031B10020B10020A1
:10E01000B1003191001F13002E1E00200E003000B1
:10E0200000000004000807FFF80FFFF800100800C8
:10E030002000002000002008003FF8001FF800002A
:10E040000800000000000000000000200800200878
:10E05000002008063FF8063FF8000008000008000E
:10E0600000080000000000000000000000000000A8
:10E0700003000003002001002001002003063FFEF2
:10E08000063FFC000000000000000000000000044B
:10E09000000807FFF80FFFF8000188000300002FB9
:10E0A000C00038F8002038002008000008000000F8
:10E0B0000000000000000400080400080400080735
:10E0C000FFF80FFFF800000800000800000800003B
:10E0D00000000000002008003FF8003FF800100892
:10E0E000002000003FF8003FF8001008002000006A
:10E0F0003FF8003FF8000008000000002008003F43
:10E10000F8003FF800100800100000200000200870
:10E11000003FF8001FF800000800000000000000A9
:10E1200007C0000FF0001830003008002008002061
:10E1300008003008001830000FF00007C000000091
:10E14000000000002001003FFF003FFF0010110011
:10E150002009002008002008003038001FF0000FC0
:10E16000C00000000000000007C0001FF0003818C9
:10E17000002008002008002009001011001FFF00E7
:10E180003FFF0000010000000020080020080020E0
:10E1900008003FF8003FF8000808001008002008B9
:10E1A00000200000300000300000000000000000EF
:10E1B0000000000C78001E1800330800230800211E
:10E1C000080021880021980030F00038600000002D
:10E1D00000000000200000200000200000FFF003ED
:10E1E000FFF8002008002008002008000030000090
:10E1F00000000000000000002000003FF0007FF859
:10E20000000018000008000008002010003FF8007F
:10E210007FF000001000000000000000200000302F
:10E2200000003C00003F800023F0000078000070F8
:10E23000002380003C00003000002000002000008F
:10E240003C00003FE00023F80000E0002700003E13
:10E2500000003FE00021F80001E0003E0000200047
:10E26000000000002008002008003838003E680048
:10E2700027800003C8002CF8003838002018002040
:10E2800008000000000000002000003003003C01F6
:10E29000003F830023EC000070002380003C00005E
:10E2A00020000020000000000000000000000038F6
:10E2B000080020380020F80023E8002F88003E08DE
:10E2C0000038080020180000700000000000000066
:10E2D0000000000000000000000000000800001422
:10E2E000001FF7FC300006200002000000000000C4
:10E2F000000000000000000000000000000000001E
:10E300000000FFFFFF000000000000000000000010
:10E3100000000000000000000000200002300006A5
:10E320001FF7FC00140000080000000000000000BF
:10E330000000000000000000000000002000003F7E
:10E34000FC007FFC000018000008000008002010FE
:10E35000003FF8007FF00000100000002A2A2A2A5F
:10E360002A2A2A2A2A2A2A2A2A2A2A2A2A2A2A2A0D
:10E370002A2A2A2A2A2A2A2A2A2A2A2A2A2A2A2AFD
:10E380002A2A2A2A2A2A2A2A2A2A2A2A2A2A2A2AED
:10E390002A2A2A2A2A2A2A2A2A2A2A2A0D0A00006E
:10E3A000C0E300080000002048030000C80900087E
:10E3B000B8E4000848030020404300005AB10008B8
:10E3C00001141EACF7FF1FE8042D107AFF1F0C2963
:10E3D000081620F4F01F503AF8044B907510C11243
:10E3E0000114FFFFFF02A1FF09A0A2013655804AD8
:10E3F0005D0545B864D94545902F5009B598D0586A
:10E4000002680A746573743030313130012231177B
:10E410002448014024081C402404041A400C2119FB
:10E420000C29084301401A2C201A2C201A2C201ADF
:10E430002C201A2C201A2C205A2C201A28201A287A
:10E44000201A28201A28201A28201A28205A282082
:10E450001A34201A3C201A34201A34201A3C201A6C
:10E4600034205A4020115A010101111201138C0469
:10E470001B209C041AAC041ABC041ACC041ADC0439
:10E480001AEC041AFC0441052004210421136551EF
:10E49000140839C33C08A008341C68A028081204DA
:10E4A0000224682D01020304041506070809AC7A4A
:08E4B000030A183914310000C1
:040000050800018965
:00000001FF
